service_type,day_of_week,is_weekend,hour_of_day,slot_booking_count,avg_hourly_bookings,avg_service_duration_minutes,historical_avg_wait,expected_wait_minutes
license,0,0,9,6,6,25.19,101.1,142.56
license,3,0,9,3,12,24.52,45.96,72.6
nic,5,1,15,5,5,14.93,50.55,72.33
nic,5,1,13,3,9,19.96,45.91,66.94
nic,3,0,9,4,11,17.89,48.89,68.44
passport,0,0,14,12,15,37.42,297.58,240
nic,5,1,9,7,8,17.6,83.24,108.54
passport,3,0,15,11,14,29.94,206.75,240
license,5,1,15,10,12,21.07,135.68,194.17
license,5,1,14,8,12,27.48,143.21,217.99
nic,6,1,11,5,10,22.42,67.49,101.5
passport,3,0,15,7,10,32.8,149.46,233.32
passport,5,1,14,5,15,23.09,96.04,135.26
nic,6,1,9,7,8,19.94,86.17,113.73
passport,3,0,14,15,16,39.81,385.28,240
license,4,0,11,9,13,20.38,117.96,187.14
nic,5,1,15,5,13,21.83,86.87,112.86
license,4,0,14,8,16,27.67,154.34,240
license,0,0,14,10,15,31.41,197.08,240
nic,1,0,14,7,15,17.45,76.38,138.88
license,6,1,10,9,13,21.01,120.98,183.27
nic,4,0,15,5,8,12.13,29.81,65.81
passport,3,0,14,9,17,32.76,192.29,240
nic,0,0,15,6,9,15.88,75.07,95.42
nic,4,0,10,7,16,11.78,50.47,95.65
nic,6,1,13,4,11,15.57,47.45,75.89
passport,3,0,13,12,15,28.71,214.46,240
nic,1,0,10,10,13,22.06,137.69,219.71
nic,6,1,9,0,9,16.78,5,4.36
nic,6,1,10,6,11,21.99,87.59,130.37
nic,1,0,13,12,13,24.28,183.13,240
license,6,1,14,12,12,20.07,158.61,240
nic,4,0,15,2,9,22.96,33.57,40.27
nic,0,0,14,9,15,19.24,102.63,179.54
nic,3,0,9,9,9,17.0,98.37,153.43
license,4,0,11,11,15,22.92,162.63,240
passport,1,0,15,7,10,40.46,176.01,240
license,0,0,9,7,7,22.89,109.14,157.28
nic,1,0,11,7,16,14.73,65.2,120.69
license,0,0,15,7,13,20.92,85.39,133.59
nic,2,0,9,10,10,19.82,134.22,193.03
license,5,1,11,10,10,23.9,157.51,224.15
license,3,0,11,11,14,31.61,242.38,240
license,3,0,14,13,16,24.1,216.5,240
license,0,0,11,7,12,26.39,125.01,194.98
nic,2,0,10,5,9,12.6,34.74,70.83
passport,4,0,15,13,21,39.21,314.88,240
nic,1,0,15,1,17,14.81,5,30.72
license,6,1,10,6,17,30.31,128.4,182.16
passport,2,0,11,8,18,24.68,130.33,210.86
passport,2,0,11,15,15,30.96,313.13,240
license,2,0,9,11,17,31.04,230.83,240
passport,0,0,9,5,9,32.97,98.81,157.44
license,1,0,11,9,17,25.18,132.92,221.93
license,5,1,15,6,7,15.14,67.21,91.89
license,6,1,9,3,7,20.68,37.34,53.06
passport,5,1,11,6,11,30.01,110.32,167.01
license,2,0,13,8,14,23.97,122.69,210.4
license,4,0,15,7,15,21.84,90.83,157.99
license,1,0,15,1,16,26.45,12.34,32.14
nic,5,1,11,7,12,20.96,96.28,127.4
nic,3,0,13,10,17,14.56,93.08,157.22
passport,1,0,10,10,14,32.04,194.54,240
nic,6,1,15,8,8,17.86,92.95,143.46
passport,1,0,13,7,7,23.92,97.78,178.79
license,4,0,13,7,17,19.59,99.68,153.26
passport,3,0,11,10,10,30.82,214.0,240
passport,0,0,15,9,13,35.11,201.16,240
nic,1,0,10,7,13,18.93,94.2,135.51
nic,1,0,13,12,12,22.39,176.14,240
license,3,0,13,13,14,24.17,188.56,240
license,5,1,14,7,14,15.87,65.84,116.58
passport,0,0,13,9,22,30.02,178.33,240
license,4,0,9,7,14,21.04,93.99,141.99
passport,1,0,13,12,19,29.94,241.32,240
passport,6,1,13,14,14,33.65,316.1,240
passport,1,0,15,16,17,32.97,343.39,240
license,1,0,10,14,17,28.24,251.82,240
license,2,0,11,11,17,23.97,167.44,240
nic,4,0,9,0,13,15.74,6.5,3.5
license,1,0,9,2,5,24.28,43.92,45.43
nic,6,1,14,11,11,14.38,95.89,160.76
license,5,1,11,10,10,19.74,128.83,177.02
passport,5,1,10,13,13,34.57,298.32,240
license,6,1,13,2,13,21.05,23.49,51.33
passport,3,0,10,17,17,26.8,292.58,240
passport,6,1,11,9,14,33.08,186.55,240
passport,4,0,9,4,8,31.73,82.94,126.93
license,6,1,10,5,5,16.91,55.78,77.94
license,1,0,11,10,11,20.71,127.68,200.78
license,4,0,11,7,16,22.99,110.03,166.24
license,4,0,15,5,13,26.56,73.54,132.71
license,4,0,11,14,14,22.92,215.82,240
nic,2,0,9,10,14,17.18,110.32,164.56
passport,0,0,9,4,9,29.62,78.88,127.65
passport,0,0,9,10,10,32.92,212.16,240
nic,6,1,14,8,10,18.06,104.14,143.49
license,1,0,14,12,12,29.97,230.64,240
passport,2,0,14,8,13,31.4,143.89,240
license,0,0,10,11,13,29.06,212.32,240
license,4,0,13,9,17,22.33,118.62,203.04
passport,6,1,15,9,9,28.14,165.89,240
nic,5,1,10,11,11,20.17,146.31,206.22
license,2,0,13,15,19,28.3,269.98,240
license,4,0,13,6,16,29.0,104.76,185.65
nic,5,1,14,7,10,17.57,81.32,115.93
license,0,0,10,4,14,26.19,65.55,102.25
passport,0,0,13,9,14,34.94,196.8,240
passport,3,0,15,5,13,26.52,94.11,141.32
passport,2,0,9,8,15,31.24,138.73,232.86
license,6,1,14,7,12,18.45,82.66,127.04
nic,1,0,11,8,8,15.21,67.63,121.2
nic,0,0,15,5,9,20.76,75.96,106.01
nic,3,0,9,5,7,16.15,58.55,76.19
license,2,0,13,14,14,24.2,230.34,240
license,5,1,10,11,12,21.57,156.29,219.12
license,2,0,9,6,13,11.38,29.04,60.33
license,3,0,11,9,9,29.9,161.59,240
nic,5,1,10,4,8,18.19,44.93,64.2
passport,3,0,15,4,15,26.39,80.56,128.88
nic,4,0,14,8,15,19.03,95.92,168.08
nic,3,0,15,7,12,17.7,81.77,122.81
license,5,1,13,4,5,28.75,62.07,106.71
license,6,1,13,10,12,23.22,161.2,238.74
passport,1,0,15,16,19,32.41,324.61,240
passport,0,0,9,8,10,33.21,167.34,240
nic,4,0,13,4,10,18.78,51.67,97.91
nic,3,0,14,6,16,21.48,83.62,151.47
nic,6,1,13,11,11,20.36,152.81,221.02
license,3,0,15,11,12,31.73,229.34,240
passport,0,0,10,8,17,30.24,169.14,240
passport,2,0,9,8,8,29.55,153.58,222.46
license,5,1,13,11,11,24.47,169.25,240
nic,4,0,11,6,9,12.26,39.56,64.37
license,0,0,15,6,9,19.09,78.28,116.78
passport,2,0,15,8,11,33.36,177.19,240
passport,4,0,14,16,16,31.67,344.28,240
license,6,1,11,8,12,19.76,114.68,158.14
nic,6,1,15,4,4,25.08,62.26,80.17
nic,2,0,14,13,16,20.69,174.79,240
passport,6,1,15,9,10,32.09,189.52,240
license,1,0,15,5,18,26.88,93.08,141.0
passport,0,0,10,11,15,33.99,242.93,240
passport,3,0,11,14,14,26.21,246.37,240
license,5,1,10,10,10,26.78,164.5,240
license,2,0,10,8,8,27.42,144.84,212.87
license,2,0,14,13,13,26.98,230.37,240
passport,0,0,15,8,15,37.55,197.8,240
passport,1,0,10,10,12,34.44,214.94,240
nic,2,0,10,5,13,12.77,37.58,86.53
nic,4,0,11,8,10,19.42,97.82,147.45
license,2,0,9,11,11,25.17,179.46,240
license,0,0,13,7,16,20.35,87.72,159.54
license,6,1,15,10,10,23.41,154.93,220.3
passport,6,1,13,8,14,30.99,152.73,240
nic,0,0,10,6,11,23.59,85.23,138.95
license,4,0,11,5,14,29.05,101.68,156.61
license,5,1,10,3,3,27.56,40.89,72.04
passport,3,0,15,12,16,30.03,227.56,240
nic,0,0,9,11,11,19.0,134.82,189.53
license,0,0,14,14,14,22.02,193.17,240
passport,6,1,15,2,14,33.05,41.53,65.92
license,1,0,10,8,10,30.01,165.77,232.03
license,1,0,13,14,20,15.04,141.46,221.59
license,4,0,9,3,6,23.66,44.32,63.94
passport,2,0,9,12,12,34.02,263.69,240
license,5,1,9,8,10,20.87,114.7,155.21
passport,6,1,14,11,11,27.29,202.62,240
nic,5,1,9,4,13,13.7,36.4,45.14
nic,2,0,13,14,18,21.87,190.86,240
passport,0,0,10,7,18,35.38,161.31,240
passport,2,0,11,12,18,35.21,270.82,240
license,5,1,10,1,10,24.54,13.05,21.38
nic,3,0,9,5,12,14.01,34.27,61.83
passport,2,0,9,1,17,36.58,40.91,39.37
passport,0,0,13,12,18,29.52,221.99,240
passport,6,1,11,8,9,32.29,164.77,235.92
nic,6,1,11,3,3,26.11,48.15,62.96
nic,1,0,11,9,17,18.37,95.81,170.74
passport,3,0,14,16,17,27.64,296.62,240
license,4,0,11,12,12,24.88,196.51,240
passport,4,0,9,8,10,33.26,170.8,240
passport,6,1,11,13,15,35.4,290.41,240
license,6,1,15,6,13,21.34,87.49,115.1
passport,4,0,13,4,16,25.05,69.6,130.2
nic,4,0,15,0,12,20.67,5,13.81
license,4,0,10,4,19,18.75,57.72,88.55
license,5,1,11,6,12,24.72,93.56,134.72
license,6,1,15,10,10,24.97,164.98,228.62
passport,5,1,15,1,9,30.21,18.78,23.08
license,3,0,15,9,9,20.38,106.04,175.73
license,0,0,15,3,9,19.82,45.48,66.52
nic,2,0,13,14,30,19.88,186.45,240
license,6,1,15,3,10,23.26,38.28,70.39
nic,4,0,13,10,15,16.03,93.71,180.07
nic,3,0,11,5,10,15.36,43.77,80.3
license,6,1,13,8,14,30.84,157.36,240
license,4,0,13,9,11,24.78,137.74,234.55
nic,6,1,10,7,7,18.0,93.35,124.36
nic,5,1,14,4,12,15.36,40.46,65.23
license,1,0,13,15,19,27.38,251.77,240
passport,4,0,11,9,16,44.86,261.08,240
nic,6,1,15,3,3,20.13,44.26,55.82
nic,6,1,15,2,3,19.07,26.09,28.34
nic,6,1,10,2,7,16.09,20.24,24.65
nic,1,0,13,11,11,13.72,112.16,173.11
passport,4,0,14,15,17,32.11,317.52,240
nic,4,0,13,11,15,23.49,160.47,240
license,4,0,14,11,11,32.07,231.37,240
passport,2,0,15,10,20,32.72,205.39,240
license,0,0,14,10,11,28.83,190.16,240
license,3,0,15,6,9,24.34,103.33,155.65
passport,0,0,11,12,21,34.62,265.45,240
license,3,0,11,12,18,25.32,193.91,240
nic,6,1,15,5,10,12.33,52.45,60.21
passport,2,0,10,4,10,32.11,92.09,129.38
nic,5,1,13,11,13,20.21,135.48,218.82
license,2,0,11,10,10,26.12,174.11,240
passport,0,0,15,11,11,35.2,251.61,240
nic,5,1,15,5,5,20.67,67.17,88.38
nic,1,0,14,8,9,20.06,108.49,169.23
license,0,0,14,8,17,27.59,137.5,237.35
nic,4,0,10,5,11,16.21,47.79,91.29
passport,4,0,13,15,18,30.96,303.81,240
nic,4,0,11,4,4,18.67,52.65,78.7
license,3,0,9,7,13,14.27,76.76,102.44
license,0,0,14,4,12,27.75,62.0,130.89
passport,4,0,10,8,16,33.85,185.11,240
nic,2,0,14,6,11,20.1,77.94,136.56
passport,5,1,15,6,6,32.55,118.13,180.99
nic,2,0,15,10,13,15.92,103.02,164.7
license,1,0,10,5,5,27.61,93.6,137.21
nic,2,0,10,12,19,19.49,171.21,238.65
nic,2,0,10,8,8,14.2,78.64,119.32
license,0,0,14,7,10,21.86,97.08,154.98
passport,6,1,14,4,21,34.04,105.51,160.9
license,2,0,15,9,17,23.27,134.79,217.34
license,2,0,13,7,15,31.26,134.93,232.45
license,0,0,10,6,14,25.56,110.16,156.52
license,6,1,11,11,12,23.67,162.18,240
passport,1,0,13,14,19,32.82,300.66,240
passport,1,0,10,8,18,23.41,120.8,187.69
nic,3,0,14,3,15,16.26,31.76,65.04
nic,1,0,14,11,12,19.03,119.52,214.55
license,5,1,13,8,12,25.67,136.17,206.6
passport,2,0,9,10,10,35.04,231.22,240
nic,3,0,14,5,15,20.55,56.84,115.46
nic,3,0,11,7,13,14.5,78.42,107.16
nic,4,0,14,8,14,24.14,128.59,209.67
nic,4,0,14,6,19,25.13,94.67,174.34
license,5,1,11,4,7,19.37,49.8,62.53
nic,2,0,11,7,7,10,33.15,62.23
license,6,1,15,3,5,23.43,57.31,72.43
nic,5,1,9,4,5,16.77,35.94,42.83
passport,1,0,15,9,18,31.2,177.56,240
passport,5,1,10,9,9,35.69,223.05,240
license,5,1,9,4,4,10.85,17.63,18.84
nic,3,0,14,9,11,21.13,125.37,192.11
license,6,1,15,6,14,27.12,104.05,150.49
passport,6,1,11,15,15,26.12,245.55,240
license,6,1,15,6,11,22.26,79.81,133.89
nic,2,0,9,5,7,24.15,73.57,117.62
passport,5,1,13,10,20,31.32,213.77,240
license,4,0,10,10,13,29.95,183.49,240
nic,0,0,13,7,17,17.09,73.81,153.73
nic,3,0,15,5,18,14.74,42.62,82.95
passport,2,0,11,6,8,36.42,147.61,206.02
nic,1,0,13,8,15,16.32,108.85,146.16
passport,6,1,13,11,19,34.3,240.49,240
license,0,0,11,9,10,35.74,200.09,240
nic,6,1,14,5,11,19.81,67.48,101.26
nic,0,0,15,8,9,20.86,106.07,160.98
license,6,1,15,11,11,22.3,159.12,229.24
nic,3,0,11,6,12,17.82,63.02,113.0
passport,2,0,11,7,12,31.73,151.9,223.45
passport,2,0,10,14,14,34.65,325.18,240
passport,5,1,9,1,1,30.1,23.74,21.38
passport,5,1,14,8,9,36.44,200.98,240
license,6,1,10,7,7,18.2,74.84,106.26
passport,0,0,14,11,22,36.87,268.03,240
license,1,0,10,7,17,26.02,122.01,185.17
license,3,0,9,6,6,25.38,96.32,142.71
passport,5,1,11,7,8,34.68,145.69,220.57
passport,5,1,9,5,7,31.64,121.25,135.12
passport,0,0,11,6,18,33.1,107.05,191.05
passport,3,0,13,9,12,36.27,206.94,240
license,6,1,11,14,19,22.37,206.17,240
nic,2,0,13,8,11,13.55,55.86,116.17
nic,3,0,11,9,14,22.82,123.88,211.07
license,6,1,9,6,8,25.49,92.18,129.15
license,5,1,9,5,9,19.38,66.71,84.6
nic,4,0,11,3,12,26.87,43.07,79.09
license,6,1,11,7,18,28.84,130.35,191.26
license,4,0,15,9,16,21.04,114.69,192.38
passport,5,1,15,5,14,30.64,91.85,142.47
license,3,0,10,11,15,21.25,148.12,221.66
nic,4,0,13,13,13,19.99,173.37,240
passport,6,1,11,12,17,35.53,279.44,240
license,4,0,14,11,15,25.79,174.37,240
nic,6,1,11,4,6,26.27,69.54,98.58
license,0,0,15,11,12,24.25,184.27,240
license,2,0,11,15,15,27.37,262.91,240
license,3,0,13,17,21,16.49,185.13,240
passport,0,0,14,10,21,27.04,185.86,240
license,4,0,15,6,13,22.12,93.12,142.08
license,5,1,11,4,10,31.42,92.9,119.21
passport,3,0,10,10,11,35.21,236.62,240
license,0,0,14,16,22,25.63,277.74,240
nic,3,0,10,9,9,17.86,103.44,153.34
license,5,1,15,6,17,20.44,78.95,118.63
license,4,0,13,14,15,22.29,224.61,240
license,3,0,10,9,14,25.12,150.05,229.65
license,2,0,11,8,17,21.15,115.82,159.21
nic,2,0,15,4,11,16.55,54.6,75.12
nic,0,0,13,6,16,18.52,72.61,133.57
passport,5,1,11,11,11,28.82,214.16,240
nic,1,0,10,12,12,15.09,115.11,188.36
passport,4,0,14,9,15,29.89,175.7,240
nic,4,0,10,8,8,16.72,88.85,136.13
passport,5,1,14,11,11,37.85,285.87,240
license,0,0,14,10,11,26.38,174.82,240
license,4,0,13,12,18,23.31,172.5,240
passport,3,0,10,6,22,26.51,108.4,168.71
license,2,0,10,8,12,22.39,123.57,189.62
license,1,0,15,6,14,32.03,135.33,187.38
nic,1,0,9,8,10,22.03,106.84,164.21
nic,0,0,11,4,10,19.71,35.65,83.42
nic,5,1,14,7,19,11.79,49.26,92.26
passport,1,0,10,10,18,33.47,221.4,240
nic,2,0,11,10,18,15.81,91.69,160.54
passport,0,0,10,8,24,29.25,161.78,240
passport,3,0,15,7,15,31.65,135.67,232.15
nic,3,0,11,9,15,15.26,101.1,135.72
nic,2,0,13,3,12,24.9,36.28,98.52
nic,4,0,14,11,19,24.36,176.34,240
passport,6,1,15,6,18,35.27,140.89,197.46
nic,5,1,11,6,15,16.47,50.45,107.21
passport,4,0,13,15,15,30.06,298.77,240
nic,6,1,11,5,5,10.63,24.69,44.41
license,2,0,10,10,12,23.04,161.73,231.17
passport,6,1,11,11,11,35.09,251.3,240
license,5,1,14,8,12,27.81,132.87,220.37
license,4,0,10,8,13,27.29,146.97,221.92
license,1,0,11,8,11,28.08,148.48,229.15
passport,0,0,13,11,12,33.1,237.66,240
passport,5,1,9,5,7,29.85,102.96,132.64
nic,4,0,10,6,15,11.05,46.47,73.36
license,3,0,13,8,20,25.01,133.53,226.39
passport,0,0,15,10,16,29.96,181.07,240
license,1,0,11,6,11,27.93,107.69,179.07
license,5,1,11,4,7,20.84,50.34,77.94
license,5,1,11,3,15,21.39,38.45,57.07
nic,2,0,9,8,14,13.85,71.45,113.81
nic,3,0,15,9,9,15.91,97.55,142.88
nic,3,0,11,10,14,16.73,109.55,169.47
nic,1,0,13,9,18,16.93,86.89,166.81
passport,5,1,13,8,13,38.64,203.54,240
license,2,0,10,11,14,18.93,136.67,202.01
license,0,0,14,14,19,25.7,227.02,240
license,3,0,14,9,15,28.13,163.54,240
nic,2,0,9,3,10,19.75,30.66,65.76
nic,1,0,15,7,7,16.05,70.26,102.85
nic,4,0,10,9,9,19.77,105.88,164.45
nic,2,0,15,6,9,23.03,99.01,139.22
license,6,1,9,8,12,22.81,120.09,165.52
license,6,1,10,11,11,30.31,223.13,240
license,3,0,13,13,19,21.31,174.49,240
nic,3,0,14,11,13,11.84,90.98,143.41
passport,2,0,14,16,16,31.3,312.63,240
passport,6,1,9,7,10,28.14,142.67,181.53
passport,2,0,11,11,11,27.44,191.33,240
license,6,1,9,5,13,25.6,83.95,115.01
nic,3,0,13,17,17,19.8,230.47,240
nic,6,1,11,9,12,20.09,127.8,178.9
license,1,0,9,4,11,23.09,54.48,83.13
nic,1,0,13,5,18,20.53,58.11,119.85
nic,5,1,11,10,10,16.12,106.78,156.76
license,6,1,9,6,10,26.31,100.22,146.35
nic,5,1,15,8,12,23.79,124.32,171.21
license,5,1,10,9,15,21.33,119.54,183.54
nic,1,0,9,3,6,21.38,40.1,62.1
nic,1,0,14,11,11,14.21,97.46,181.4
nic,6,1,15,7,7,15.98,69.49,93.74
nic,3,0,13,12,17,21.06,156.12,240
nic,2,0,11,12,17,14.53,110.16,173.53
nic,0,0,14,4,16,19.28,52.87,99.36
passport,4,0,11,8,11,26.64,144.83,219.4
license,1,0,11,11,14,24.81,196.42,240
nic,4,0,11,5,15,21.06,58.02,116.63
license,6,1,10,9,12,24.6,135.85,209.19
license,0,0,11,7,8,24.29,111.66,168.49
passport,2,0,14,12,12,31.2,242.91,240
license,6,1,11,7,8,26.92,118.23,166.86
passport,5,1,14,11,11,28.64,202.08,240
license,1,0,11,12,18,28.72,216.63,240
nic,0,0,9,9,9,22.52,128.36,194.35
nic,4,0,15,7,7,16.19,81.13,114.71
nic,4,0,11,6,16,22.08,91.49,141.59
license,0,0,13,13,16,22.44,204.74,240
nic,2,0,10,11,11,24.77,176.72,240
passport,4,0,13,17,17,31.45,337.52,240
passport,0,0,10,8,9,30.53,158.37,237.7
passport,0,0,15,6,18,31.04,126.13,198.86
nic,1,0,15,7,10,19.18,89.06,147.36
passport,5,1,11,3,13,27.85,49.69,74.04
license,4,0,9,4,4,28.1,73.58,108.53
passport,6,1,13,7,7,30.68,145.39,216.72
license,0,0,10,10,16,26.69,171.9,240
passport,6,1,10,5,13,33.05,104.63,157.81
license,5,1,14,5,19,25.91,82.56,141.69
nic,2,0,13,4,12,17.22,69.18,101.4
passport,4,0,15,10,12,31.45,215.83,240
nic,0,0,9,10,10,23.08,160.93,218.62
license,0,0,14,13,13,19.4,188.34,240
nic,5,1,13,8,9,22.18,103.42,183.44
nic,1,0,14,14,14,20.62,179.79,240
passport,1,0,11,10,17,30.45,214.22,240
nic,5,1,11,7,7,18.06,78.77,114.53
passport,1,0,13,13,24,26.43,221.51,240
passport,6,1,15,2,7,35.88,29.06,58.71
license,2,0,13,10,15,23.2,149.68,240
passport,4,0,11,8,16,16.25,88.13,136.8
license,1,0,11,4,11,23.45,47.42,100.37
passport,2,0,10,9,17,36.79,219.5,240
license,0,0,15,6,6,19.26,71.11,119.65
passport,4,0,11,18,18,32.99,396.17,240
nic,4,0,13,16,16,18.64,197.89,240
passport,0,0,9,1,14,37.0,26.49,43.37
license,6,1,11,10,10,27.75,177.51,240
nic,1,0,15,9,17,15.75,103.36,149.71
nic,5,1,14,5,5,18.65,55.08,89.26
passport,5,1,15,6,10,34.4,146.61,198.03
license,3,0,14,14,15,33.21,292.24,240
passport,1,0,11,14,14,29.05,269.18,240
nic,6,1,15,3,3,17.69,35.54,45.36
passport,2,0,9,12,12,30.77,232.28,240
nic,3,0,13,11,11,12.67,101.2,158.47
license,1,0,10,5,6,26.16,86.6,129.54
passport,0,0,9,4,18,32.84,88.06,149.29
passport,4,0,14,8,21,28.12,135.64,240
license,3,0,10,11,14,28.05,199.24,240
license,2,0,15,6,11,26.89,114.79,167.54
passport,1,0,9,5,14,30.37,110.03,149.81
nic,1,0,10,7,7,10,41.59,71.05
passport,3,0,13,13,14,29.51,243.2,240
nic,3,0,9,8,8,22.46,117.73,175.67
nic,1,0,15,7,9,15.22,77.56,118.93
license,0,0,13,9,16,20.21,102.56,188.99
passport,4,0,10,9,15,37.19,210.3,240
license,5,1,14,8,17,31.81,146.88,240
nic,1,0,10,10,14,22.27,144.13,230.42
license,2,0,11,9,20,19.29,120.08,185.46
passport,4,0,11,12,12,32.55,253.26,240
passport,0,0,13,8,19,36.18,170.17,240
nic,0,0,14,10,10,23.54,140.82,240
license,3,0,14,8,13,23.3,120.45,202.07
license,5,1,15,4,12,28.44,65.5,110.92
passport,2,0,9,8,8,38.05,192.11,240
license,5,1,9,7,7,21.94,112.37,140.3
license,3,0,14,7,13,21.96,103.5,180.16
license,3,0,14,14,14,21.66,196.66,240
nic,6,1,14,10,11,17.33,117.97,187.49
nic,1,0,9,0,11,17.1,5,7.72
license,0,0,15,5,15,24.74,76.25,125.66
passport,4,0,14,10,18,37.24,233.87,240
passport,0,0,10,8,19,26.47,138.9,220.42
nic,5,1,10,6,13,24.91,98.9,142.71
nic,5,1,10,6,9,17.69,68.77,108.54
passport,5,1,15,5,7,29.36,100.61,136.43
license,4,0,14,13,13,25.12,200.51,240
passport,4,0,15,7,11,30.16,128.82,203.4
passport,6,1,11,10,11,38.29,254.14,240
nic,4,0,10,12,12,19.75,143.8,225.74
license,0,0,15,4,8,24.06,69.35,96.59
license,0,0,14,9,9,26.37,166.24,240
passport,5,1,11,12,12,31.64,255.61,240
nic,2,0,9,1,10,17.21,5,28.54
passport,5,1,9,2,9,34.8,51.01,54.64
passport,2,0,11,7,12,32.98,151.85,223.72
license,0,0,13,7,18,20.98,100.74,163.05
passport,3,0,9,9,9,35.66,208.26,240
passport,1,0,11,9,16,30.08,182.26,240
nic,2,0,15,10,12,19.74,141.65,198.18
nic,1,0,14,8,9,19.71,94.27,168.67
nic,0,0,14,10,17,21.51,140.44,231.57
license,0,0,15,6,11,21.15,87.44,127.15
nic,3,0,14,7,12,19.51,82.75,146.44
license,4,0,11,13,13,26.47,241.46,240
passport,2,0,10,13,22,32.3,271.48,240
nic,5,1,9,13,13,16.7,133.36,203.86
nic,3,0,15,7,15,30.35,145.87,211.43
nic,0,0,15,3,14,20.88,45.07,75.29
license,1,0,10,7,7,22.14,111.91,153.87
license,5,1,10,5,5,28.18,80.52,123.02
passport,0,0,9,3,11,33.32,50.11,97.88
passport,2,0,10,10,19,33.15,220.36,240
passport,1,0,9,9,11,36.02,217.4,240
license,0,0,15,8,10,15.44,74.84,117.91
passport,2,0,13,17,19,37.5,403.25,240
passport,5,1,9,9,14,35.79,224.36,240
license,5,1,10,4,18,27.04,68.54,105.65
passport,1,0,9,4,4,37.98,97.67,146.63
passport,6,1,13,6,7,36.68,151.1,232.32
nic,0,0,13,12,17,15.57,113.65,197.2
license,3,0,11,4,8,28.7,65.79,117.44
passport,0,0,13,9,15,32.53,189.59,240
license,4,0,15,5,9,29.9,95.53,144.43
license,4,0,9,10,10,26.64,161.43,240
license,3,0,10,11,11,25.34,180.98,240
passport,6,1,13,8,14,30.85,154.49,240
passport,0,0,14,12,22,29.6,234.22,240
passport,0,0,13,13,14,32.66,264.33,240
nic,3,0,13,13,14,21.25,166.97,240
license,4,0,10,8,10,20.35,97.74,168.86
nic,6,1,13,5,16,12.86,34.33,68.81
nic,6,1,15,8,9,21.6,122.26,150.82
passport,4,0,14,10,18,35.71,226.49,240
passport,0,0,11,6,13,30.35,125.6,182.93
passport,6,1,10,8,10,24.15,134.94,188.51
passport,3,0,15,6,9,29.48,115.7,174.92
license,0,0,14,15,15,19.26,188.81,240
license,1,0,15,7,12,22.28,95.38,148.43
passport,4,0,13,8,19,30.93,155.18,240
passport,3,0,10,12,18,36.15,289.22,240
license,4,0,11,7,7,22.2,97.05,147.92
passport,5,1,10,6,17,31.32,131.3,183.02
license,5,1,11,6,6,19.11,70.49,110.86
license,5,1,14,6,10,31.56,126.57,183.83
nic,3,0,10,9,12,17.25,114.87,170.64
nic,6,1,9,4,5,14.88,38.73,42.87
passport,0,0,14,15,15,36.35,344.52,240
license,2,0,15,7,7,16.15,58.23,117.14
license,2,0,14,15,17,26.34,272.24,240
nic,5,1,15,3,7,14.29,16.73,27.14
nic,6,1,15,8,8,20.67,118.37,158.32
license,0,0,13,12,17,24.82,193.17,240
passport,0,0,11,3,16,40.9,84.32,122.17
license,4,0,15,5,9,30.7,96.82,150.88
license,2,0,14,10,17,28.32,188.02,240
nic,2,0,10,10,16,14.05,88.07,149.15
license,4,0,13,15,15,24.53,239.04,240
license,4,0,14,7,14,25.14,120.29,188.14
nic,3,0,11,6,11,24.31,86.95,136.61
passport,3,0,9,11,11,37.56,267.14,240
nic,1,0,14,5,12,19.38,73.92,119.33
nic,1,0,14,13,17,10.77,90.54,151.69
nic,5,1,15,8,12,17.16,92.21,140.77
license,0,0,14,12,18,16.08,118.1,210.27
passport,3,0,11,14,15,26.41,237.84,240
license,0,0,15,5,14,20.93,61.4,107.95
license,2,0,14,14,18,20.29,187.7,240
license,1,0,10,6,13,16.86,69.67,103.55
license,1,0,11,6,6,25.8,88.2,136.88
license,6,1,14,13,13,24.91,203.3,240
license,0,0,11,10,19,23.58,147.81,240
nic,1,0,10,5,13,25.46,84.48,135.19
license,6,1,9,9,9,28.45,166.11,228.96
nic,2,0,9,5,10,22.99,81.89,111.73
license,5,1,10,10,13,26.83,170.29,240
passport,5,1,14,10,16,36.23,242.66,240
nic,0,0,11,8,14,17.73,83.65,144.33
license,2,0,13,9,11,24.87,142.03,238.81
nic,5,1,14,9,12,21.89,113.11,196.26
license,0,0,15,13,13,24.35,203.75,240
license,4,0,13,10,12,27.03,177.11,240
license,6,1,10,5,8,26.12,86.69,111.11
passport,1,0,13,10,16,31.62,206.41,240
license,5,1,10,15,15,21.8,218.13,240
license,5,1,10,7,7,22.22,105.46,142.34
passport,1,0,9,7,8,27.79,128.49,179.69
passport,0,0,9,10,10,30.61,189.66,240
passport,4,0,14,6,13,30.34,110.63,197.71
nic,4,0,11,3,18,14.29,27.1,59.42
passport,4,0,9,5,9,31.97,105.52,155.3
license,2,0,10,10,15,18.09,108.77,177.03
passport,5,1,9,3,4,32.53,64.59,83.52
passport,0,0,10,14,16,34.99,327.97,240
nic,1,0,11,9,16,15.74,74.58,149.76
license,0,0,15,7,7,26.64,119.39,176.34
passport,1,0,10,8,17,27.26,145.85,210.98
nic,4,0,15,5,10,14.44,30.3,68.73
passport,3,0,10,9,17,33.7,203.17,240
passport,6,1,10,6,10,36.41,135.72,208.11
nic,0,0,13,6,8,10.74,41.51,79.25
license,5,1,13,5,11,28.73,96.02,149.22
passport,2,0,14,17,19,23.77,268.12,240
passport,1,0,11,8,15,34.07,172.11,240
nic,0,0,15,5,10,17.52,47.35,86.62
passport,5,1,10,7,8,30.5,142.31,197.27
license,3,0,14,8,12,26.4,131.61,210.61
passport,4,0,14,8,17,29.12,149.35,240
license,3,0,15,11,17,30.09,219.38,240
license,1,0,9,7,13,21.33,105.65,145.81
nic,3,0,15,3,12,18.06,46.37,75.67
passport,0,0,9,7,15,27.03,114.86,187.94
license,4,0,11,7,11,18.76,99.33,134.4
license,3,0,13,16,16,28.38,291.08,240
license,4,0,15,13,13,26.42,229.01,240
nic,1,0,9,11,11,15.58,117.79,161.21
license,5,1,9,3,12,21.54,40.47,46.7
license,2,0,11,11,12,21.93,153.54,240
passport,1,0,13,10,11,31.8,199.41,240
nic,6,1,14,13,13,20.02,159.52,240
license,3,0,10,1,13,13.81,5,23.8
license,6,1,9,3,8,18.78,46.1,48.83
passport,3,0,11,15,15,31.94,314.4,240
nic,3,0,15,7,7,15.64,69.48,107.1
license,2,0,10,11,18,22.02,165.38,240
nic,1,0,15,7,14,18.99,101.46,145.33
nic,0,0,9,3,6,12.73,14.56,24.7
license,0,0,13,8,17,30.62,149.37,240
nic,6,1,14,6,10,20.78,78.68,126.38
passport,3,0,14,14,17,36.42,320.78,240
license,3,0,11,9,12,23.43,139.64,217.98
passport,2,0,14,13,14,31.74,274.52,240
nic,3,0,13,8,15,24.02,113.99,210.72
passport,3,0,10,2,10,29.13,24.36,56.5
license,3,0,13,5,17,30.77,99.35,164.37
nic,1,0,13,0,13,20.82,5,22.21
passport,2,0,14,6,17,31.03,124.9,205.45
nic,6,1,11,2,10,14.57,21.18,21.45
passport,2,0,9,10,10,33.96,216.07,240
license,4,0,15,7,10,24.71,105.07,166.09
license,3,0,9,3,7,26.23,48.12,70.63
nic,5,1,11,3,12,10.8,30.88,38.58
passport,2,0,15,10,12,35.05,223.91,240
passport,6,1,11,8,8,29.7,155.93,223.94
nic,5,1,11,5,15,15.73,55.36,79.75
nic,0,0,9,9,9,24.48,147.76,191.83
nic,2,0,14,7,16,22.83,109.05,174.63
nic,5,1,11,5,10,15.59,49.85,77.07
passport,6,1,13,10,10,33.66,228.05,240
nic,5,1,14,9,15,14.14,74.38,124.94
license,4,0,11,7,17,21.52,98.41,159.08
passport,2,0,13,11,20,39.35,281.36,240
passport,4,0,9,5,9,27.7,90.26,127.45
passport,6,1,11,4,7,29.53,75.24,111.73
nic,1,0,15,5,10,14.04,41.12,76.18
passport,5,1,10,3,11,27.34,45.28,72.51
license,6,1,11,11,11,28.08,203.5,240
license,3,0,14,5,16,20.49,66.95,131.15
nic,1,0,9,12,12,20.03,155.28,231.3
nic,1,0,9,3,9,15.29,43.1,56.01
nic,2,0,9,6,14,10,51.98,70.17
nic,4,0,13,12,21,18.0,148.24,240
license,1,0,13,11,15,19.71,140.76,227.81
passport,5,1,9,0,7,26.04,5,3
license,5,1,9,7,7,18.95,92.82,122.37
passport,1,0,11,15,15,32.39,319.64,240
nic,6,1,11,4,6,15.96,42.41,71.4
license,6,1,15,2,10,22.8,32.14,43.52
license,2,0,15,9,15,25.38,154.1,236.52
nic,1,0,13,10,24,19.61,114.41,214.64
nic,0,0,15,4,6,22.46,58.39,91.62
license,3,0,14,9,20,24.95,150.74,236.82
passport,6,1,14,13,17,29.4,252.65,240
passport,6,1,11,5,10,32.77,97.13,148.69
license,6,1,11,1,11,21.08,11.58,9.38
license,6,1,13,9,17,24.23,137.14,219.34
passport,0,0,9,10,10,31.78,208.72,240
nic,1,0,9,4,9,11.14,22.4,37.12
license,4,0,11,6,15,24.86,96.69,152.28
nic,5,1,13,12,12,12.41,99.07,147.14
passport,6,1,11,12,12,30.67,231.94,240
license,0,0,11,11,14,22.17,158.06,240
nic,4,0,15,10,11,23.6,159.15,240
passport,5,1,9,6,6,29.15,102.6,148.11
nic,4,0,13,10,10,17.83,105.31,183.52
passport,2,0,14,14,16,27.29,258.15,240
license,1,0,14,12,12,22.9,166.06,240
passport,3,0,13,11,16,35.2,253.09,240
passport,0,0,11,10,17,31.73,200.79,240
license,6,1,11,10,10,19.3,120.98,184.83
nic,1,0,11,10,10,21.92,144.04,227.13
nic,4,0,13,7,12,21.14,99.49,156.06
license,5,1,14,8,12,22.38,114.99,179.46
license,3,0,9,8,8,19.84,117.37,143.07
nic,6,1,10,9,9,10.22,70.01,84.24
license,3,0,9,6,10,21.79,83.85,121.24
nic,5,1,15,6,19,17.82,69.68,98.72
nic,1,0,13,8,17,19.12,101.88,169.67
passport,2,0,9,7,7,34.54,152.8,217.54
passport,4,0,10,6,15,33.84,142.42,207.63
nic,2,0,13,7,9,26.13,128.99,200.82
passport,2,0,11,11,18,28.16,189.99,240
passport,4,0,10,12,12,35.32,276.76,240
nic,6,1,15,7,7,27.19,130.27,189.06
passport,0,0,11,7,14,30.18,135.69,211.2
nic,5,1,14,8,15,18.01,83.56,133.59
license,5,1,15,0,14,24.61,5,3
nic,0,0,11,9,17,17.4,110.66,167.18
license,2,0,15,8,15,19.29,101.34,157.69
license,3,0,10,12,12,21.83,153.51,240
nic,1,0,10,8,8,17.98,94.99,142.65
nic,4,0,11,6,15,20.04,84.31,123.06
nic,4,0,11,11,14,12.81,103.76,140.26
nic,4,0,11,8,15,16.3,87.47,135.59
license,4,0,15,4,10,20.17,44.88,79.0
passport,4,0,11,8,15,28.97,142.01,226.95
nic,2,0,15,5,9,13.32,60.72,91.28
nic,5,1,14,9,9,10,51.63,95.93
nic,5,1,9,6,7,10,31.94,47.15
passport,5,1,15,9,9,32.35,185.51,240
license,4,0,11,13,13,20.61,169.39,240
nic,2,0,9,5,5,12.55,40.63,56.03
passport,3,0,13,8,18,33.99,190.08,240
nic,2,0,13,10,19,18.79,127.31,213.65
passport,6,1,14,16,16,32.22,329.28,240
passport,6,1,9,1,4,31.25,12.44,21.31
license,4,0,15,7,17,19.05,77.98,136.05
nic,1,0,14,1,10,21.84,16.13,42.83
nic,2,0,13,1,10,20.04,17.2,34.55
passport,2,0,14,15,15,35.67,342.7,240
license,0,0,10,8,14,14.72,75.11,119.22
passport,2,0,13,15,17,38.77,367.72,240
passport,5,1,15,6,16,28.07,108.66,159.07
nic,5,1,13,6,9,16.29,51.1,105.61
nic,3,0,14,8,8,22.66,126.63,189.18
license,6,1,10,8,12,24.16,123.05,178.36
passport,2,0,15,14,17,39.76,362.47,240
passport,0,0,13,8,16,33.93,166.19,240
license,3,0,13,10,13,24.87,156.81,240
license,2,0,14,6,9,24.67,101.15,166.41
nic,6,1,9,5,5,11.38,31.59,52.9
nic,0,0,13,11,13,16.74,131.18,198.47
license,1,0,13,6,14,20.22,92.2,145.11
passport,2,0,13,13,13,32.81,274.8,240
passport,2,0,14,12,14,33.42,261.38,240
license,5,1,15,5,9,23.12,64.38,105.2
passport,4,0,11,5,14,37.22,107.88,173.35
license,4,0,13,6,14,21.48,84.01,138.11
nic,0,0,9,3,14,18.84,48.2,70.63
license,3,0,13,13,15,24.95,205.64,240
passport,6,1,9,2,7,36.45,46.99,59.13
license,2,0,11,6,16,31.32,118.4,193.46
license,3,0,13,15,16,18.49,169.12,240
license,2,0,13,11,11,23.65,153.92,240
passport,4,0,14,16,22,32.62,330.5,240
passport,0,0,10,10,15,37.58,243.12,240
passport,1,0,14,8,22,36.68,185.08,240
license,0,0,11,6,15,24.34,103.67,157.42
passport,1,0,9,7,10,32.78,150.19,222.3
license,0,0,13,11,13,21.53,161.7,240
passport,1,0,9,6,15,23.52,89.83,136.18
license,0,0,13,5,20,26.58,90.98,166.74
nic,2,0,13,11,14,16.8,121.46,188.89
nic,4,0,11,7,9,19.0,92.71,125.29
license,0,0,11,8,15,26.58,149.34,218.17
license,0,0,10,5,11,22.74,92.9,125.79
nic,0,0,11,4,9,15.62,36.65,66.11
passport,5,1,9,7,9,29.75,137.6,182.68
license,5,1,13,6,9,21.69,89.79,125.69
license,6,1,14,14,16,24.47,212.36,240
license,3,0,9,9,9,25.67,147.95,212.82
nic,1,0,10,11,11,21.41,148.93,227.73
passport,3,0,13,7,21,32.86,144.22,240
nic,2,0,11,7,10,23.89,117.59,171.11
license,0,0,11,6,9,23.17,80.83,139.91
license,1,0,13,8,17,26.09,125.82,221.29
passport,4,0,15,6,14,37.87,164.01,238.72
license,6,1,13,11,15,23.17,168.89,240
passport,0,0,14,12,22,36.63,286.76,240
passport,5,1,15,9,12,35.39,215.11,240
nic,5,1,10,1,6,18.97,5.82,6.16
nic,5,1,11,5,16,14.16,29.83,73.01
passport,0,0,14,9,28,32.6,187.27,240
passport,0,0,11,16,16,37.13,386.21,240
passport,6,1,9,6,9,38.2,143.47,209.68
passport,3,0,13,9,17,33.01,196.99,240
passport,6,1,13,7,21,43.4,195.4,240
nic,5,1,9,8,13,12.06,44.52,81.59
passport,6,1,13,10,18,28.18,193.29,240
passport,4,0,13,8,15,30.42,162.23,240
license,1,0,15,6,7,23.96,86.11,137.6
nic,4,0,13,9,11,11.92,71.15,129.05
passport,3,0,14,15,24,35.97,358.39,240
license,5,1,15,10,12,25.03,156.08,239.65
nic,3,0,13,10,10,17.64,113.81,180.6
passport,2,0,10,17,17,31.98,340.49,240
passport,4,0,10,10,10,29.42,187.84,240
nic,2,0,13,12,15,19.92,150.19,240
passport,0,0,15,11,15,33.6,236.4,240
passport,2,0,10,10,21,24.86,162.95,240
nic,1,0,14,7,15,17.07,52.25,128.81
passport,1,0,15,5,15,33.59,121.8,170.71
nic,0,0,10,11,11,19.02,116.74,202.47
license,1,0,13,9,11,23.61,147.92,221.02
passport,3,0,15,10,11,36.5,240.73,240
license,5,1,11,10,10,30.88,192.93,240
nic,2,0,15,9,9,15.76,89.5,136.67
license,4,0,10,4,12,27.46,71.1,114.35
nic,0,0,13,9,15,19.08,106.31,186.25
passport,2,0,10,14,16,37.03,340.73,240
license,5,1,9,4,7,22.05,59.95,71.6
license,6,1,15,0,5,28.9,5,3
nic,5,1,13,10,13,16.5,91.74,169.05
passport,2,0,10,10,11,35.67,234.89,240
passport,1,0,13,11,26,36.71,264.91,240
license,3,0,9,10,15,25.13,174.61,240
nic,0,0,9,3,14,20.76,40.75,63.15
passport,1,0,15,5,6,30.39,93.35,142.86
license,0,0,14,4,13,17.37,37.1,86.25
license,6,1,9,5,7,31.08,96.81,127.66
passport,2,0,15,10,13,33.27,227.8,240
passport,4,0,11,13,17,32.6,263.97,240
passport,5,1,10,9,10,35.79,218.95,240
passport,0,0,15,7,14,32.88,150.01,233.85
passport,0,0,14,11,13,28.31,216.68,240
nic,0,0,11,13,14,19.93,169.47,240
passport,5,1,14,5,16,36.24,119.73,186.42
nic,3,0,15,14,14,15.81,139.83,218.9
license,0,0,11,8,13,22.37,104.69,168.56
nic,6,1,9,8,10,16.92,86.07,121.18
license,5,1,13,10,10,33.75,215.51,240
nic,6,1,9,2,5,19.6,28.52,18.23
license,1,0,13,12,15,29.28,237.85,240
license,4,0,13,10,14,23.55,153.15,240
license,4,0,11,10,10,27.65,181.46,240
nic,1,0,15,7,15,18.17,87.62,131.35
license,3,0,14,6,20,22.27,88.36,149.7
nic,4,0,10,11,22,23.5,166.41,240
license,1,0,13,3,15,18.18,34.58,79.26
nic,5,1,13,5,10,19.18,61.09,97.72
passport,2,0,14,13,19,25.66,229.48,240
license,1,0,10,10,10,30.33,208.46,240
passport,3,0,10,6,14,23.45,91.94,147.56
nic,0,0,10,7,7,16.0,76.78,106.32
passport,1,0,10,11,18,30.07,211.71,240
license,1,0,15,6,14,23.47,93.29,140.82
nic,6,1,13,6,8,18.63,63.4,121.48
license,1,0,15,14,14,19.52,172.85,240
license,3,0,10,12,12,19.85,152.47,240
license,6,1,10,7,14,25.58,134.44,189.71
nic,3,0,9,4,13,19.12,49.96,75.39
license,3,0,13,12,12,27.82,222.4,240
license,5,1,13,10,13,23.34,148.43,240
nic,0,0,13,8,11,12.97,70.08,105.83
passport,6,1,10,4,14,29.1,77.57,106.57
passport,5,1,15,11,11,27.41,204.09,240
passport,5,1,14,8,8,30.13,157.45,234.66
passport,5,1,9,0,8,31.15,5,3
nic,2,0,11,10,14,22.56,158.12,232.83
nic,1,0,11,8,13,10,54.55,73.8
nic,6,1,15,2,9,14.49,26.42,23.06
passport,2,0,9,10,12,27.13,177.19,240
license,6,1,14,11,15,21.41,144.99,240
license,6,1,9,7,15,27.4,128.82,185.72
nic,0,0,10,15,15,24.1,218.66,240
license,5,1,9,3,18,21.94,41.69,56.67
license,0,0,11,11,13,24.78,182.05,240
license,5,1,11,5,12,21.84,65.33,93.37
license,3,0,13,7,14,26.01,119.55,192.56
passport,1,0,13,10,19,33.28,212.58,240
license,1,0,15,15,15,23.44,234.21,240
license,6,1,10,8,12,29.23,151.59,215.65
nic,4,0,15,8,14,18.76,93.25,156.71
license,1,0,14,8,23,20.12,109.94,188.83
passport,1,0,9,10,16,31.06,190.35,240
passport,3,0,11,15,15,37.93,369.38,240
passport,2,0,15,5,17,34.96,125.28,185.55
nic,2,0,9,1,13,16.34,11.79,28.37
license,4,0,10,10,14,17.3,113.57,177.87
passport,5,1,15,15,15,28.34,282.04,240
nic,5,1,11,4,4,21.81,49.61,75.98
nic,2,0,11,3,20,19.21,35.03,68.85
passport,6,1,13,6,11,39.03,160.47,234.41
passport,1,0,14,10,15,28.08,205.08,240
license,6,1,13,7,15,26.17,126.18,186.88
license,3,0,15,2,8,26.37,48.64,59.69
passport,6,1,14,12,12,36.83,285.46,240
nic,1,0,11,7,17,16.65,72.64,120.45
nic,3,0,15,5,10,17.24,56.89,83.01
nic,4,0,15,5,14,15.16,51.69,77.51
nic,2,0,14,1,13,17.25,10.58,46.43
nic,2,0,13,10,12,19.65,133.18,198.12
passport,0,0,11,13,13,37.52,321.7,240
license,1,0,9,5,8,22.46,79.26,115.05
passport,5,1,15,3,10,30.34,46.11,74.29
nic,1,0,14,8,20,10.33,63.18,111.8
license,1,0,10,11,14,19.09,129.18,193.85
license,5,1,14,6,6,16.27,72.29,104.75
nic,3,0,11,9,10,21.52,132.76,182.42
license,4,0,11,10,16,23.93,151.53,240
license,1,0,11,12,14,25.5,209.69,240
nic,0,0,9,7,7,19.84,91.28,133.47
nic,3,0,9,2,9,17.35,22.19,34.77
nic,6,1,9,6,6,20.08,75.34,100.36
license,2,0,14,11,13,25.93,172.48,240
nic,4,0,14,14,16,18.41,157.75,240
nic,6,1,14,0,17,18.17,16.0,15.01
license,3,0,11,8,10,23.12,116.84,190.66
passport,1,0,14,4,17,33.94,92.33,155.37
nic,4,0,10,5,12,16.48,65.99,98.11
passport,2,0,13,13,14,29.96,261.73,240
license,3,0,11,12,12,29.28,215.09,240
passport,1,0,9,1,15,31.96,27.56,42.61
license,5,1,9,7,10,20.27,71.48,118.5
nic,0,0,11,2,15,17.44,5,28.56
nic,1,0,13,9,10,16.8,87.99,158.14
license,3,0,11,14,14,24.82,218.26,240
passport,1,0,13,13,18,26.37,223.02,240
nic,6,1,9,6,6,18.01,74.93,100.2
passport,1,0,11,9,13,37.92,228.01,240
nic,2,0,15,2,6,18.06,9.42,31.22
license,4,0,9,7,9,15.96,80.14,105.81
passport,3,0,13,13,19,32.56,267.64,240
license,1,0,13,8,16,18.79,106.43,163.95
license,5,1,14,6,7,22.01,91.64,129.1
passport,2,0,13,9,14,28.96,157.2,240
license,0,0,10,10,15,20.83,135.3,207.93
license,2,0,13,12,16,21.68,174.92,240
license,2,0,14,8,20,27.11,143.65,232.26
nic,0,0,14,7,17,21.39,89.48,168.57
license,3,0,14,9,18,24.49,136.89,230.74
nic,6,1,13,11,14,15.57,119.44,178.83
license,2,0,11,6,15,23.49,77.35,128.35
nic,6,1,14,8,13,16.47,95.63,143.56
nic,5,1,14,3,13,20.03,52.17,78.35
passport,3,0,10,9,16,34.12,191.12,240
passport,1,0,13,16,16,35.23,353.39,240
nic,0,0,15,5,5,15.55,47.97,86.37
passport,2,0,15,8,8,30.87,161.55,234.4
license,5,1,15,8,10,21.12,111.21,158.35
passport,3,0,11,5,20,25.23,71.69,123.27
passport,6,1,11,6,9,28.72,107.16,161.74
nic,6,1,11,8,8,19.14,88.9,141.14
nic,1,0,10,8,12,18.8,91.51,141.72
nic,5,1,13,6,11,16.68,70.58,104.41
passport,6,1,9,8,8,28.17,155.34,219.15
license,6,1,10,11,11,29.18,204.58,240
license,6,1,14,14,14,23.91,234.2,240
passport,2,0,14,13,16,24.78,208.68,240
nic,1,0,9,9,18,15.15,90.9,132.49
passport,5,1,9,4,7,35.84,84.75,108.41
nic,2,0,13,8,8,28.35,150.18,225.2
license,6,1,9,1,5,17.43,11.99,12.34
passport,5,1,15,4,16,37.79,109.4,153.65
passport,2,0,11,8,21,36.0,187.7,240
nic,3,0,15,5,17,13.65,33.24,74.01
passport,3,0,15,10,10,35.99,230.6,240
nic,6,1,10,5,5,14.76,56.68,70.78
passport,5,1,9,1,9,26.29,20.59,23.28
license,1,0,9,3,13,23.35,48.58,75.8
license,6,1,10,10,14,19.01,125.42,176.89
passport,6,1,15,8,12,29.03,147.02,217.77
passport,1,0,13,13,23,25.25,217.63,240
nic,4,0,15,6,9,21.78,89.67,131.81
nic,3,0,14,15,15,19.34,195.06,240
license,0,0,9,6,6,27.85,104.38,154.25
license,1,0,10,7,20,21.56,96.75,168.41
passport,1,0,13,14,14,35.26,320.67,240
passport,6,1,10,5,22,33.97,111.2,175.36
nic,2,0,14,8,9,20.13,104.95,167.79
license,1,0,15,12,12,26.81,206.57,240
license,0,0,9,5,12,35.35,100.13,180.47
license,5,1,15,3,9,23.61,38.21,61.4
passport,5,1,11,12,18,34.43,269.84,240
passport,3,0,10,13,20,35.36,293.12,240
passport,0,0,10,2,15,31.27,48.07,62.13
passport,4,0,11,13,13,31.54,273.17,240
passport,6,1,10,2,8,29.19,31.43,50.19
nic,0,0,13,10,13,24.25,133.54,240
passport,0,0,13,8,21,27.36,143.14,240
nic,2,0,9,1,9,21.13,20.51,14.99
passport,4,0,15,6,11,36.81,141.83,211.84
nic,1,0,13,8,9,10.51,66.59,104.52
license,0,0,13,5,21,26.78,91.41,163.76
license,5,1,13,8,8,26.84,138.85,211.23
nic,5,1,14,10,10,17.25,99.19,176.43
nic,6,1,9,4,8,14.91,42.7,38.83
license,4,0,13,12,16,24.43,204.26,240
nic,1,0,13,9,14,14.78,86.65,140.56
nic,2,0,13,10,10,25.63,158.42,240
nic,6,1,11,5,5,17.63,64.14,75.42
license,4,0,13,13,17,22.26,191.88,240
license,2,0,13,9,12,18.83,105.97,167.21
license,5,1,15,4,9,15.94,48.13,56.58
nic,5,1,11,6,12,13.92,53.58,80.29
nic,0,0,14,11,16,22.88,170.17,240
passport,4,0,9,6,11,31.28,121.46,173.76
nic,6,1,13,10,11,17.02,103.97,168.1
passport,4,0,11,5,10,39.52,130.47,192.1
nic,5,1,14,7,16,17.3,79.33,128.98
license,3,0,13,10,11,16.47,117.66,178.83
passport,2,0,14,13,13,28.26,219.65,240
nic,1,0,10,3,13,18.17,56.56,71.03
nic,1,0,13,6,8,12.84,54.48,93.91
passport,6,1,13,7,16,35.36,173.73,240
license,5,1,13,11,11,27.38,187.58,240
passport,0,0,11,14,20,32.28,288.62,240
passport,5,1,14,6,10,30.83,129.19,180.41
license,5,1,13,8,12,25.41,142.54,208.79
license,0,0,11,11,11,19.39,140.2,216.57
license,3,0,9,5,13,29.46,87.32,142.26
license,1,0,14,12,12,17.84,129.95,219.46
passport,5,1,15,6,7,34.64,145.94,193.17
passport,6,1,13,11,11,29.65,207.48,240
nic,1,0,10,3,14,21.87,47.81,61.34
passport,2,0,10,10,16,40.2,263.18,240
license,0,0,9,8,8,25.68,135.04,203.21
passport,2,0,11,11,11,32.64,223.25,240
license,4,0,15,4,13,24.78,77.95,105.49
nic,0,0,14,4,8,22.13,63.68,100.8
nic,6,1,10,6,11,16.76,63.11,99.54
license,3,0,15,9,10,19.15,123.2,178.1
passport,6,1,9,7,9,39.28,173.57,240
nic,2,0,11,7,7,15.94,68.16,109.94
nic,1,0,13,5,9,20.12,50.26,112.23
license,2,0,9,2,12,23.02,20.47,48.85
passport,6,1,10,9,9,33.61,214.22,240
nic,4,0,9,14,14,20.48,170.8,240
license,5,1,14,7,16,19.44,85.59,147.81
passport,4,0,14,15,15,29.44,288.84,240
license,3,0,15,7,7,30.04,128.47,193.62
passport,0,0,9,4,10,30.4,62.88,104.14
nic,0,0,14,8,8,16.45,85.75,139.62
nic,6,1,14,5,9,18.97,48.92,97.51
nic,6,1,11,6,9,22.75,98.3,136.96
nic,3,0,11,8,11,16.44,90.47,134.95
license,5,1,15,2,4,22.88,25.88,39.17
license,4,0,15,10,15,23.85,151.26,232.76
passport,3,0,9,7,13,35.35,157.85,239.2
passport,1,0,13,12,18,30.2,228.28,240
passport,4,0,13,9,9,21.83,120.44,189.29
license,3,0,10,10,14,23.49,148.6,228.96
nic,5,1,10,0,8,18.28,5.66,4.78
nic,4,0,13,11,15,16.8,129.55,206.18
passport,2,0,11,12,12,32.63,261.21,240
nic,2,0,11,9,19,15.96,93.65,144.35
passport,3,0,14,16,16,36.08,371.15,240
license,6,1,14,9,13,19.57,104.24,174.0
license,2,0,9,5,11,18.38,54.82,90.5
passport,2,0,14,16,18,28.98,303.65,240
nic,4,0,15,8,12,11.99,58.53,97.99
license,0,0,10,12,12,24.48,170.88,240
license,0,0,9,6,7,19.87,83.73,113.62
nic,1,0,15,9,9,22.26,135.23,195.35
passport,6,1,9,9,9,34.13,209.35,240
passport,2,0,9,8,12,33.1,176.0,240
passport,3,0,15,10,16,36.83,238.54,240
nic,2,0,13,10,14,20.42,128.88,227.34
nic,1,0,10,6,12,12.69,36.14,77.51
passport,0,0,11,13,16,28.16,243.03,240
nic,2,0,14,10,19,16.64,108.4,192.58
nic,2,0,14,8,14,16.23,80.33,150.48
nic,6,1,10,6,6,17.02,73.83,90.69
nic,6,1,13,11,11,16.61,114.79,195.12
passport,4,0,11,13,17,28.69,235.7,240
license,6,1,14,7,14,22.51,101.77,170.12
nic,5,1,14,10,19,17.94,118.92,194.89
passport,5,1,11,2,3,31.16,34.34,46.52
nic,3,0,14,7,9,25.81,129.5,204.71
license,3,0,9,10,10,16.74,117.63,160.76
license,0,0,15,3,9,19.95,50.4,61.03
passport,5,1,9,2,14,33.76,37.23,61.37
license,0,0,9,11,11,26.18,181.87,240
nic,6,1,11,4,4,20.65,67.43,68.57
nic,1,0,13,5,14,17.78,45.31,103.49
license,1,0,9,8,16,17.58,101.23,137.14
license,1,0,15,6,11,18.04,66.39,107.72
license,1,0,15,10,13,21.4,136.65,201.94
nic,6,1,15,5,19,19.53,58.63,88.58
license,4,0,13,13,14,21.31,169.8,240
passport,2,0,9,5,9,27.94,82.11,138.26
license,1,0,9,6,14,23.61,92.34,140.36
license,6,1,9,6,10,23.83,85.47,110.84
nic,1,0,10,7,13,17.33,77.5,123.66
license,2,0,11,9,13,28.53,181.52,240
passport,4,0,10,15,15,27.03,254.26,240
nic,0,0,9,3,3,23.85,41.64,52.66
nic,6,1,13,11,12,16.31,118.16,183.98
passport,3,0,9,8,8,29.23,161.28,217.27
license,0,0,13,6,19,28.05,101.78,176.46
nic,3,0,14,15,15,20.31,206.62,240
nic,4,0,10,9,10,14.26,83.0,121.16
nic,1,0,10,8,12,16.65,83.35,140.62
license,6,1,11,5,18,24.36,74.71,116.26
passport,0,0,14,14,14,28.89,271.8,240
license,6,1,9,3,9,26.68,68.68,74.07
license,3,0,15,5,10,19.81,58.85,88.94
license,2,0,14,9,18,30.46,188.2,240
nic,5,1,10,4,8,13.8,37.98,56.12
passport,6,1,15,5,13,32.21,103.86,158.34
license,0,0,10,9,12,26.55,143.62,226.67
nic,0,0,10,8,14,22.79,110.1,176.92
nic,1,0,9,9,10,20.79,133.77,190.26
nic,3,0,15,8,9,21.14,107.26,167.18
license,1,0,14,15,28,22.0,226.59,240
nic,0,0,10,9,10,19.83,125.17,178.51
passport,5,1,10,5,17,28.77,80.1,129.06
passport,6,1,10,7,13,34.3,140.48,231.83
passport,1,0,15,3,17,34.21,65.19,108.43
license,3,0,15,8,8,21.51,111.26,167.53
passport,5,1,13,5,8,32.87,97.68,152.83
license,0,0,10,9,15,26.62,149.64,232.54
license,1,0,11,15,15,25.68,250.45,240
license,2,0,10,6,10,20.95,75.89,119.04
passport,2,0,11,11,13,33.7,242.13,240
passport,0,0,11,12,12,27.65,204.65,240
nic,2,0,9,5,5,16.97,52.4,73.38
license,6,1,15,7,7,22.27,98.68,148.22
license,2,0,9,3,10,20.77,25.01,72.34
passport,6,1,14,9,12,25.17,127.39,230.75
nic,1,0,15,5,10,13.46,29.77,65.83
passport,5,1,13,8,14,34.4,171.9,240
passport,3,0,14,10,19,32.41,215.46,240
license,0,0,13,12,12,21.77,176.85,240
license,4,0,11,6,12,24.77,100.59,138.59
nic,2,0,14,6,9,11.74,35.71,86.44
passport,0,0,14,11,13,34.97,240.31,240
license,2,0,9,9,15,27.29,173.1,240
nic,0,0,13,9,12,20.85,120.33,196.9
nic,2,0,14,12,13,21.36,162.33,240
passport,3,0,15,9,22,36.17,214.4,240
nic,2,0,13,11,11,20.84,157.8,239.59
license,5,1,13,10,11,24.48,160.94,240
passport,4,0,10,3,13,35.22,62.57,99.67
passport,5,1,13,7,9,38.31,176.41,240
nic,3,0,10,10,17,14.41,96.93,146.25
nic,3,0,15,3,13,17.01,37.57,56.8
license,4,0,11,8,11,22.73,101.13,180.31
license,0,0,11,7,14,24.87,113.9,171.11
passport,1,0,11,10,16,37.63,246.5,240
passport,5,1,13,6,15,28.83,116.38,179.48
nic,2,0,15,7,7,22.59,106.98,157.61
nic,3,0,11,15,15,15.95,159.17,240
passport,0,0,14,11,14,31.72,225.74,240
nic,1,0,15,10,16,19.29,127.99,205.54
license,6,1,14,5,6,27.18,83.53,133.18
nic,0,0,13,10,14,10,60.83,119.63
nic,0,0,13,9,13,20.59,109.54,208.13
nic,6,1,15,9,9,20.1,114.29,168.9
passport,2,0,14,8,12,35.67,182.27,240
nic,2,0,11,9,13,21.6,123.15,198.92
passport,1,0,9,6,8,31.15,119.8,181.54
license,3,0,9,4,8,17.11,53.65,64.8
passport,0,0,14,9,21,25.05,158.26,240
nic,5,1,15,4,5,25.11,58.1,87.26
license,4,0,13,7,18,24.59,122.47,197.55
license,6,1,9,5,5,30.1,98.33,122.44
nic,1,0,11,6,12,13.93,62.4,92.34
passport,5,1,11,13,14,34.61,292.98,240
passport,5,1,11,8,9,31.61,157.09,234.8
license,1,0,15,9,11,21.32,131.49,187.75
nic,3,0,15,13,13,20.37,174.35,240
nic,1,0,9,5,11,22.48,74.58,105.94
license,0,0,13,9,11,23.47,131.4,220.9
passport,4,0,13,13,19,31.46,271.79,240
passport,3,0,13,13,20,25.49,214.96,240
passport,0,0,13,6,15,32.73,133.27,209.23
license,1,0,14,10,11,19.72,130.17,202.55
nic,2,0,10,11,11,15.42,110.89,169.46
license,5,1,15,4,12,20.54,57.45,78.57
passport,5,1,14,6,20,35.6,142.96,221.68
license,1,0,10,9,9,24.89,132.37,209.34
license,5,1,11,11,11,18.52,144.1,191.55
nic,3,0,9,8,8,17.74,90.4,132.51
license,3,0,15,7,13,26.41,109.77,177.75
nic,0,0,9,6,6,21.49,79.79,108.5
license,1,0,13,7,16,27.64,122.39,200.34
license,5,1,13,4,8,24.14,44.59,95.5
license,6,1,11,6,11,21.09,85.59,129.51
license,2,0,9,12,12,25.52,199.09,240
license,2,0,15,5,9,25.05,83.08,129.43
passport,1,0,14,14,15,33.01,295.68,240
nic,2,0,13,10,10,21.22,146.74,229.55
nic,2,0,9,4,11,15.09,48.12,54.22
nic,0,0,9,6,7,27.92,101.73,146.7
nic,0,0,10,8,11,10,37.8,80.62
passport,6,1,11,1,9,29.79,16.32,19.36
passport,6,1,10,12,12,31.01,243.78,240
nic,0,0,13,11,16,15.05,116.92,173.18
nic,4,0,9,7,7,15.7,57.48,93.21
license,6,1,13,11,11,23.45,179.07,240
passport,0,0,15,9,14,33.26,187.93,240
passport,5,1,14,10,14,28.44,202.54,240
passport,5,1,15,11,11,31.28,228.72,240
license,6,1,15,9,9,23.94,142.01,197.17
license,4,0,13,12,18,28.41,229.43,240
license,5,1,9,7,17,31.79,162.74,217.3
passport,3,0,11,10,18,23.56,155.67,240
license,5,1,15,7,7,24.36,108.01,159.88
license,6,1,14,10,13,29.57,185.15,240
license,6,1,13,3,12,21.34,44.17,74.86
nic,2,0,15,6,9,22.87,85.47,139.54
passport,4,0,15,11,15,32.02,213.82,240
passport,2,0,11,12,12,36.14,290.31,240
nic,4,0,13,8,10,24.74,127.02,211.0
license,3,0,10,7,11,20.35,80.2,137.07
passport,4,0,15,5,23,41.51,132.45,207.6
nic,3,0,11,7,8,21.58,97.34,151.17
license,6,1,10,5,10,22.75,77.27,104.12
passport,5,1,13,7,20,34.01,152.28,240
passport,5,1,13,9,20,31.59,177.21,240
passport,2,0,15,13,13,30.27,254.71,240
nic,6,1,15,10,10,23.5,145.11,214.97
passport,2,0,10,11,21,33.94,253.61,240
nic,5,1,10,11,11,25.98,183.67,240
nic,0,0,11,10,11,28.6,193.16,240
nic,5,1,15,2,7,18.6,24.71,37.97
license,4,0,10,7,10,21.45,84.29,139.95
license,3,0,11,4,10,20.79,58.03,88.4
nic,3,0,15,5,6,23.16,76.77,110.74
license,0,0,14,9,16,28.18,159.61,240
license,1,0,9,4,15,27.22,63.21,98.8
passport,4,0,14,14,17,27.19,261.46,240
license,5,1,15,10,14,32.34,206.56,240
nic,0,0,14,13,13,19.13,171.8,240
license,1,0,9,1,6,34.91,27.57,27.89
license,1,0,13,10,20,23.16,150.57,240
license,6,1,11,5,6,18.54,54.51,63.27
passport,4,0,14,10,10,31.59,204.07,240
nic,1,0,10,6,19,23.24,87.76,147.51
nic,5,1,14,10,10,20.38,131.69,211.5
nic,3,0,13,11,15,12.51,95.02,154.1
license,2,0,15,8,11,21.53,103.83,175.47
license,4,0,10,7,14,28.26,128.18,206.55
nic,2,0,9,6,6,16.81,59.6,95.24
nic,2,0,11,8,9,18.95,92.43,162.36
nic,3,0,9,11,11,15.99,98.22,161.79
license,6,1,13,10,13,21.07,134.1,210.68
nic,1,0,11,9,15,16.69,90.23,159.89
license,4,0,14,12,12,21.41,163.6,240
license,1,0,10,4,8,28.5,86.26,121.82
passport,5,1,10,7,8,27.85,128.97,177.8
passport,2,0,13,14,14,31.18,288.86,240
license,6,1,9,8,8,23.33,124.53,176.89
nic,1,0,14,11,19,20.33,136.57,233.68
nic,3,0,15,2,10,13.23,18.43,46.06
license,0,0,13,10,17,24.23,157.97,240
passport,5,1,14,9,10,31.32,163.63,240
license,5,1,14,2,16,25.15,41.74,77.69
license,1,0,10,14,16,14.16,127.16,194.86
passport,0,0,11,11,17,30.44,204.41,240
nic,2,0,11,6,12,23.65,92.39,133.44
license,4,0,9,11,17,20.67,149.39,221.91
nic,4,0,13,8,16,26.4,137.82,227.29
nic,3,0,13,12,15,22.64,183.2,240
passport,0,0,10,10,11,28.19,184.65,240
license,6,1,11,12,13,26.71,210.87,240
passport,5,1,13,15,15,31.51,303.47,240
passport,5,1,11,9,13,30.62,182.01,240
license,2,0,9,3,12,25.95,38.55,68.52
passport,4,0,15,14,20,28.44,255.85,240
nic,6,1,9,6,9,24.05,94.84,138.98
passport,4,0,15,11,18,32.23,229.78,240
passport,1,0,14,13,20,32.02,284.22,240
nic,5,1,13,0,12,23.94,5,4.68
license,4,0,10,11,20,22.43,157.09,240
passport,1,0,10,12,12,34.47,271.04,240
passport,4,0,11,7,7,32.74,157.27,231.52
nic,2,0,9,7,8,21.22,91.61,144.44
passport,0,0,10,11,15,31.91,222.64,240
nic,3,0,10,9,11,22.65,130.54,203.78
license,0,0,15,2,9,20.79,38.51,43.9
license,4,0,11,13,13,27.21,226.98,240
nic,1,0,15,7,8,10.45,38.42,70.31
license,3,0,9,5,14,26.28,78.32,135.27
nic,4,0,15,8,12,12.51,71.25,114.46
license,2,0,11,6,7,26.02,104.02,153.22
passport,4,0,14,12,14,30.42,257.98,240
nic,6,1,15,13,13,24.83,199.95,240
license,0,0,10,5,15,20.32,62.99,104.01
nic,1,0,14,8,14,24.05,135.32,201.79
passport,4,0,15,9,10,34.01,193.59,240
nic,0,0,14,10,13,19.13,134.25,217.1
nic,2,0,9,4,6,20.2,43.66,77.8
license,2,0,11,9,18,27.12,146.46,238.47
passport,4,0,11,10,16,35.0,213.85,240
nic,2,0,9,13,13,15.42,132.75,184.91
nic,5,1,15,3,3,17.74,45.8,43.52
passport,1,0,11,9,14,37.24,222.6,240
nic,3,0,10,7,7,20.72,101.61,138.94
nic,1,0,14,9,9,18.39,106.59,174.68
nic,1,0,13,8,11,20.62,113.84,171.12
passport,0,0,15,10,10,30.92,204.86,240
passport,3,0,9,8,11,36.53,173.61,240
passport,1,0,15,13,13,27.84,249.39,240
license,5,1,11,8,9,28.33,157.68,224.17
passport,2,0,13,8,17,33.12,168.22,240
nic,0,0,9,8,11,10.41,53.03,89.64
nic,1,0,13,14,14,20.46,182.04,240
license,3,0,15,12,12,25.86,204.87,240
passport,2,0,9,8,9,30.67,175.41,233.01
nic,4,0,10,10,16,13.11,78.15,139.77
passport,4,0,11,14,14,33.53,315.31,240
passport,6,1,15,9,9,39.14,212.09,240
nic,3,0,13,7,12,11.09,47.5,94.42
license,3,0,15,8,13,26.53,137.79,207.49
passport,3,0,15,11,19,31.08,219.37,240
license,1,0,13,7,17,19.18,85.19,154.65
license,5,1,13,5,5,22.83,76.31,110.98
nic,1,0,11,17,17,23.08,256.13,240
nic,2,0,11,6,16,11.47,47.54,74.44
nic,6,1,14,14,14,18.35,181.97,240
license,5,1,10,7,9,24.64,119.64,161.99
license,0,0,15,5,9,22.05,69.05,112.75
nic,0,0,9,7,7,14.91,70.83,102.61
license,1,0,15,1,10,17.71,13.9,17.51
nic,2,0,9,7,13,24.85,126.14,175.8
license,1,0,9,4,12,28.17,70.43,108.27
license,4,0,11,6,12,19.94,89.66,140.57
license,3,0,10,9,9,27.75,165.09,240
license,6,1,9,0,9,19.89,5,3
passport,1,0,9,9,9,32.65,194.61,240
passport,0,0,10,12,13,36.89,297.63,240
passport,1,0,14,13,25,32.1,274.61,240
passport,0,0,9,7,7,40.81,193.19,240
passport,3,0,14,13,23,30.36,235.2,240
passport,5,1,14,8,19,36.3,195.0,240
passport,3,0,14,12,16,35.21,284.92,240
license,1,0,10,11,15,18.55,133.19,202.0
license,4,0,15,5,9,24.51,71.0,123.66
license,6,1,13,10,17,25.57,163.78,240
license,4,0,9,10,10,25.81,167.64,240
passport,4,0,9,8,8,32.03,169.79,240
nic,2,0,14,8,14,20.96,121.41,186.08
passport,6,1,13,12,12,30.22,243.1,240
nic,2,0,11,3,16,19.82,36.56,60.65
passport,2,0,9,12,12,27.67,214.51,240
license,0,0,14,11,14,25.57,170.82,240
nic,2,0,13,8,15,21.39,118.34,191.26
passport,5,1,9,4,12,24.79,61.22,89.35
nic,3,0,13,10,14,21.39,128.01,240
passport,1,0,15,9,11,27.18,161.83,240
nic,2,0,14,8,18,19.06,85.4,175.7
passport,6,1,13,11,13,32.21,231.97,240
passport,5,1,10,5,13,32.76,100.9,156.49
license,3,0,13,5,13,23.55,91.58,150.04
passport,6,1,11,11,13,35.19,243.67,240
license,6,1,10,10,10,28.43,179.37,240
license,1,0,9,3,9,18.82,43.96,64.23
license,5,1,15,6,9,31.42,111.25,166.64
license,3,0,11,9,12,23.96,125.77,212.35
nic,5,1,13,5,6,24.45,82.47,127.22
nic,4,0,13,13,14,20.68,179.11,240
nic,2,0,11,14,14,10,90.79,141.06
passport,3,0,13,7,12,38.03,153.72,240
passport,0,0,10,7,15,29.75,133.81,204.25
license,5,1,15,7,7,25.25,101.64,149.06
nic,0,0,9,6,9,19.71,75.33,112.71
license,0,0,15,4,7,25.82,73.61,106.74
passport,1,0,10,11,11,37.93,281.58,240
passport,3,0,15,8,11,25.7,141.38,206.59
nic,4,0,11,7,17,14.95,84.18,125.97
nic,3,0,9,3,11,18.22,25.15,58.8
license,4,0,11,5,21,26.97,87.38,148.35
license,3,0,9,6,11,19.02,82.03,119.86
license,1,0,13,13,13,22.31,189.92,240
license,4,0,13,7,17,19.31,87.21,161.04
passport,1,0,9,10,13,28.3,176.18,240
nic,4,0,13,10,19,19.03,134.98,210.57
passport,1,0,10,9,12,34.65,217.09,240
passport,6,1,11,3,10,29.3,67.45,81.55
license,4,0,9,12,15,25.59,202.68,240
nic,3,0,11,10,14,16.58,119.26,178.64
passport,0,0,13,12,16,30.51,230.81,240
nic,1,0,11,14,14,18.16,155.29,240
nic,0,0,11,11,11,14.21,95.0,159.97
nic,1,0,14,13,14,18.16,148.86,240
passport,0,0,10,12,15,37.31,297.16,240
nic,0,0,11,10,10,12.39,66.29,122.65
passport,4,0,13,13,15,34.49,306.09,240
nic,4,0,14,1,10,24.59,24.85,44.41
passport,3,0,14,11,11,28.08,193.14,240
passport,5,1,9,7,7,34.62,163.42,220.09
passport,2,0,14,13,13,35.64,299.54,240
passport,3,0,10,10,14,33.21,211.61,240
passport,0,0,9,7,11,29.87,143.78,207.27
license,0,0,13,4,14,26.7,71.5,132.66
license,4,0,15,14,15,18.08,170.87,240
nic,0,0,13,11,11,18.1,125.79,209.65
nic,4,0,11,6,10,18.75,73.33,116.3
nic,3,0,11,4,19,25.66,76.33,117.52
license,0,0,11,8,12,29.96,163.9,238.73
passport,3,0,9,5,7,30.8,94.01,139.49
license,3,0,13,14,14,26.8,249.23,240
nic,6,1,9,4,15,27.72,80.34,96.59
nic,1,0,9,8,17,12.13,75.75,117.94
nic,2,0,9,5,16,24.22,85.09,126.21
license,6,1,13,8,14,26.88,146.55,227.69
license,6,1,13,12,12,19.5,146.22,230.65
passport,5,1,13,12,12,31.66,241.27,240
nic,2,0,14,11,15,15.44,100.91,172.18
license,0,0,9,7,9,26.78,122.31,180.6
nic,2,0,10,6,14,11.77,38.99,75.24
passport,5,1,13,6,7,33.66,133.88,205.0
passport,6,1,14,7,7,31.41,145.37,221.26
nic,5,1,11,10,10,21.56,145.46,206.41
nic,3,0,10,9,11,22.52,124.43,197.2
nic,4,0,9,5,11,14.61,52.61,70.56
passport,0,0,9,10,10,26.78,168.17,240
passport,1,0,14,11,22,30.09,214.69,240
nic,1,0,9,6,10,18.35,71.27,108.42
nic,2,0,10,11,11,14.7,109.62,165.69
license,2,0,13,15,16,30.75,296.02,240
license,2,0,15,10,12,28.67,180.24,240
license,1,0,10,3,12,25.39,56.09,95.96
nic,0,0,15,5,11,19.38,68.61,110.59
nic,4,0,11,10,17,16.99,104.42,172.81
nic,0,0,9,0,3,20.49,5,3
nic,0,0,11,9,13,14.59,77.93,132.55
license,2,0,15,5,12,27.72,90.72,138.01
license,6,1,14,2,8,24.31,20.25,49.46
nic,3,0,10,7,10,15.01,68.38,106.67
passport,1,0,15,1,21,36.79,21.16,52.69
passport,5,1,15,1,8,40.15,24.8,39.97
passport,2,0,13,17,17,26.88,296.17,240
license,4,0,15,6,16,19.97,81.46,138.01
passport,0,0,9,6,6,32.04,120.49,180.1
passport,4,0,14,10,13,30.29,210.82,240
passport,6,1,14,9,16,35.24,213.61,240
nic,0,0,11,12,18,19.04,139.3,235.1
nic,5,1,11,5,13,23.08,58.71,109.6
passport,1,0,9,5,11,34.15,100.44,147.05
nic,2,0,11,12,12,16.59,114.37,197.78
license,1,0,15,8,9,21.69,115.47,170.84
license,3,0,14,12,17,30.38,238.77,240
license,3,0,15,5,20,22.95,65.84,116.03
passport,3,0,9,9,12,31.52,184.75,240
nic,4,0,11,9,9,14.11,90.52,140.26
nic,6,1,13,3,14,22.24,30.16,74.15
license,3,0,9,8,11,25.9,134.35,189.76
license,3,0,15,5,11,25.24,81.31,119.15
license,5,1,9,4,4,14.32,29.28,47.03
license,6,1,10,12,12,27.28,213.69,240
passport,4,0,15,9,15,36.71,228.26,240
nic,3,0,9,6,11,14.24,59.37,86.14
passport,3,0,10,12,12,24.89,189.84,240
license,0,0,13,4,15,24.67,72.46,128.12
nic,1,0,14,9,9,14.73,87.16,137.64
passport,2,0,15,3,13,35.9,72.76,107.04
passport,1,0,9,7,13,27.95,133.92,200.64
license,4,0,13,11,23,26.31,196.86,240
license,3,0,11,10,13,16.05,104.26,165.61
license,3,0,14,16,20,26.25,265.38,240
passport,3,0,15,10,12,33.28,204.88,240
license,3,0,13,9,20,22.73,138.29,232.23
license,6,1,15,5,9,19.53,81.29,91.15
passport,0,0,9,11,17,33.2,238.74,240
passport,5,1,13,8,16,33.22,155.05,240
nic,5,1,13,6,10,13.83,64.06,95.42
nic,0,0,15,12,14,11.99,84.01,148.88
license,3,0,13,9,18,28.23,160.19,240
passport,3,0,15,9,16,35.85,222.21,240
license,0,0,15,6,13,23.55,96.15,146.47
nic,2,0,13,3,10,14.73,38.92,74.79
license,3,0,10,7,15,19.48,81.28,139.55
license,4,0,10,10,10,18.26,107.14,174.13
license,2,0,9,6,12,25.95,95.44,145.91
nic,6,1,11,8,8,17.57,88.49,139.46
nic,4,0,14,3,13,22.82,39.2,82.07
license,0,0,14,9,13,15.22,92.28,153.2
passport,3,0,11,11,17,39.97,290.82,240
license,2,0,15,9,11,16.77,98.69,144.43
nic,2,0,9,4,14,16.33,39.96,64.62
license,3,0,10,9,14,28.64,169.66,240
passport,6,1,10,5,13,32.18,106.74,142.77
license,4,0,13,8,8,22.76,117.5,191.53
passport,5,1,13,4,11,31.39,89.77,138.23
passport,2,0,10,6,22,32.13,128.81,207.67
license,4,0,9,7,10,23.96,106.26,149.17
nic,0,0,10,6,13,15.87,71.89,120.51
nic,4,0,13,2,11,18.27,29.13,59.42
license,1,0,13,8,8,30.33,148.22,240
passport,6,1,14,10,11,37.62,238.31,240
license,4,0,14,12,17,15.69,132.81,205.23
nic,6,1,14,7,11,24.53,113.5,179.77
nic,0,0,10,7,7,16.11,74.43,111.27
passport,4,0,13,11,13,41.85,313.84,240
passport,3,0,9,9,9,34.61,203.96,240
nic,5,1,11,9,16,19.33,129.29,168.25
passport,6,1,11,9,9,32.17,180.9,240
passport,6,1,15,4,17,29.1,79.24,108.01
license,5,1,11,11,11,18.92,137.65,190.22
nic,3,0,13,7,13,10,46.45,89.83
license,2,0,9,12,12,22.52,185.64,240
passport,5,1,11,8,13,24.86,126.06,185.77
license,5,1,11,10,10,23.3,151.97,220.59
passport,3,0,15,9,15,29.67,191.21,240
passport,4,0,14,11,18,34.91,261.94,240
nic,1,0,15,13,14,25.2,209.7,240
license,0,0,10,6,6,22.97,88.46,134.56
license,2,0,11,8,20,24.78,134.69,199.8
nic,4,0,10,7,13,13.51,64.78,101.6
passport,6,1,15,10,10,34.89,229.95,240
passport,4,0,11,8,18,29.39,145.46,240
nic,2,0,9,5,8,20.21,62.5,93.49
nic,6,1,11,1,9,12.73,7.73,6.75
license,0,0,15,10,11,20.13,134.08,200.63
nic,1,0,14,5,13,14.03,43.11,86.76
license,6,1,9,0,3,20.34,5,3
nic,6,1,14,6,13,18.3,85.03,116.93
license,0,0,15,10,12,30.49,203.72,240
passport,4,0,14,14,18,29.12,265.57,240
nic,4,0,10,6,12,13.96,50.69,85.99
passport,6,1,11,7,13,28.02,132.65,192.22
nic,1,0,13,12,15,18.2,141.11,238.24
passport,5,1,9,6,9,26.44,108.23,146.49
license,3,0,13,10,12,27.22,165.11,240
nic,2,0,11,4,8,19.22,49.88,78.81
passport,3,0,15,6,6,34.36,131.78,205.98
nic,5,1,10,6,6,20.04,69.52,106.14
license,2,0,15,8,9,20.85,99.58,164.84
license,2,0,9,7,14,28.61,133.06,188.91
passport,2,0,11,9,9,36.48,215.65,240
license,5,1,10,5,11,26.53,81.45,120.74
passport,2,0,13,13,13,35.12,292.48,240
license,6,1,9,9,9,25.72,154.68,217.33
nic,4,0,9,2,13,16.76,22.07,35.6
nic,2,0,10,6,21,14.12,58.93,103.06
nic,5,1,15,8,10,17.02,95.65,125.02
nic,6,1,10,11,11,20.78,153.57,226.49
license,0,0,11,11,15,27.01,180.63,240
license,6,1,9,4,4,27.8,68.4,100.92
passport,1,0,14,9,12,25.05,157.61,240
nic,1,0,10,3,7,18.49,41.24,53.19
nic,5,1,13,8,10,20.61,121.13,160.75
license,5,1,10,8,10,21.44,109.55,162.56
passport,4,0,13,14,14,29.85,265.92,240
nic,2,0,10,11,11,12.37,89.14,131.83
passport,0,0,10,8,21,37.35,194.43,240
passport,2,0,10,9,13,28.58,168.73,240
license,1,0,13,13,19,17.26,136.03,230.94
nic,2,0,11,2,11,18.29,21.0,43.13
passport,3,0,13,9,18,28.08,164.09,240
passport,5,1,10,5,18,30.52,106.86,148.42
nic,6,1,15,5,16,24.71,77.08,116.71
license,0,0,15,11,12,24.68,169.39,240
nic,5,1,9,9,9,17.56,104.21,144.79
license,3,0,15,9,19,27.04,154.36,240
nic,0,0,9,11,11,13.11,79.57,134.38
nic,1,0,11,7,14,18.42,77.84,130.85
passport,5,1,13,10,17,36.82,238.91,240
nic,4,0,15,6,6,24.54,97.37,131.9
nic,5,1,14,5,11,15.46,44.79,78.93
passport,3,0,14,11,13,30.23,217.08,240
passport,2,0,13,11,25,37.76,261.46,240
license,4,0,14,10,15,20.0,130.15,208.29
nic,3,0,10,11,11,17.58,126.85,185.96
passport,4,0,9,6,8,36.0,120.09,200.97
passport,4,0,10,11,18,34.04,248.5,240
license,6,1,10,10,12,18.41,126.58,177.28
license,4,0,14,9,14,24.23,136.84,218.74
passport,4,0,13,10,22,29.26,201.5,240
license,0,0,9,6,8,24.72,97.33,141.97
license,5,1,9,7,11,25.11,113.85,155.94
license,3,0,10,10,13,18.97,117.89,191.22
passport,2,0,15,13,13,26.53,222.62,240
nic,2,0,14,12,12,11.38,96.12,151.85
license,2,0,13,3,17,29.73,52.33,110.07
license,5,1,13,7,16,24.26,112.13,178.13
nic,2,0,15,9,16,14.51,83.2,142.2
nic,0,0,11,9,9,11.73,67.86,107.8
nic,2,0,11,10,10,15.05,94.37,145.06
passport,4,0,14,9,15,29.91,171.86,240
nic,2,0,10,8,13,19.55,91.47,155.56
license,4,0,11,6,19,22.64,75.22,130.58
nic,1,0,9,8,8,24.06,132.95,187.7
nic,2,0,9,7,10,17.2,69.67,112.6
license,3,0,11,7,19,24.23,118.23,180.11
passport,2,0,14,7,16,33.47,147.91,240
nic,5,1,11,5,5,13.69,41.05,59.86
license,3,0,15,4,11,24.74,58.37,105.5
license,2,0,15,4,14,30.42,66.46,124.18
license,0,0,10,11,11,25.74,190.93,240
nic,2,0,11,7,11,17.17,89.55,122.87
license,5,1,11,5,10,25.36,80.63,116.86
license,3,0,14,8,11,15.96,85.7,142.76
nic,2,0,9,0,4,13.88,5,3
nic,0,0,13,10,11,12.1,83.04,132.33
passport,6,1,10,13,13,26.59,218.76,240
passport,5,1,10,11,11,36.53,257.88,240
license,5,1,9,4,14,26.96,57.17,92.76
nic,1,0,13,13,15,16.46,131.48,216.48
nic,2,0,11,4,10,17.26,30.0,70.61
nic,4,0,13,15,18,18.7,185.42,240
nic,6,1,10,10,10,15.28,97.0,143.72
license,1,0,11,11,11,26.12,183.73,240
nic,3,0,15,6,10,21.15,74.9,123.12
nic,2,0,10,9,14,16.99,93.46,146.13
passport,6,1,15,7,7,30.91,138.76,196.57
license,3,0,10,7,12,22.91,97.19,163.08
nic,2,0,15,2,15,17.0,21.83,39.38
license,6,1,10,7,15,25.94,118.8,172.22
nic,3,0,14,7,11,22.62,93.54,156.72
passport,5,1,9,2,3,36.18,47.45,50.71
nic,1,0,11,12,12,22.21,173.89,240
license,3,0,14,7,12,17.88,90.32,143.23
passport,3,0,15,12,12,32.67,260.1,240
license,0,0,13,8,16,19.26,95.13,170.89
passport,4,0,15,11,16,31.06,235.24,240
nic,5,1,11,6,8,23.98,101.16,138.89
passport,1,0,13,13,19,32.01,275.51,240
nic,1,0,10,10,10,17.63,110.03,163.69
nic,3,0,10,6,9,21.74,79.99,120.54
passport,5,1,13,11,11,32.15,226.29,240
nic,3,0,11,12,17,13.57,104.81,161.27
passport,4,0,9,5,16,32.92,106.64,165.46
nic,2,0,11,7,8,24.29,100.26,157.5
nic,5,1,10,7,11,19.03,94.89,123.26
passport,1,0,11,14,14,37.56,335.62,240
passport,1,0,10,7,17,37.69,180.48,240
license,6,1,13,12,12,23.41,178.2,240
passport,5,1,13,13,13,29.99,246.06,240
license,5,1,9,6,6,19.63,69.2,99.6
passport,5,1,11,12,12,33.92,267.82,240
license,0,0,10,11,22,24.43,173.05,240
license,6,1,14,7,7,27.1,125.26,193.05
passport,0,0,14,14,15,29.19,262.13,240
nic,4,0,11,9,15,21.52,126.67,190.48
passport,5,1,9,3,5,31.22,65.36,84.93
nic,5,1,10,4,6,16.35,63.63,62.48
license,6,1,14,6,10,23.52,90.69,144.83
license,5,1,15,7,7,17.59,79.01,107.43
passport,3,0,13,15,26,33.37,324.86,240
nic,6,1,13,12,12,10,66.8,115.8
nic,5,1,9,2,4,21.22,28.16,21.2
license,5,1,10,6,16,17.06,55.81,93.95
passport,1,0,9,5,12,26.27,84.0,134.18
license,2,0,9,7,10,23.34,108.79,155.48
passport,4,0,13,16,16,29.32,290.79,240
nic,2,0,11,6,18,22.54,100.71,139.63
nic,5,1,13,7,10,19.02,99.11,127.96
license,3,0,14,11,14,23.94,161.35,240
passport,5,1,13,14,19,33.03,304.29,240
passport,3,0,9,7,7,31.55,119.37,195.11
passport,4,0,9,10,13,33.61,228.86,240
nic,6,1,10,7,7,23.01,103.36,145.23
license,2,0,11,10,13,18.4,113.34,174.7
license,6,1,15,5,14,17.83,67.87,82.45
passport,1,0,10,10,14,32.19,215.76,240
license,1,0,15,10,10,17.81,98.01,163.32
license,1,0,10,11,11,20.99,159.18,234.53
passport,0,0,11,9,13,27.72,153.54,240
license,6,1,15,6,6,27.07,111.77,163.29
passport,2,0,15,10,11,40.33,255.2,240
nic,1,0,14,11,11,18.72,114.56,198.19
nic,3,0,14,6,7,22.25,72.96,143.04
license,0,0,9,5,9,17.95,50.28,87.45
passport,6,1,13,12,15,31.6,259.15,240
license,4,0,15,12,16,24.68,191.5,240
passport,6,1,15,8,8,31.0,151.83,224.36
nic,0,0,10,5,15,12.48,28.14,61.67
license,1,0,11,6,15,30.09,109.94,181.14
license,5,1,9,6,6,25.63,100.17,124.49
passport,2,0,15,4,16,30.38,69.14,116.07
nic,4,0,11,5,20,19.34,51.2,99.85
passport,5,1,10,6,10,30.62,107.77,174.13
nic,1,0,14,13,13,21.8,182.96,240
nic,4,0,11,8,12,14.87,84.51,129.79
passport,4,0,10,7,20,31.01,133.04,215.17
license,2,0,13,12,12,26.38,214.29,240
nic,5,1,9,10,10,20.88,136.76,194.99
license,6,1,9,3,4,15.45,34.59,42.23
license,1,0,15,5,13,29.65,93.43,151.47
passport,4,0,9,6,21,34.83,127.67,215.37
passport,4,0,14,14,16,35.08,318.42,240
license,6,1,10,8,16,28.91,170.34,228.46
license,1,0,15,10,12,22.73,155.73,223.59
nic,1,0,10,8,18,16.2,84.76,138.81
license,0,0,10,8,8,24.59,124.24,191.94
license,1,0,14,6,15,17.08,58.8,127.93
license,1,0,14,14,16,18.81,170.93,240
passport,4,0,11,8,15,27.2,141.0,222.85
license,1,0,11,8,12,29.07,148.05,234.89
nic,3,0,9,2,18,15.65,21.22,44.21
passport,0,0,13,13,13,37.1,315.81,240
nic,6,1,10,7,14,15.91,81.29,113.88
license,1,0,14,11,13,20.88,152.16,240
nic,6,1,10,5,8,28.86,87.74,124.98
license,2,0,10,4,17,22.15,61.8,95.01
nic,2,0,11,7,7,16.63,81.96,108.72
nic,6,1,13,5,14,19.4,60.38,101.56
passport,6,1,11,13,13,33.63,296.45,240
passport,3,0,13,14,14,36.56,334.43,240
license,3,0,11,10,15,21.91,150.55,221.23
nic,6,1,15,2,2,24.46,30.16,33.0
license,4,0,13,11,15,21.27,160.38,240
passport,1,0,15,10,23,36.93,238.4,240
nic,4,0,11,4,9,14.7,40.92,55.41
license,4,0,11,7,12,21.96,101.94,143.92
license,5,1,15,4,16,27.6,66.88,108.56
passport,1,0,13,10,15,34.03,227.29,240
license,5,1,9,8,12,17.5,97.39,131.86
nic,4,0,11,2,16,18.44,33.26,52.42
passport,6,1,14,5,13,27.67,80.19,125.2
nic,4,0,10,5,14,10.62,49.93,74.01
license,5,1,10,7,7,21.08,98.62,124.57
license,1,0,15,10,10,26.22,162.59,240
license,5,1,13,10,10,22.48,156.88,226.16
passport,3,0,10,10,14,34.84,223.21,240
passport,5,1,15,9,18,39.55,223.72,240
nic,6,1,10,2,10,20.44,37.28,41.82
nic,6,1,10,0,7,16.37,6.15,3
passport,1,0,13,13,19,31.84,281.1,240
nic,1,0,13,14,20,25.94,238.61,240
nic,3,0,13,7,11,19.61,78.49,154.62
nic,1,0,14,13,13,22.85,202.39,240
license,2,0,15,10,16,23.88,156.08,240
license,2,0,13,10,16,23.53,153.2,240
nic,2,0,11,5,19,15.45,36.0,88.1
passport,1,0,15,13,16,28.53,246.85,240
license,2,0,9,6,11,26.34,98.88,149.96
nic,1,0,15,6,11,15.74,58.27,96.87
license,3,0,10,6,11,25.2,93.73,150.07
license,1,0,11,10,11,26.46,179.99,240
passport,4,0,11,14,15,32.16,301.53,240
license,6,1,10,8,9,20.13,112.22,148.95
nic,2,0,10,8,21,24.52,134.42,209.51
passport,6,1,14,3,16,32.06,62.23,93.11
passport,1,0,11,11,12,28.83,196.54,240
passport,3,0,15,11,11,35.38,259.81,240
license,0,0,15,6,15,26.28,105.35,160.56
nic,2,0,10,8,8,16.9,79.24,125.39
passport,6,1,10,6,10,35.42,146.13,209.91
nic,5,1,13,3,5,18.67,36.23,51.45
nic,1,0,13,5,11,22.68,66.4,126.25
license,6,1,14,0,18,21.01,5,8.93
license,6,1,14,10,15,22.33,149.94,224.38
passport,6,1,14,8,13,36.2,177.57,240
passport,5,1,9,11,11,31.54,226.78,240
nic,0,0,14,9,11,15.47,97.68,141.81
license,1,0,13,8,18,16.46,81.18,149.4
license,1,0,9,8,16,17.13,86.85,129.06
nic,6,1,14,6,8,20.2,88.09,124.09
passport,1,0,9,6,6,33.81,127.42,198.09
license,4,0,13,8,16,21.49,130.62,190.58
passport,3,0,14,18,18,29.88,350.46,240
passport,5,1,14,9,12,29.62,172.16,240
nic,0,0,13,11,17,23.72,187.69,240
passport,6,1,10,7,9,28.84,136.51,201.0
nic,1,0,11,10,15,17.2,101.3,169.38
nic,5,1,11,4,9,17.41,50.38,68.46
nic,6,1,15,4,7,11.12,34.54,31.76
nic,0,0,15,6,9,20.68,88.47,127.06
passport,0,0,15,5,14,36.37,109.6,183.28
nic,4,0,9,1,14,21.43,29.43,27.92
nic,6,1,15,1,9,16.76,12.02,21.59
license,5,1,11,10,15,20.78,129.43,204.74
passport,2,0,9,12,12,26.71,209.3,240
passport,0,0,15,12,12,32.42,242.86,240
license,3,0,9,3,6,26.69,32.93,65.31
nic,2,0,14,8,9,10.35,46.76,98.01
license,0,0,11,7,9,16.26,77.88,122.29
license,5,1,13,9,11,23.2,134.11,207.53
passport,0,0,11,15,15,30.98,286.62,240
passport,2,0,10,16,16,38.9,398.96,240
license,2,0,10,10,19,20.63,132.03,205.43
nic,6,1,13,9,13,15.17,78.97,131.76
nic,2,0,11,12,15,15.78,117.76,185.7
passport,1,0,11,10,17,28.37,179.94,240
passport,6,1,10,10,11,36.04,241.07,240
license,2,0,14,7,10,23.04,103.05,168.43
nic,5,1,14,11,11,19.34,134.68,208.1
nic,3,0,9,8,12,12.6,75.74,95.16
license,4,0,9,5,12,25.38,77.15,132.54
nic,3,0,10,16,17,10,104.17,169.55
license,6,1,10,8,13,31.7,161.36,233.05
license,4,0,14,10,15,26.4,163.57,240
license,3,0,15,8,19,19.28,111.11,159.95
nic,2,0,14,10,10,25.88,178.75,240
license,1,0,14,9,13,34.11,188.01,240
nic,6,1,14,3,11,21.67,35.77,54.43
nic,3,0,11,7,11,14.56,59.88,89.47
nic,0,0,14,12,12,19.84,161.97,240
license,1,0,9,6,8,22.99,79.47,136.69
license,4,0,13,8,8,26.86,145.05,228.36
license,3,0,11,4,11,21.48,64.94,103.71
nic,6,1,14,2,16,17.34,36.38,40.38
nic,5,1,11,2,5,19.31,26.35,27.98
nic,1,0,14,10,15,10,66.0,117.84
passport,5,1,9,5,10,26.89,94.47,117.58
passport,5,1,13,4,15,34.8,96.66,151.24
license,3,0,11,7,13,21.66,101.88,163.69
passport,3,0,9,7,10,31.88,127.24,196.69
nic,5,1,11,6,9,18.63,72.54,100.69
license,4,0,11,11,19,16.28,120.6,194.09
nic,4,0,10,9,11,17.05,95.51,150.08
passport,5,1,10,9,9,31.66,174.71,240
license,6,1,9,6,6,23.05,97.06,125.42
nic,3,0,10,11,11,10,88.02,111.99
license,4,0,13,11,11,23.28,163.88,240
passport,1,0,13,13,18,32.36,282.54,240
license,5,1,14,11,14,22.18,152.57,234.53
license,4,0,13,9,15,18.26,105.94,182.57
nic,2,0,15,4,12,18.76,49.65,87.11
license,3,0,11,11,11,24.11,169.57,240
nic,4,0,9,6,10,23.17,82.03,127.47
passport,5,1,9,5,7,31.73,101.44,142.99
license,0,0,15,11,11,21.52,153.12,226.43
nic,0,0,13,12,21,15.39,119.31,201.26
nic,3,0,10,4,9,21.76,58.77,92.86
passport,0,0,10,9,10,24.51,140.96,219.43
passport,6,1,10,4,17,34.12,89.94,133.56
passport,5,1,14,13,13,23.65,192.88,240
license,5,1,11,7,10,25.74,110.15,168.42
passport,2,0,14,10,23,32.4,223.79,240
nic,5,1,15,6,14,24.46,106.82,140.45
passport,1,0,15,9,13,38.04,229.84,240
license,2,0,11,10,10,24.28,149.82,238.29
nic,4,0,13,8,14,22.6,126.42,199.15
nic,1,0,9,7,7,18.57,70.04,118.14
passport,5,1,10,12,12,34.44,263.7,240
nic,6,1,10,6,8,20.29,79.54,114.79
nic,2,0,13,7,15,23.48,103.26,180.66
passport,4,0,9,8,16,28.72,160.31,234.72
nic,4,0,14,9,12,20.3,112.07,190.84
nic,5,1,9,1,9,16.21,7.23,10.67
nic,0,0,15,6,11,21.9,71.87,124.34
license,0,0,10,9,12,23.23,135.44,210.59
license,5,1,13,5,10,29.42,82.99,148.06
license,3,0,14,10,26,21.02,129.71,234.85
passport,1,0,10,8,13,38.31,206.93,240
passport,1,0,11,10,10,31.64,207.9,240
nic,3,0,10,11,14,14.85,113.99,166.47
passport,3,0,15,2,16,28.46,38.65,65.68
license,1,0,10,7,13,26.55,126.35,199.91
license,6,1,14,6,15,28.6,100.75,169.19
passport,1,0,13,13,21,35.67,296.71,240
license,3,0,9,7,13,28.52,122.27,196.82
passport,0,0,15,8,15,36.99,203.1,240
license,4,0,10,6,9,24.72,92.07,144.39
license,1,0,13,12,12,32.51,243.65,240
nic,5,1,9,5,5,25.95,85.2,122.34
passport,2,0,10,12,14,21.94,170.09,240
license,2,0,14,13,13,22.69,195.95,240
nic,1,0,10,13,13,20.51,169.85,240
license,5,1,13,7,8,25.75,112.22,188.41
passport,0,0,9,12,13,34.95,269.06,240
nic,4,0,15,10,10,13.14,89.19,132.69
passport,5,1,14,9,11,35.03,211.54,240
nic,1,0,14,8,17,25.43,152.55,227.74
license,2,0,11,4,10,14.53,47.2,70.43
passport,0,0,14,14,14,35.8,339.42,240
license,0,0,13,12,13,26.2,197.02,240
passport,3,0,13,10,19,37.85,245.66,240
nic,1,0,14,7,18,18.35,81.76,151.29
passport,3,0,13,16,18,30.81,313.59,240
passport,3,0,15,4,8,40.01,102.07,149.89
passport,2,0,11,13,17,28.59,228.82,240
nic,0,0,10,5,12,16.21,59.59,91.43
nic,4,0,10,9,9,18.66,109.24,170.6
license,0,0,10,3,4,18.84,47.82,59.0
passport,6,1,15,8,12,31.24,157.33,234.55
nic,5,1,9,3,14,18.17,35.7,48.85
nic,3,0,11,7,10,20.59,82.24,131.17
passport,2,0,15,9,10,24.84,150.06,222.93
nic,0,0,10,10,11,21.78,134.31,213.77
nic,1,0,10,9,15,12.53,74.42,125.19
license,2,0,14,6,17,24.6,101.9,165.04
nic,5,1,15,8,8,24.7,131.09,185.41
passport,5,1,9,2,3,37.96,55.9,60.43
license,5,1,9,5,5,30.25,108.95,130.28
license,5,1,9,1,5,22.42,21.41,13.79
passport,6,1,13,6,7,45.8,182.52,240
nic,5,1,11,1,14,14.79,22.35,25.41
passport,3,0,10,9,19,37.19,216.0,240
nic,6,1,11,2,15,20.26,32.5,32.41
nic,1,0,14,11,16,17.07,131.05,206.56
passport,2,0,10,13,15,28.71,261.42,240
passport,4,0,15,8,9,32.02,172.01,240
license,0,0,11,10,12,21.98,151.03,219.64
passport,6,1,10,10,11,32.32,208.4,240
license,2,0,15,5,8,20.01,59.3,96.05
license,6,1,10,9,9,31.76,193.83,240
passport,1,0,10,14,14,39.29,348.3,240
passport,6,1,11,3,7,30.22,56.36,84.05
nic,2,0,15,1,7,16.57,5,21.04
license,3,0,9,4,6,31.6,78.78,119.64
passport,0,0,14,7,17,39.81,168.37,240
nic,6,1,11,9,9,14.3,85.23,113.0
nic,5,1,9,2,13,15.77,20.99,23.7
passport,4,0,14,14,19,38.94,361.23,240
license,0,0,11,8,8,26.43,150.91,209.31
passport,5,1,9,11,11,34.58,246.69,240
license,6,1,13,11,14,25.91,182.83,240
license,3,0,11,6,15,26.0,99.37,168.37
passport,2,0,10,8,13,33.31,173.49,240
nic,2,0,15,10,10,18.64,114.68,184.48
nic,2,0,14,9,12,16.94,109.21,158.29
nic,5,1,15,3,7,13.43,30.13,33.69
nic,4,0,10,10,10,18.31,97.6,170.74
nic,3,0,13,12,12,16.64,124.74,204.34
nic,4,0,9,7,7,24.6,123.6,166.54
license,5,1,14,10,17,24.87,158.69,240
nic,1,0,10,15,15,20.28,203.07,240
passport,0,0,14,14,17,27.37,243.09,240
license,0,0,9,7,10,24.6,121.16,166.95
passport,4,0,10,11,13,33.38,249.9,240
license,2,0,11,5,11,25.44,87.21,126.68
passport,2,0,13,10,19,34.23,233.2,240
license,5,1,14,8,9,27.01,145.6,226.67
nic,1,0,14,13,13,14.64,121.65,198.14
license,6,1,11,6,11,20.37,72.07,115.44
license,0,0,11,7,20,24.58,115.32,177.11
license,3,0,15,4,22,22.07,54.51,92.55
passport,6,1,15,7,12,29.64,122.49,183.53
nic,4,0,9,10,10,21.08,134.13,195.01
nic,0,0,9,8,8,22.25,128.65,171.79
passport,0,0,11,9,15,33.1,176.66,240
nic,0,0,15,9,10,11.95,88.07,118.89
passport,1,0,9,11,15,23.98,176.09,240
nic,5,1,14,5,5,18.82,62.84,97.55
license,3,0,9,10,10,21.58,141.33,219.6
license,0,0,11,9,11,17.83,106.15,166.02
license,2,0,10,9,17,29.8,174.47,240
passport,4,0,15,5,10,32.21,106.13,159.58
passport,0,0,14,8,22,28.28,144.92,240
license,1,0,11,6,12,20.32,82.98,131.83
passport,2,0,11,13,19,36.61,301.67,240
nic,4,0,11,12,14,15.62,116.18,192.04
license,6,1,15,7,10,16.08,72.53,98.7
license,5,1,15,3,13,30.03,67.98,97.55
nic,6,1,15,1,13,26.94,5,14.56
license,0,0,11,8,18,21.63,115.41,183.08
license,6,1,11,4,10,26.0,60.98,100.96
passport,1,0,14,10,14,35.3,229.49,240
license,5,1,13,10,16,24.13,144.15,240
nic,3,0,10,3,17,14.89,24.36,63.73
passport,6,1,10,7,11,32.34,145.54,215.72
nic,6,1,15,6,11,19.33,83.37,109.58
passport,5,1,13,13,13,29.86,258.78,240
passport,5,1,14,13,13,28.66,251.5,240
passport,0,0,11,8,8,28.29,153.75,230.64
license,2,0,15,11,11,24.06,181.01,240
nic,3,0,11,7,11,16.98,64.74,122.87
license,2,0,10,7,9,21.27,92.29,153.53
license,6,1,13,8,15,26.09,135.94,218.66
license,3,0,9,2,5,23.94,28.54,36.84
license,5,1,15,10,11,22.51,137.5,213.08
nic,0,0,11,6,8,15.5,52.31,77.11
nic,1,0,13,9,13,19.17,97.83,189.42
nic,2,0,10,5,13,25.9,76.1,126.77
license,3,0,15,9,11,25.09,150.43,232.14
nic,3,0,13,8,9,22.61,127.25,194.91
license,2,0,15,5,10,28.19,93.41,141.51
nic,2,0,15,6,8,21.16,97.75,125.68
nic,0,0,9,8,13,15.78,74.58,127.19
passport,3,0,9,7,16,30.94,137.32,209.33
nic,1,0,10,9,13,17.82,103.1,171.79
nic,4,0,15,9,10,22.89,129.1,211.86
passport,1,0,13,12,14,27.49,215.86,240
license,5,1,14,10,12,22.81,140.4,214.69
nic,6,1,9,0,8,20.15,5,3
license,2,0,10,7,15,20.4,92.86,145.54
passport,6,1,13,13,14,35.61,297.55,240
license,1,0,13,6,9,19.33,84.21,126.61
license,1,0,10,7,11,24.62,103.59,171.32
nic,5,1,10,6,9,16.87,64.68,97.52
license,6,1,11,6,15,22.4,93.44,138.28
passport,6,1,15,6,6,29.26,109.64,152.19
license,1,0,13,8,20,28.87,148.59,240
license,2,0,11,8,16,20.19,107.53,180.32
passport,1,0,14,14,26,33.29,309.69,240
license,3,0,15,6,8,18.24,74.52,109.19
license,2,0,10,8,9,20.61,105.3,165.12
nic,0,0,15,3,10,14.73,28.93,58.04
license,6,1,11,9,15,21.0,122.96,176.37
license,3,0,14,10,13,26.58,176.48,240
passport,6,1,14,9,13,35.49,224.92,240
license,4,0,11,7,9,23.71,105.65,180.55
license,3,0,14,12,17,23.15,184.62,240
nic,0,0,9,9,9,22.97,132.76,206.94
license,5,1,13,10,19,23.49,152.23,235.22
passport,2,0,13,15,17,34.82,328.87,240
license,2,0,10,11,17,22.85,168.53,240
nic,4,0,14,4,15,18.26,37.52,86.14
passport,6,1,13,11,15,29.52,214.37,240
nic,2,0,9,2,14,18.12,8.97,39.15
passport,3,0,10,11,22,28.36,207.49,240
license,6,1,13,13,18,24.98,214.41,240
passport,6,1,14,9,14,28.04,163.66,240
nic,5,1,9,5,5,14.33,36.44,59.69
nic,1,0,11,6,14,16.13,46.21,88.12
nic,5,1,14,11,11,24.18,159.17,240
passport,4,0,11,10,15,28.0,185.38,240
passport,1,0,11,11,11,42.17,296.7,240
license,5,1,14,3,7,30.31,40.77,80.65
nic,5,1,10,10,14,21.38,142.06,205.61
passport,3,0,10,8,22,30.41,175.65,240
license,0,0,10,11,17,19.98,130.3,212.83
license,1,0,11,2,10,26.32,30.61,58.02
license,0,0,9,5,10,20.87,69.87,94.33
passport,4,0,11,10,12,34.73,223.26,240
passport,4,0,9,8,8,31.95,162.34,240
passport,1,0,10,10,20,27.3,187.81,240
license,0,0,15,9,12,29.72,173.95,240
passport,1,0,9,7,16,25.31,116.01,165.79
license,3,0,15,6,15,22.7,78.49,131.66
license,3,0,11,6,12,19.29,75.04,120.58
license,2,0,11,7,19,29.75,130.37,214.18
nic,2,0,13,9,14,12.76,79.14,140.82
license,1,0,15,13,13,20.13,180.86,240
passport,2,0,13,7,20,30.13,141.0,239.58
nic,1,0,15,13,13,16.44,147.37,218.06
passport,5,1,13,11,15,34.19,235.32,240
passport,0,0,11,12,13,35.01,271.89,240
nic,1,0,15,7,7,20.78,95.42,142.41
passport,2,0,14,11,11,33.38,238.1,240
license,4,0,9,10,10,19.61,131.37,185.38
license,4,0,14,7,24,28.31,135.92,219.06
license,5,1,13,7,7,28.19,138.92,201.05
passport,3,0,10,14,18,32.88,304.25,240
license,1,0,13,12,12,19.35,155.53,240
nic,1,0,9,6,8,22.57,96.25,134.31
nic,5,1,13,10,14,19.39,119.25,193.75
passport,2,0,14,8,9,28.98,153.52,234.91
license,2,0,14,12,19,22.99,169.84,240
nic,1,0,9,10,10,19.29,131.67,185.1
license,3,0,9,9,9,25.24,144.78,217.98
nic,1,0,13,11,21,12.88,89.01,155.22
passport,5,1,13,7,15,34.08,157.39,227.17
nic,6,1,11,7,10,17.39,72.06,114.42
passport,3,0,9,6,14,30.35,127.0,194.52
passport,4,0,10,10,10,36.36,233.84,240
nic,2,0,10,5,8,19.11,59.17,104.43
nic,4,0,13,11,11,18.08,143.55,212.2
license,1,0,9,8,9,31.67,181.76,240
license,2,0,15,11,11,23.5,173.62,240
nic,4,0,9,10,10,19.13,119.64,184.49
passport,0,0,11,13,13,28.94,229.64,240
passport,1,0,9,2,13,35.8,58.1,69.29
nic,5,1,11,6,17,19.56,70.01,104.64
passport,2,0,14,10,22,33.64,211.01,240
passport,5,1,11,6,13,36.31,140.97,205.03
nic,4,0,9,12,20,22.5,184.62,240
passport,4,0,10,13,14,27.81,243.25,240
license,4,0,15,2,7,25.13,41.44,59.71
nic,2,0,9,6,16,20.32,81.88,117.61
passport,3,0,15,14,14,34.84,310.4,240
license,3,0,15,3,8,32.17,51.39,90.09
nic,6,1,10,9,9,10,60.46,90.6
nic,4,0,14,14,14,18.09,166.11,240
nic,6,1,9,1,2,19.2,5.13,8.11
license,1,0,10,9,16,28.84,176.99,240
passport,4,0,13,19,19,27.81,336.3,240
nic,3,0,15,10,10,16.21,114.2,164.55
passport,2,0,9,4,14,33.18,77.5,137.84
license,4,0,10,4,19,20.47,54.29,97.79
license,6,1,9,7,7,20.48,89.34,128.42
nic,6,1,13,7,10,18.27,86.17,132.95
passport,4,0,14,12,16,36.4,274.37,240
license,5,1,9,0,2,24.11,5,3
nic,6,1,10,9,9,17.62,98.14,145.16
passport,0,0,11,10,10,24.28,162.0,239.93
license,5,1,11,8,13,23.89,128.98,174.47
passport,0,0,11,12,13,36.66,283.07,240
nic,6,1,9,5,6,18.46,73.86,85.08
nic,0,0,13,2,11,22.02,33.67,57.91
license,0,0,13,9,12,30.11,183.19,240
nic,4,0,11,10,10,10,49.63,86.5
nic,0,0,10,9,13,19.97,107.75,163.99
license,2,0,9,7,7,27.35,124.6,178.25
license,6,1,13,8,14,19.52,91.02,157.46
license,1,0,15,7,18,21.18,88.09,149.63
passport,5,1,11,8,13,31.67,164.89,229.59
passport,5,1,11,15,15,35.86,365.27,240
nic,1,0,9,3,6,19.61,41.13,35.56
license,6,1,11,7,15,28.99,134.47,186.84
nic,2,0,14,10,10,18.85,120.44,193.07
nic,5,1,11,14,15,10,88.02,145.07
nic,4,0,11,10,13,17.74,116.94,184.37
license,0,0,10,8,18,21.73,117.52,176.12
nic,2,0,11,7,13,13.31,55.68,98.65
passport,6,1,14,9,13,23.17,146.63,218.41
license,6,1,15,0,7,22.99,5,3
passport,3,0,9,11,11,29.35,212.71,240
license,0,0,9,7,9,25.49,108.38,170.36
license,6,1,10,8,12,25.2,124.86,182.2
nic,5,1,9,0,8,22.58,9.35,3
nic,3,0,9,2,5,10.59,5,10.5
nic,3,0,14,9,17,15.0,82.57,153.97
nic,3,0,14,7,9,20.77,93.16,164.73
nic,5,1,13,7,16,19.97,90.9,138.89
license,1,0,14,7,17,29.24,141.74,228.7
nic,5,1,9,5,10,19.48,64.2,72.33
passport,0,0,14,16,19,32.05,342.8,240
passport,0,0,11,10,17,30.87,186.8,240
passport,3,0,15,7,10,31.62,135.67,204.72
nic,1,0,13,5,19,21.7,61.35,112.18
passport,0,0,11,10,19,32.09,224.12,240
nic,5,1,13,5,10,20.53,70.93,107.95
nic,3,0,14,11,17,19.76,139.41,234.93
nic,5,1,11,10,10,17.44,122.44,163.45
nic,5,1,13,8,8,25.78,123.19,197.26
nic,0,0,11,7,7,16.83,70.65,109.29
license,3,0,9,2,19,27.87,49.62,74.7
passport,6,1,10,8,8,26.82,135.66,200.6
nic,5,1,13,4,11,17.95,53.56,79.87
license,6,1,14,5,13,21.44,70.29,113.14
passport,2,0,15,4,15,27.0,61.98,104.99
license,4,0,14,8,17,18.04,81.94,152.83
passport,3,0,10,15,15,31.05,293.41,240
license,0,0,9,5,9,22.99,75.99,103.29
license,0,0,9,7,7,14.09,60.08,92.81
license,1,0,10,8,13,29.31,153.19,236.38
license,3,0,10,10,20,29.03,185.99,240
passport,6,1,14,5,12,32.08,101.86,159.94
license,6,1,15,3,8,14.95,5,31.67
passport,2,0,9,11,14,34.87,246.38,240
passport,6,1,13,10,11,31.17,201.04,240
license,0,0,15,8,14,27.61,154.48,223.87
nic,1,0,10,6,11,19.37,64.99,117.83
nic,0,0,15,9,9,12.25,59.85,104.72
nic,5,1,9,9,9,15.96,89.83,128.61
nic,4,0,10,5,5,23.28,84.23,118.11
nic,3,0,10,10,11,15.71,99.25,147.41
license,4,0,14,15,15,32.3,313.29,240
license,5,1,14,16,16,28.27,301.17,240
passport,2,0,11,10,17,31.28,189.64,240
passport,6,1,14,9,11,32.38,176.97,240
nic,0,0,10,8,8,21.2,102.23,157.44
license,5,1,10,10,12,24.82,171.51,230.77
nic,0,0,14,11,11,22.45,164.99,240
nic,2,0,11,10,10,19.88,132.9,203.36
nic,1,0,10,7,10,20.59,100.61,139.48
nic,5,1,11,8,8,19.47,108.5,146.27
nic,6,1,9,6,6,15.11,44.07,69.08
nic,6,1,15,4,10,13.04,38.42,50.94
nic,3,0,14,8,12,10.84,40.95,101.74
passport,2,0,13,12,13,25.72,194.0,240
passport,2,0,10,15,18,27.77,264.58,240
nic,1,0,10,8,13,15.05,76.56,122.66
passport,3,0,9,4,11,33.22,87.07,122.39
passport,2,0,15,4,11,35.18,81.69,137.97
passport,3,0,14,14,19,33.41,294.88,240
nic,2,0,11,8,15,11.68,59.08,101.19
license,0,0,15,5,12,24.33,89.91,123.64
passport,6,1,9,4,9,25.12,80.39,88.25
license,1,0,10,11,14,25.96,186.8,240
nic,4,0,14,13,13,14.89,123.67,189.79
license,1,0,14,13,13,28.37,235.67,240
license,5,1,9,9,9,25.76,148.64,207.21
passport,4,0,15,9,16,26.64,150.68,237.42
nic,0,0,10,5,16,13.38,52.22,86.27
license,3,0,10,15,19,23.95,242.42,240
license,3,0,10,9,9,29.27,172.0,240
nic,1,0,13,10,10,14.59,102.18,162.32
license,0,0,15,10,15,25.97,163.31,240
passport,4,0,14,15,15,32.74,318.36,240
nic,4,0,15,9,9,17.98,112.32,162.42
nic,3,0,14,9,12,17.58,100.79,170.0
passport,1,0,10,9,17,30.63,179.89,240
license,2,0,14,8,20,21.76,116.63,195.91
nic,5,1,14,8,8,19.26,103.13,153.3
nic,4,0,10,8,13,15.98,74.69,134.3
nic,0,0,13,12,17,12.93,118.08,175.0
license,6,1,14,0,12,25.79,5,24.85
license,5,1,14,6,12,23.63,98.06,158.2
nic,4,0,9,4,12,10.74,23.23,41.7
license,3,0,11,9,9,25.08,146.15,225.75
license,0,0,15,14,14,28.46,250.84,240
passport,1,0,9,10,16,34.51,230.13,240
license,6,1,14,7,16,24.61,119.93,169.48
license,1,0,13,11,17,30.91,224.06,240
license,4,0,10,12,15,21.88,177.83,240
license,5,1,15,10,10,28.66,175.21,240
passport,5,1,9,6,6,27.99,109.55,138.31
nic,4,0,15,9,16,21.76,113.43,198.68
nic,1,0,9,4,8,11.58,40.66,58.3
nic,3,0,10,11,11,16.57,123.63,181.78
nic,6,1,10,6,13,22.02,88.6,120.43
nic,3,0,15,6,13,14.56,40.79,82.71
license,1,0,14,11,11,25.93,184.49,240
license,3,0,10,12,12,26.46,217.89,240
license,4,0,10,7,14,20.62,85.09,146.89
passport,3,0,15,10,11,26.88,182.05,240
license,4,0,15,10,13,15.64,93.26,154.2
passport,4,0,10,7,10,35.09,142.5,228.39
passport,6,1,14,6,11,32.64,120.71,186.32
license,5,1,15,5,6,17.95,60.45,78.51
license,2,0,10,6,12,16.64,78.01,108.85
nic,2,0,9,8,10,10,39.15,68.8
nic,1,0,10,12,16,19.0,142.88,228.95
passport,3,0,14,6,8,28.54,100.92,182.11
license,3,0,10,8,14,24.93,108.29,199.06
license,1,0,11,9,9,19.11,113.29,178.8
passport,5,1,15,5,8,32.37,124.77,164.85
nic,6,1,11,11,13,10.47,91.05,112.07
nic,1,0,15,4,9,25.1,67.96,104.58
passport,4,0,15,6,17,36.68,151.47,229.28
license,3,0,11,8,14,24.33,125.3,188.91
license,6,1,15,7,14,19.4,90.71,125.85
passport,6,1,9,6,11,31.47,132.67,175.82
passport,6,1,14,14,14,40.48,377.61,240
nic,3,0,10,12,12,12.6,97.33,157.51
nic,0,0,13,7,11,17.96,74.51,127.81
passport,6,1,9,7,9,26.58,119.02,165.91
license,0,0,15,10,10,27.96,184.1,240
license,1,0,14,14,14,23.1,208.37,240
passport,0,0,13,14,14,33.97,306.98,240
passport,1,0,15,4,18,29.45,67.08,118.42
nic,5,1,13,10,10,10.61,85.0,109.81
nic,4,0,15,8,10,18.15,92.69,153.27
passport,0,0,10,8,16,36.17,191.7,240
passport,2,0,15,11,12,35.5,249.74,240
passport,0,0,10,11,20,25.05,181.01,240
license,1,0,9,5,11,17.41,63.62,92.95
passport,3,0,14,11,13,30.36,221.14,240
nic,5,1,14,6,13,27.72,114.31,175.65
nic,6,1,13,5,10,19.14,65.7,96.09
passport,0,0,10,6,16,33.99,125.54,190.14
passport,5,1,13,7,12,29.88,136.47,210.89
nic,5,1,9,9,9,11.64,60.14,90.82
license,3,0,10,10,10,22.39,152.27,213.28
license,4,0,13,10,19,27.76,165.97,240
license,1,0,14,8,13,20.82,113.94,182.99
passport,5,1,9,1,9,26.53,14.1,3.99
nic,3,0,13,13,13,14.14,124.92,196.81
passport,4,0,10,10,14,32.35,202.54,240
nic,1,0,10,11,11,15.41,123.63,189.84
license,6,1,15,3,14,19.77,36.43,60.37
license,1,0,15,9,17,26.57,158.3,240
license,1,0,11,2,8,24.31,11.7,38.56
license,2,0,10,7,8,26.34,117.42,187.58
nic,1,0,10,9,11,17.49,104.15,150.93
license,6,1,14,5,6,26.6,85.19,127.92
passport,5,1,10,7,17,35.12,150.76,231.28
nic,2,0,11,8,8,19.5,87.32,152.14
nic,5,1,15,3,10,21.66,57.57,60.07
nic,4,0,15,9,14,26.6,148.14,237.16
nic,4,0,9,5,5,12.67,43.82,51.46
license,4,0,13,10,10,23.77,163.11,240
passport,4,0,14,15,28,37.58,369.13,240
passport,5,1,10,11,11,25.54,174.24,240
nic,5,1,11,6,6,17.5,61.14,90.18
license,0,0,10,9,12,28.91,170.42,240
passport,2,0,11,12,19,28.12,221.29,240
license,2,0,10,13,13,19.67,172.83,240
license,6,1,11,8,8,25.65,152.1,185.0
license,0,0,11,7,10,25.75,110.04,164.06
nic,4,0,11,7,7,22.22,118.43,146.93
nic,3,0,14,14,14,24.06,212.89,240
license,2,0,9,8,22,18.88,97.89,150.17
license,3,0,14,12,14,27.94,222.1,240
license,2,0,13,10,11,23.96,156.73,240
license,4,0,14,14,21,27.41,258.7,240
nic,0,0,10,3,11,15.24,26.6,62.17
nic,3,0,11,9,14,19.76,127.3,190.84
nic,0,0,10,8,8,23.57,112.88,170.2
license,0,0,10,10,14,19.85,128.43,200.05
license,2,0,10,7,7,31.59,156.15,219.89
passport,1,0,13,11,13,35.29,264.67,240
license,3,0,14,14,17,27.09,253.23,240
license,4,0,14,11,17,21.1,153.13,240
passport,4,0,13,5,21,35.48,107.32,185.42
license,3,0,11,11,12,26.31,180.86,240
passport,5,1,15,6,16,31.55,114.72,171.35
license,6,1,14,12,12,28.59,219.29,240
nic,0,0,15,5,12,23.12,86.92,124.57
passport,2,0,15,9,14,37.73,222.99,240
nic,5,1,9,6,6,18.38,72.04,92.57
nic,5,1,15,6,6,20.95,79.0,108.49
passport,6,1,14,6,12,20.83,67.75,118.25
license,1,0,13,10,10,25.79,149.41,240
license,3,0,10,9,11,30.56,159.71,240
passport,1,0,9,1,4,30.83,24.71,34.69
nic,5,1,10,7,10,18.68,89.23,123.77
passport,4,0,9,7,17,34.37,163.67,233.32
passport,2,0,13,14,22,31.14,283.78,240
license,5,1,9,8,8,21.85,116.75,162.17
passport,2,0,11,10,11,28.8,180.58,240
nic,2,0,10,12,12,14.76,117.03,169.27
passport,3,0,15,5,11,28.06,97.51,146.63
nic,5,1,13,10,12,21.95,144.56,226.57
license,5,1,10,11,11,33.8,237.5,240
nic,1,0,14,8,21,15.56,82.76,153.42
nic,0,0,15,5,12,18.96,59.1,96.04
nic,1,0,10,11,11,21.39,166.7,234.19
license,1,0,11,6,12,19.97,82.46,118.7
passport,1,0,10,6,16,28.91,122.47,177.77
passport,6,1,11,1,7,25.66,16.83,29.41
license,6,1,14,12,12,24.96,196.08,240
nic,2,0,10,6,7,18.54,54.76,104.05
license,6,1,11,5,16,31.51,111.53,152.85
nic,1,0,9,8,8,23.78,131.9,175.07
nic,4,0,10,11,15,25.35,180.28,240
license,6,1,15,9,9,18.81,109.65,155.06
license,5,1,15,8,13,19.9,99.81,153.4
license,3,0,9,8,8,25.84,120.17,192.38
passport,1,0,13,11,12,26.19,193.67,240
nic,3,0,9,2,15,25.78,28.9,40.79
nic,0,0,10,5,10,16.11,69.46,83.96
license,2,0,15,10,12,18.23,120.1,182.52
license,6,1,10,5,15,21.24,72.35,103.66
license,4,0,13,16,20,24.77,259.6,240
nic,1,0,9,7,15,11.25,59.15,81.87
license,1,0,9,10,14,23.08,146.5,220.56
nic,0,0,9,7,8,17.31,83.58,121.04
license,4,0,13,12,13,19.37,142.05,240
passport,3,0,11,11,15,32.63,238.32,240
license,6,1,11,7,8,24.29,104.03,159.2
license,5,1,13,9,10,22.44,130.72,201.84
license,2,0,10,10,15,29.28,201.41,240
passport,2,0,15,7,8,36.83,172.42,240
nic,6,1,10,5,5,14.08,57.25,55.05
nic,1,0,13,6,15,20.18,72.0,138.98
passport,4,0,11,6,19,37.29,156.74,231.01
license,6,1,10,8,22,25.95,142.53,204.29
passport,4,0,10,6,15,31.58,127.91,188.45
license,0,0,13,8,10,26.39,133.63,220.43
passport,4,0,15,10,13,27.82,198.75,240
license,5,1,9,10,10,30.2,194.96,240
nic,0,0,14,5,20,22.97,71.87,136.61
passport,6,1,11,5,9,29.31,83.54,126.37
passport,2,0,11,8,16,32.11,176.11,240
passport,3,0,13,15,18,32.02,315.94,240
license,0,0,9,8,16,23.66,114.81,184.09
passport,6,1,9,9,9,32.29,190.15,240
nic,6,1,15,4,4,18.59,49.93,61.15
license,0,0,13,2,18,26.41,31.22,76.87
nic,3,0,15,7,12,25.72,121.81,177.12
passport,3,0,11,13,16,35.85,306.92,240
nic,4,0,13,10,17,14.31,91.7,155.05
passport,3,0,9,9,12,36.93,199.64,240
nic,4,0,13,12,19,26.37,198.9,240
passport,6,1,10,3,16,34.53,52.44,94.0
license,6,1,13,9,12,23.58,146.18,228.13
license,4,0,9,11,11,16.88,130.82,184.78
license,3,0,9,7,9,23.98,102.86,158.96
license,0,0,15,13,13,21.61,179.35,240
license,0,0,11,9,27,30.42,183.59,240
license,0,0,14,11,12,31.2,231.1,240
passport,6,1,14,6,12,32.24,128.63,189.62
nic,6,1,13,8,8,21.44,109.31,176.11
passport,0,0,10,11,18,36.36,262.75,240
nic,6,1,11,8,8,19.06,95.5,132.91
license,4,0,11,3,8,28.35,55.05,96.32
passport,1,0,13,12,22,23.85,189.58,240
nic,4,0,13,11,11,18.82,137.61,221.33
license,5,1,9,6,6,19.69,75.86,112.07
license,6,1,9,5,13,24.03,67.68,94.3
license,3,0,10,5,14,23.0,73.15,120.04
license,4,0,15,6,10,23.47,89.84,141.82
license,3,0,11,8,12,26.06,135.94,200.72
passport,4,0,14,11,13,42.66,302.71,240
license,1,0,9,11,11,21.13,159.76,228.04
passport,5,1,9,7,7,33.93,163.93,216.11
license,5,1,9,8,12,22.08,100.07,155.83
passport,6,1,10,5,9,33.88,107.51,155.9
license,6,1,13,5,11,22.9,81.64,123.32
license,0,0,11,10,12,22.29,142.98,213.85
license,5,1,10,8,12,26.93,149.66,201.41
license,1,0,11,8,9,24.81,120.28,195.42
license,5,1,13,3,14,29.2,70.62,91.91
license,5,1,11,8,8,17.89,89.33,136.55
passport,3,0,14,10,16,33.35,227.01,240
nic,3,0,10,12,19,15.38,117.09,185.78
license,1,0,9,5,5,23.92,79.13,107.69
license,3,0,14,9,12,28.14,166.8,240
nic,6,1,14,7,7,19.77,80.0,139.05
nic,0,0,11,18,18,24.46,297.27,240
license,6,1,14,8,10,22.16,117.56,175.12
passport,0,0,10,11,21,34.88,244.89,240
passport,2,0,14,11,12,31.72,229.11,240
nic,2,0,11,8,8,17.58,102.46,135.68
nic,5,1,11,8,8,24.96,116.42,186.73
passport,6,1,15,1,11,31.89,6.97,27.45
license,4,0,14,12,12,20.32,170.95,240
passport,3,0,14,13,19,28.13,240.6,240
nic,6,1,11,5,5,11.76,24.64,34.57
license,3,0,14,8,10,29.34,146.27,232.12
license,3,0,11,6,16,22.34,80.67,149.26
nic,2,0,11,1,6,18.42,9.57,23.71
license,5,1,10,8,16,26.2,128.74,199.56
license,3,0,15,9,12,19.86,117.52,178.84
license,4,0,14,8,15,21.45,108.3,191.13
license,5,1,10,10,13,21.46,149.05,206.54
nic,4,0,15,7,9,15.24,75.81,116.1
license,2,0,10,15,15,30.06,292.98,240
license,4,0,13,16,16,25.72,263.51,240
nic,0,0,11,6,19,13.68,53.89,91.74
passport,6,1,11,8,13,21.72,116.32,172.89
license,0,0,13,14,20,19.11,184.38,240
license,1,0,13,6,13,26.83,113.43,183.35
license,4,0,11,9,14,21.96,117.18,196.58
nic,1,0,11,10,14,24.15,137.25,237.73
passport,5,1,15,4,11,32.48,73.46,115.89
nic,2,0,15,8,12,17.82,105.9,143.07
passport,4,0,14,5,7,40.66,132.81,207.66
license,4,0,13,10,10,24.55,154.65,240
nic,1,0,14,3,8,11.41,27.08,63.28
passport,1,0,15,10,11,33.7,226.57,240
nic,1,0,15,9,12,18.87,116.22,171.41
passport,1,0,13,5,13,36.4,108.22,197.91
nic,3,0,14,6,19,23.59,111.99,171.83
nic,0,0,15,7,7,15.64,54.74,103.32
passport,6,1,11,12,13,28.92,228.51,240
passport,5,1,10,11,17,26.36,192.37,240
nic,1,0,15,10,10,11.37,70.74,113.79
license,5,1,9,2,2,26.62,30.24,36.95
license,2,0,15,5,6,23.0,74.88,118.95
passport,5,1,10,5,15,24.26,78.07,117.42
license,0,0,9,4,7,24.02,64.79,87.4
nic,3,0,14,13,24,17.6,144.16,240
nic,2,0,14,11,11,18.44,138.62,228.54
license,6,1,15,8,9,19.2,98.09,136.24
passport,4,0,11,9,14,21.31,135.56,195.91
license,2,0,11,11,13,25.32,166.53,240
passport,5,1,9,2,9,25.33,37.23,47.43
license,6,1,15,9,9,21.4,121.47,176.47
passport,4,0,14,8,9,31.34,148.59,240
license,4,0,14,9,16,15.8,93.4,151.8
passport,2,0,13,10,15,28.82,188.16,240
passport,1,0,9,8,14,24.6,137.86,194.51
passport,5,1,11,9,13,33.46,205.52,240
license,1,0,10,12,12,23.23,204.17,240
license,4,0,13,17,17,28.55,329.27,240
license,0,0,15,10,10,19.72,130.19,198.2
nic,0,0,10,9,20,24.1,142.24,217.13
nic,0,0,9,8,8,17.72,87.3,126.27
license,3,0,15,8,12,26.9,143.24,207.21
passport,0,0,15,13,14,37.05,323.51,240
license,0,0,14,9,14,19.84,116.98,192.79
license,1,0,10,3,11,27.76,61.07,89.56
license,6,1,9,7,8,24.11,108.24,152.92
nic,0,0,11,5,13,15.05,42.61,88.17
passport,3,0,9,4,18,36.08,96.24,150.75
passport,0,0,9,6,17,32.47,132.46,191.69
nic,5,1,9,3,3,29.01,48.26,72.48
passport,0,0,13,11,11,26.06,174.78,240
passport,0,0,14,9,14,29.56,170.94,240
license,1,0,13,11,11,22.89,160.27,240
license,3,0,9,3,9,19.47,34.51,53.35
license,5,1,15,5,5,18.6,62.24,83.4
license,3,0,10,5,19,16.27,45.68,97.74
nic,0,0,9,6,14,24.11,94.69,136.86
license,4,0,14,4,11,21.52,60.6,114.36
license,2,0,10,12,19,21.45,161.16,240
nic,3,0,13,4,15,16.96,40.26,84.57
nic,0,0,14,13,13,11.28,89.16,157.64
license,5,1,14,6,13,23.76,97.41,143.69
license,4,0,9,4,4,26.29,81.38,92.41
passport,5,1,15,3,17,36.01,76.46,105.71
nic,2,0,13,6,13,15.96,64.73,111.26
passport,3,0,9,7,10,31.86,142.08,201.28
passport,3,0,11,14,19,30.65,279.96,240
passport,1,0,14,13,21,28.99,256.24,240
nic,3,0,14,9,9,10.8,58.47,109.28
passport,5,1,13,9,15,28.52,170.68,240
passport,0,0,13,9,23,34.83,214.49,240
nic,0,0,9,0,4,12.07,5,3
license,0,0,11,8,13,25.51,142.28,200.36
nic,6,1,13,11,12,18.32,132.95,208.97
passport,5,1,9,7,13,32.13,158.7,205.59
license,0,0,14,8,13,22.51,105.02,190.06
license,4,0,13,14,14,26.64,246.03,240
passport,1,0,14,11,26,32.41,223.51,240
license,4,0,10,1,15,23.62,11.64,40.0
nic,6,1,15,6,7,16.86,69.77,94.22
passport,1,0,15,5,15,36.11,111.2,196.18
license,2,0,13,10,21,25.62,160.04,240
nic,3,0,11,6,16,17.44,67.76,105.32
license,4,0,10,19,19,31.16,373.13,240
nic,2,0,10,8,8,25.59,150.71,197.88
passport,3,0,10,7,14,38.96,182.09,240
passport,2,0,13,9,14,29.45,166.99,240
nic,4,0,10,8,11,27.19,145.38,220.64
nic,3,0,15,6,8,11.84,40.73,64.78
nic,0,0,9,9,9,14.04,81.76,113.43
nic,2,0,11,5,10,13.84,35.63,76.16
nic,1,0,15,12,12,15.99,128.95,198.62
license,0,0,15,2,12,24.13,35.11,58.24
passport,2,0,14,7,24,39.91,182.64,240
nic,0,0,11,3,14,19.79,37.62,63.37
passport,6,1,15,6,6,24.17,100.44,130.92
nic,6,1,13,10,14,20.54,135.03,211.29
license,4,0,9,11,11,20.77,144.42,222.12
nic,0,0,9,6,12,17.64,66.34,99.26
passport,6,1,15,12,12,31.73,247.2,240
nic,3,0,9,12,12,17.75,138.64,203.3
license,2,0,15,7,10,25.04,125.4,184.17
nic,4,0,11,5,8,23.48,86.56,116.3
passport,1,0,9,7,12,41.6,196.78,240
license,0,0,13,8,8,19.86,111.74,167.81
nic,4,0,13,8,9,23.93,127.81,202.13
passport,5,1,15,11,16,37.95,272.4,240
passport,2,0,14,9,9,32.53,189.06,240
nic,2,0,11,10,14,18.12,117.09,183.38
passport,1,0,13,11,18,29.46,214.79,240
license,0,0,15,9,15,32.94,191.36,240
nic,2,0,11,9,10,17.92,102.8,172.44
passport,6,1,15,9,13,32.86,179.07,240
license,3,0,14,10,15,25.51,163.21,240
nic,4,0,9,8,8,23.91,141.83,184.19
passport,2,0,14,3,12,24.48,52.51,94.5
license,5,1,14,7,12,20.57,89.01,149.09
nic,3,0,15,8,8,24.15,126.24,184.28
nic,0,0,11,9,9,19.06,122.14,174.7
nic,3,0,9,8,10,21.32,121.64,163.78
passport,5,1,10,7,17,36.15,163.73,239.47
passport,4,0,9,1,10,30.96,8.12,21.27
nic,4,0,13,8,14,21.74,109.91,186.12
license,2,0,14,10,10,17.87,118.46,196.47
nic,5,1,9,7,7,11.11,58.47,62.65
license,4,0,10,16,17,22.2,227.96,240
nic,6,1,14,5,9,28.07,90.24,143.68
nic,4,0,10,10,17,18.7,123.82,183.71
license,1,0,15,7,22,19.04,99.37,159.21
nic,2,0,9,5,13,17.5,62.3,95.96
license,5,1,9,9,17,28.36,176.02,240
license,1,0,15,10,12,23.55,152.15,236.4
nic,2,0,15,8,10,15.35,88.45,134.37
passport,2,0,10,10,13,30.17,199.87,240
license,0,0,13,7,14,25.07,113.95,193.41
license,6,1,9,2,13,24.9,47.28,41.38
license,0,0,14,11,12,23.51,169.65,240
nic,4,0,9,0,13,15.41,5,3
license,0,0,10,9,9,19.08,115.44,185.37
nic,2,0,10,11,11,18.64,130.59,199.43
license,0,0,10,10,17,22.44,148.56,227.34
passport,4,0,11,13,14,35.93,302.1,240
nic,3,0,10,6,9,10,47.28,70.57
passport,2,0,11,14,16,33.26,288.91,240
passport,3,0,10,11,12,27.0,195.2,240
passport,2,0,9,6,16,33.29,134.34,201.01
passport,6,1,9,3,17,37.55,72.72,114.69
license,1,0,15,6,16,22.94,83.53,146.39
license,5,1,9,9,9,23.02,154.2,193.08
license,0,0,15,6,9,19.89,67.7,124.72
license,4,0,14,7,13,21.15,98.44,168.65
nic,1,0,15,16,16,28.22,286.45,240
nic,2,0,14,12,13,20.99,182.28,240
nic,6,1,15,6,10,21.93,72.13,111.96
passport,5,1,11,7,8,35.27,158.0,216.23
license,5,1,11,2,10,18.86,31.85,32.94
license,6,1,15,0,8,26.29,8.39,3
license,3,0,11,3,18,20.08,33.86,71.74
nic,2,0,10,8,15,19.75,95.92,164.75
nic,4,0,11,14,14,20.97,187.42,240
passport,4,0,10,11,11,40.5,282.42,240
passport,1,0,9,9,9,21.23,130.72,188.28
license,4,0,9,9,9,27.92,169.33,239.38
license,2,0,15,6,11,24.62,91.5,144.61
passport,2,0,10,11,14,30.67,214.14,240
passport,1,0,9,12,12,36.91,289.02,240
license,6,1,11,5,12,22.93,80.1,114.13
license,3,0,9,10,10,22.86,153.57,223.86
license,1,0,13,6,18,20.96,75.63,144.58
license,5,1,15,5,9,27.57,109.04,144.17
license,0,0,15,3,5,22.7,54.77,64.36
nic,3,0,13,5,15,15.13,53.32,99.68
nic,2,0,9,9,9,17.02,100.6,137.42
nic,6,1,13,8,10,21.44,108.12,166.13
nic,0,0,9,2,13,15.8,15.21,23.63
nic,2,0,10,6,17,19.9,76.25,131.26
license,5,1,9,5,8,21.22,57.35,93.36
license,0,0,13,16,16,24.85,263.48,240
nic,4,0,13,7,16,23.71,103.74,178.32
license,5,1,13,8,8,21.99,93.9,160.32
license,5,1,10,12,12,22.78,184.86,240
passport,1,0,15,4,8,30.03,75.08,116.43
license,5,1,10,13,13,21.2,180.37,240
license,2,0,9,5,10,34.42,118.48,171.09
license,3,0,9,7,10,16.78,78.92,110.68
nic,0,0,9,4,9,22.66,65.67,105.53
nic,4,0,15,5,5,14.22,40.6,54.54
passport,5,1,15,3,13,31.4,77.03,96.44
passport,3,0,11,7,16,34.01,160.24,239.51
license,1,0,10,15,15,18.33,178.12,240
nic,2,0,14,6,21,17.52,56.69,120.48
license,5,1,15,7,7,27.94,125.02,172.2
license,2,0,10,13,13,24.92,198.93,240
license,6,1,15,1,10,29.28,23.73,22.7
license,6,1,13,7,10,31.4,154.76,222.78
nic,6,1,14,12,12,15.98,118.83,200.04
nic,6,1,13,7,13,23.23,99.13,163.9
passport,1,0,14,13,13,31.04,264.45,240
nic,2,0,11,3,11,19.55,43.26,73.65
nic,2,0,9,1,11,22.65,19.24,30.63
passport,2,0,9,6,6,29.48,108.08,161.3
nic,4,0,11,5,13,18.48,57.41,100.63
nic,2,0,10,3,9,18.94,48.05,65.71
license,3,0,9,9,14,24.92,148.3,219.92
license,3,0,14,12,12,26.81,204.21,240
license,4,0,13,10,17,19.41,126.71,216.84
nic,1,0,13,11,11,13.1,113.58,166.99
license,4,0,14,7,13,20.42,90.84,164.7
license,5,1,14,2,16,20.36,25.04,55.65
nic,5,1,13,6,13,23.72,89.09,147.95
nic,1,0,9,2,10,19.85,19.42,34.5
nic,6,1,11,3,9,23.14,44.68,49.79
passport,0,0,15,11,15,32.68,242.42,240
passport,2,0,14,10,13,27.76,186.52,240
nic,3,0,10,4,9,20.43,52.35,82.9
passport,0,0,9,5,13,30.58,90.83,155.84
passport,4,0,13,12,12,25.14,192.49,240
license,4,0,15,6,16,21.43,88.39,141.81
passport,5,1,9,7,10,35.35,163.35,230.36
passport,5,1,10,6,13,35.06,140.02,199.05
license,6,1,14,11,12,18.52,128.64,207.27
license,3,0,10,8,16,23.37,138.69,204.75
passport,5,1,11,6,13,25.09,96.46,145.42
license,4,0,14,10,20,28.84,170.81,240
passport,1,0,14,15,22,26.43,256.85,240
license,6,1,15,6,7,24.86,107.55,137.49
license,3,0,15,8,23,19.27,95.39,156.31
license,4,0,11,10,14,37.65,239.04,240
nic,5,1,10,3,13,21.02,47.84,63.98
license,2,0,10,8,19,20.91,112.51,176.01
nic,0,0,10,6,15,18.22,56.87,105.87
passport,0,0,10,10,12,32.89,214.42,240
nic,1,0,9,2,11,25.66,29.36,55.22
passport,4,0,15,8,12,27.11,135.41,221.4
license,3,0,9,0,14,21.44,5.85,5.65
passport,4,0,11,12,20,29.75,235.47,240
license,2,0,9,10,12,21.78,147.66,222.4
nic,5,1,15,10,14,19.5,135.07,191.38
license,0,0,9,9,9,29.6,171.31,240
license,5,1,15,7,7,27.28,110.53,182.18
license,2,0,15,9,11,21.87,132.95,192.53
license,0,0,10,12,12,17.52,119.59,198.27
passport,2,0,10,11,18,31.86,229.31,240
nic,4,0,11,10,11,20.18,121.1,195.35
nic,3,0,11,11,11,11.36,81.52,123.31
nic,4,0,10,6,9,19.41,78.95,103.61
nic,1,0,9,11,11,20.79,148.44,226.15
nic,5,1,15,10,14,18.79,114.67,179.21
passport,1,0,13,8,14,29.65,156.54,240
license,0,0,10,8,16,32.95,177.92,240
license,4,0,11,11,14,21.76,161.84,240
nic,0,0,10,5,10,24.77,75.78,127.61
nic,0,0,13,4,11,10,23.76,55.2
nic,2,0,9,0,12,11.54,7.8,3
license,6,1,9,2,10,20.04,19.91,22.53
passport,3,0,9,3,5,34.34,64.96,94.4
license,4,0,10,12,12,21.94,177.96,240
license,1,0,11,2,12,25.49,39.45,74.62
license,2,0,13,12,12,27.05,206.86,240
license,5,1,10,10,10,20.94,129.83,194.5
nic,0,0,10,7,21,23.64,114.04,180.38
license,0,0,10,6,6,17.14,62.12,100.5
nic,3,0,9,5,12,14.51,42.19,60.54
nic,4,0,10,6,16,15.77,57.35,96.03
license,6,1,9,8,8,24.09,131.11,180.49
passport,5,1,11,8,17,32.35,169.74,240
nic,3,0,10,7,9,20.46,97.09,136.86
license,3,0,10,13,13,28.98,244.98,240
passport,2,0,13,19,22,26.72,324.82,240
passport,4,0,14,9,15,31.89,188.18,240
license,5,1,13,13,13,17.96,164.05,240
passport,1,0,15,7,14,31.25,137.35,208.89
nic,4,0,15,9,9,20.66,128.03,198.3
passport,2,0,10,12,18,34.37,274.93,240
nic,1,0,14,7,17,22.34,85.2,161.95
nic,4,0,11,10,14,24.07,142.63,232.94
license,2,0,11,9,13,17.79,97.08,163.36
passport,5,1,15,9,9,34.62,212.39,240
nic,0,0,13,14,14,20.52,186.18,240
license,5,1,14,7,14,23.54,101.5,155.99
nic,2,0,14,8,8,16.32,83.54,138.28
license,0,0,10,10,11,27.32,165.29,240
license,0,0,15,10,10,25.66,159.15,240
passport,3,0,11,11,13,27.73,193.37,240
passport,2,0,11,14,15,24.38,220.77,240
passport,1,0,14,17,17,26.3,290.77,240
license,2,0,15,9,17,22.57,128.83,216.83
license,2,0,15,10,15,26.31,175.88,240
license,3,0,10,12,14,26.37,217.86,240
nic,2,0,10,5,8,18.56,56.57,91.49
license,6,1,15,0,10,22.7,5.66,3
passport,4,0,14,8,13,27.64,139.26,226.17
nic,0,0,15,4,9,17.58,51.64,71.47
nic,5,1,15,6,6,21.42,86.36,118.73
passport,1,0,14,13,13,36.94,323.45,240
passport,6,1,10,7,20,36.07,158.13,240
license,1,0,13,10,17,19.37,120.38,200.66
license,0,0,9,3,11,17.23,39.75,54.48
nic,1,0,14,2,16,17.88,30.86,55.42
passport,5,1,10,9,16,33.35,193.14,240
license,4,0,13,11,16,27.95,199.98,240
nic,0,0,9,7,14,18.68,79.81,128.54
nic,5,1,14,11,14,12.73,93.82,159.5
passport,5,1,14,9,12,25.79,152.69,233.44
nic,3,0,13,2,11,18.08,36.43,62.3
license,2,0,14,12,19,28.46,218.09,240
nic,6,1,9,0,3,14.9,5,3
passport,4,0,15,15,20,25.16,252.95,240
passport,2,0,15,6,7,32.1,137.82,193.5
license,1,0,15,6,14,27.87,106.36,166.08
passport,4,0,9,9,14,35.33,203.29,240
license,1,0,11,7,18,21.33,87.15,158.9
passport,1,0,14,11,17,31.35,223.12,240
license,3,0,13,1,7,27.96,21.48,40.18
license,0,0,14,8,15,19.67,98.61,165.33
license,2,0,15,5,8,22.69,75.51,103.72
license,6,1,11,7,13,26.89,120.2,184.44
license,2,0,10,6,16,24.68,92.7,144.26
license,0,0,11,12,13,24.55,182.17,240
license,6,1,13,10,10,27.62,192.89,240
nic,3,0,9,6,6,20.0,75.72,110.43
license,1,0,11,7,12,17.19,76.49,135.3
license,4,0,10,9,18,18.89,107.22,178.82
license,4,0,10,5,8,23.41,91.75,130.4
passport,6,1,10,8,21,32.83,163.44,240
nic,0,0,9,7,14,16.74,62.89,104.98
license,2,0,15,10,14,32.43,218.33,240
nic,4,0,11,8,9,13.38,73.35,120.21
passport,3,0,14,4,23,34.16,103.95,158.35
license,0,0,14,7,15,23.33,104.48,185.73
passport,2,0,15,12,15,34.02,271.29,240
passport,1,0,14,11,16,26.11,187.88,240
passport,6,1,11,7,16,40.16,172.6,240
nic,0,0,11,11,11,13.8,102.23,151.35
nic,1,0,10,11,12,18.36,132.91,215.38
license,5,1,11,6,10,19.42,75.8,102.69
license,6,1,11,9,9,26.04,147.82,219.09
nic,4,0,10,7,16,19.89,92.64,142.71
nic,1,0,15,10,15,10.46,80.32,118.84
passport,1,0,15,10,15,38.26,235.18,240
license,1,0,15,6,16,23.12,84.49,144.4
license,4,0,15,8,15,21.41,122.15,174.61
license,5,1,11,6,14,30.74,129.99,188.65
nic,3,0,9,8,8,16.87,90.19,134.1
nic,4,0,15,8,14,19.0,106.08,161.37
passport,2,0,13,12,20,33.51,274.81,240
license,5,1,15,12,12,31.26,246.07,240
license,2,0,15,9,9,25.03,152.71,226.13
passport,1,0,13,10,15,31.93,210.86,240
passport,0,0,9,7,8,26.48,106.38,177.38
nic,4,0,13,9,9,17.68,107.31,164.25
passport,6,1,10,5,12,39.48,129.22,182.16
nic,2,0,10,9,16,22.26,117.54,204.34
nic,2,0,15,8,18,18.27,92.5,140.07
passport,3,0,15,9,10,32.45,196.22,240
license,3,0,13,10,10,20.63,129.67,230.01
nic,1,0,13,5,17,22.12,71.55,136.1
passport,2,0,11,14,16,31.17,282.65,240
license,4,0,11,9,9,24.67,138.59,214.71
license,5,1,11,9,15,20.02,115.06,159.12
nic,5,1,11,5,5,22.17,62.45,95.01
license,6,1,15,4,6,22.32,61.59,85.53
passport,2,0,15,8,12,28.41,128.59,216.44
license,0,0,14,11,15,19.06,140.11,223.02
license,6,1,15,2,13,17.71,19.99,40.03
license,4,0,13,13,13,29.96,247.2,240
passport,2,0,9,6,13,25.1,100.44,154.75
nic,4,0,13,10,13,19.16,129.64,212.95
passport,6,1,13,10,14,30.4,202.83,240
passport,6,1,14,15,18,31.69,310.01,240
license,5,1,15,2,2,20.58,31.1,26.48
license,0,0,11,7,17,20.26,95.98,152.24
passport,0,0,15,15,15,28.95,268.93,240
license,3,0,15,14,14,23.13,214.27,240
nic,0,0,14,12,13,23.29,201.8,240
license,1,0,14,12,14,21.89,165.21,240
nic,4,0,9,9,9,14.68,82.27,124.52
license,5,1,9,8,8,26.45,132.9,188.37
nic,2,0,15,5,12,13.27,46.83,83.47
nic,3,0,9,6,12,17.26,59.35,99.1
license,0,0,15,11,15,24.16,165.65,240
passport,0,0,11,8,12,31.14,159.0,240
passport,1,0,14,14,14,32.2,283.66,240
nic,3,0,11,8,22,13.55,62.78,124.57
passport,3,0,10,4,7,34.1,80.61,130.28
license,3,0,13,17,17,22.65,259.61,240
nic,6,1,15,7,8,16.54,84.02,103.96
license,3,0,11,7,11,16.8,73.18,124.46
passport,0,0,11,9,16,31.75,180.85,240
nic,3,0,10,10,12,14.33,97.2,153.34
nic,2,0,15,6,10,21.17,92.57,138.56
nic,4,0,11,10,10,13.34,81.94,139.47
passport,5,1,15,8,14,27.68,143.69,210.45
nic,1,0,14,3,11,22.42,40.12,84.43
passport,0,0,15,3,14,39.52,70.76,130.11
passport,1,0,13,13,19,33.89,297.19,240
license,0,0,9,8,10,16.36,91.02,118.73
nic,1,0,11,12,12,18.54,127.44,210.32
passport,3,0,15,9,13,21.78,128.42,200.8
passport,2,0,13,6,19,37.28,152.49,235.0
nic,2,0,10,5,6,17.55,55.52,88.04
license,1,0,13,11,17,24.57,177.64,240
nic,6,1,10,11,13,14.61,103.25,146.69
passport,1,0,9,7,14,38.22,175.45,240
license,2,0,9,7,7,23.06,95.3,156.74
license,5,1,9,8,9,22.64,115.3,159.73
passport,4,0,13,10,23,33.14,211.13,240
passport,2,0,14,10,18,23.33,169.39,240
nic,2,0,9,1,8,26.37,13.76,20.9
passport,0,0,9,3,10,35.33,70.4,100.25
passport,1,0,9,7,9,32.36,137.3,217.81
nic,0,0,10,8,10,14.38,86.98,112.9
license,1,0,9,10,10,22.85,158.75,220.03
nic,2,0,13,6,14,22.35,90.6,161.24
license,0,0,9,12,12,21.34,161.42,240
nic,5,1,13,8,12,20.08,118.46,159.68
passport,0,0,15,7,12,33.42,162.6,240
passport,2,0,15,10,10,35.86,204.79,240
nic,3,0,9,7,7,18.96,67.18,128.13
nic,6,1,10,6,6,19.96,61.04,103.75
license,3,0,9,8,11,25.99,140.53,199.17
nic,1,0,15,11,11,21.17,152.05,229.35
passport,1,0,13,8,14,30.17,161.59,240
passport,2,0,9,8,13,27.12,147.31,208.12
license,0,0,15,6,18,31.25,125.39,188.28
license,2,0,9,5,11,28.66,100.5,135.28
license,6,1,9,11,11,27.73,216.83,240
license,2,0,15,5,9,20.09,70.01,92.94
license,5,1,13,11,14,27.19,211.88,240
license,4,0,11,8,16,21.11,109.37,175.97
nic,4,0,9,2,4,15.97,13.2,19.51
nic,3,0,11,11,13,17.44,111.14,196.8
nic,3,0,14,7,18,16.67,82.89,130.32
nic,2,0,14,9,17,10,64.67,110.04
license,4,0,13,10,13,27.86,190.5,240
nic,0,0,10,9,18,15.43,78.13,145.51
passport,0,0,10,8,15,31.75,175.1,240
passport,1,0,11,10,10,26.86,177.69,240
license,4,0,14,10,16,23.99,166.43,240
nic,4,0,9,2,13,12.85,6.04,29.52
passport,5,1,14,12,12,23.46,175.13,240
license,4,0,9,4,13,23.64,54.74,106.34
license,3,0,13,9,18,24.0,142.07,231.97
license,6,1,14,3,11,24.01,50.84,89.8
passport,0,0,9,11,11,31.75,236.12,240
license,2,0,15,8,16,24.59,107.37,186.18
nic,5,1,11,14,14,12.44,118.11,169.62
nic,2,0,13,6,15,14.3,63.16,103.87
license,2,0,13,8,12,24.94,132.31,212.25
nic,2,0,15,6,6,16.65,55.35,102.09
nic,5,1,10,8,8,17.55,93.51,114.55
nic,3,0,10,11,12,21.56,148.05,227.29
passport,1,0,11,4,13,30.01,70.61,135.19
nic,2,0,13,11,13,18.96,138.57,223.05
license,5,1,11,0,12,25.24,5,3
nic,6,1,15,8,8,23.88,125.5,180.18
nic,0,0,13,8,11,16.32,84.12,150.37
nic,0,0,10,5,10,17.05,55.92,87.3
nic,1,0,10,3,3,12.97,23.19,36.91
nic,1,0,9,4,6,14.21,35.38,45.75
passport,1,0,15,9,19,28.53,162.01,240
passport,5,1,10,14,14,29.55,271.65,240
nic,0,0,14,7,16,19.55,80.46,158.63
license,1,0,15,6,19,23.78,100.15,155.41
passport,4,0,10,10,16,34.99,237.13,240
passport,5,1,10,1,19,24.26,14.85,26.16
passport,5,1,13,6,21,29.69,115.27,189.77
license,3,0,13,12,12,25.96,197.51,240
nic,5,1,10,4,4,15.31,38.4,51.98
nic,6,1,14,6,15,28.77,111.31,180.91
passport,6,1,10,10,10,35.21,217.4,240
passport,4,0,10,12,14,29.06,236.43,240
passport,1,0,11,7,14,39.01,185.53,240
license,2,0,11,8,11,28.25,155.26,217.99
license,4,0,9,3,5,23.13,56.99,68.05
nic,2,0,10,6,16,16.1,78.64,106.11
nic,4,0,14,9,12,25.09,122.22,222.62
passport,2,0,9,7,12,32.96,151.38,231.97
passport,2,0,10,13,13,29.31,249.32,240
nic,0,0,15,5,13,17.81,48.09,105.84
passport,1,0,9,8,9,26.42,134.75,200.48
nic,1,0,10,12,14,21.44,172.57,240
nic,0,0,9,2,9,17.04,28.86,36.26
passport,6,1,9,6,15,30.17,117.75,172.03
license,3,0,9,2,10,22.15,23.38,37.74
nic,6,1,11,5,5,18.01,55.95,75.69
license,2,0,15,8,8,25.01,142.18,190.21
license,0,0,9,7,14,24.82,122.63,172.86
nic,4,0,14,8,10,11.19,57.53,104.52
nic,6,1,13,6,10,18.28,75.15,109.81
license,5,1,14,9,16,27.55,165.75,240
nic,5,1,14,10,10,21.03,136.23,206.06
nic,3,0,11,8,12,17.02,95.9,135.88
nic,0,0,10,9,9,15.07,76.89,128.03
license,0,0,9,9,11,26.7,159.75,228.82
nic,1,0,13,11,12,19.79,134.39,240
license,5,1,13,10,10,21.54,139.3,222.72
nic,3,0,13,8,10,12.35,68.95,115.57
passport,5,1,15,13,19,28.45,242.68,240
nic,6,1,13,11,11,17.71,127.11,199.33
passport,0,0,15,8,10,31.56,165.4,240
nic,5,1,15,4,4,21.49,48.02,69.07
license,0,0,10,14,16,24.5,229.53,240
nic,6,1,9,4,9,20.3,58.91,76.43
passport,6,1,15,9,9,30.77,176.8,240
nic,1,0,15,10,10,16.34,112.25,165.34
nic,6,1,9,5,9,15.81,45.18,63.97
nic,3,0,14,11,11,10,80.74,126.33
passport,2,0,15,11,14,24.04,180.84,240
passport,3,0,11,11,12,26.3,180.59,240
passport,2,0,10,10,10,38.63,262.54,240
license,3,0,10,9,17,28.01,175.42,240
passport,6,1,11,10,10,34.08,226.27,240
passport,0,0,9,6,11,29.96,116.84,169.61
license,3,0,14,11,21,23.79,157.38,240
nic,0,0,13,5,23,11.2,33.8,86.4
nic,6,1,11,5,6,17.93,53.38,79.0
nic,1,0,14,10,16,18.07,105.29,188.98
passport,1,0,14,12,13,31.66,254.91,240
passport,1,0,9,1,14,31.09,16.14,44.44
license,1,0,11,7,14,28.87,139.35,202.22
license,1,0,11,7,11,17.71,78.26,129.67
passport,5,1,15,4,14,32.59,93.22,124.11
passport,4,0,15,9,15,30.05,182.43,240
nic,5,1,14,7,15,16.11,76.58,125.16
passport,5,1,9,8,8,34.57,173.03,240
nic,5,1,15,6,8,13.89,62.64,80.74
license,3,0,13,9,11,28.23,178.25,240
nic,6,1,14,4,10,25.71,51.14,103.67
license,6,1,10,5,11,26.32,87.36,127.3
nic,0,0,9,5,12,11.54,32.11,50.72
license,0,0,13,11,16,24.43,170.07,240
passport,2,0,14,9,12,34.88,208.92,240
nic,6,1,13,7,10,11.75,46.12,90.3
license,3,0,14,16,16,23.36,259.77,240
nic,5,1,13,6,18,22.67,92.15,151.03
nic,1,0,9,3,6,19.54,39.82,53.84
passport,5,1,9,8,8,32.82,175.51,240
passport,3,0,14,10,17,33.93,222.24,240
passport,6,1,13,7,14,27.31,120.87,194.64
passport,6,1,11,8,11,34.33,170.94,240
license,2,0,9,6,7,22.35,84.61,120.13
passport,1,0,14,3,18,30.19,45.52,102.63
nic,2,0,15,15,15,14.09,134.1,215.6
passport,3,0,13,14,14,26.08,232.71,240
license,2,0,11,13,13,23.38,210.8,240
license,0,0,14,10,17,20.69,137.85,217.1
passport,2,0,13,12,16,32.55,254.21,240
nic,4,0,9,4,12,23.94,73.66,92.44
passport,6,1,10,6,9,23.45,86.81,125.7
nic,2,0,10,7,12,20.47,98.92,146.2
nic,0,0,10,10,10,19.25,118.22,190.88
license,1,0,11,8,11,30.98,160.24,240
passport,4,0,14,13,13,30.48,271.21,240
nic,1,0,10,4,11,20.89,63.67,87.34
nic,0,0,14,13,14,17.0,110.48,221.37
passport,6,1,11,9,18,36.43,226.14,240
license,3,0,11,12,12,16.61,116.57,197.21
passport,3,0,10,12,18,34.02,259.86,240
nic,0,0,13,11,19,17.8,130.78,215.85
license,6,1,9,8,8,22.7,106.28,161.44
nic,3,0,11,8,16,25.38,126.57,202.5
license,6,1,14,10,10,21.07,124.29,213.79
nic,5,1,9,7,7,11.53,56.79,75.29
nic,5,1,15,6,15,12.07,45.34,73.0
nic,1,0,10,8,10,15.13,63.89,114.3
passport,1,0,15,11,14,30.18,211.48,240
license,6,1,9,2,7,27.86,31.8,45.14
nic,2,0,15,10,10,10.08,67.54,106.4
license,1,0,15,10,10,21.19,126.65,202.1
nic,5,1,9,4,5,22.73,50.61,71.47
license,3,0,14,11,17,24.24,178.18,240
passport,0,0,11,8,21,25.13,135.2,214.68
license,5,1,11,9,9,26.68,151.26,212.52
license,4,0,14,10,17,30.13,202.36,240
license,3,0,15,8,10,24.18,124.26,184.73
nic,5,1,14,7,11,14.27,79.08,104.91
license,6,1,11,7,8,21.91,97.2,142.91
passport,0,0,9,9,9,31.23,187.99,240
passport,1,0,11,6,16,34.54,147.24,219.88
nic,6,1,10,3,10,15.1,28.47,45.47
license,1,0,14,10,14,22.77,140.06,240
nic,1,0,13,13,13,19.86,171.39,240
nic,4,0,11,6,13,14.76,58.5,103.88
license,0,0,9,8,9,22.33,117.58,176.64
nic,4,0,14,10,15,18.92,119.94,206.25
nic,5,1,9,4,6,18.4,39.09,54.27
license,0,0,11,6,15,29.89,110.42,180.75
passport,6,1,10,7,9,33.78,135.0,212.42
nic,0,0,14,7,17,19.3,95.8,150.46
nic,6,1,10,7,8,15.6,74.56,98.17
passport,0,0,9,4,5,31.64,94.88,127.27
nic,5,1,9,4,4,20.06,53.78,61.07
license,1,0,13,11,18,27.84,193.08,240
nic,3,0,15,8,11,20.94,105.95,174.59
nic,6,1,11,10,10,10.2,68.93,101.7
nic,0,0,13,11,11,14.48,109.32,181.94
nic,1,0,11,5,10,17.67,63.7,94.33
passport,2,0,13,10,18,25.0,154.56,240
passport,3,0,14,11,16,29.89,218.88,240
passport,6,1,10,7,7,34.55,155.47,230.76
nic,4,0,13,9,10,11.62,49.73,118.16
license,6,1,11,7,8,21.54,97.69,134.42
nic,3,0,15,7,14,17.39,78.35,128.62
nic,3,0,14,5,18,20.8,76.41,130.17
license,5,1,13,8,8,14.38,80.28,114.55
passport,0,0,13,11,16,30.36,217.31,240
passport,3,0,11,15,15,37.55,378.14,240
nic,2,0,15,4,9,23.89,47.49,91.28
license,4,0,14,11,15,15.3,114.71,191.08
nic,6,1,14,12,12,19.08,134.1,226.64
license,3,0,9,6,12,16.96,74.84,115.64
nic,5,1,10,8,8,21.05,104.43,151.73
nic,3,0,13,6,8,22.03,87.05,140.22
nic,4,0,10,2,13,20.32,13.06,50.56
license,5,1,11,8,8,24.58,119.12,175.83
nic,4,0,11,5,8,11.5,46.01,65.86
nic,4,0,13,10,19,20.34,140.62,214.27
passport,3,0,9,3,11,28.53,62.69,86.18
nic,6,1,15,3,4,19.29,40.69,44.61
license,3,0,15,9,12,19.0,100.71,173.55
nic,3,0,13,11,20,18.32,122.9,223.33
license,0,0,13,16,17,30.8,308.42,240
license,6,1,14,16,18,27.74,271.61,240
passport,5,1,11,8,18,30.54,159.63,231.85
nic,3,0,15,7,10,11.33,58.57,82.78
license,2,0,10,8,19,25.2,120.8,197.67
license,1,0,9,5,7,21.17,79.6,97.79
nic,2,0,11,4,12,12.58,31.08,57.39
passport,4,0,10,13,16,29.48,247.86,240
license,1,0,11,16,16,32.77,340.5,240
nic,6,1,9,3,3,15.43,16.14,33.95
nic,3,0,13,11,11,17.88,121.96,208.92
license,2,0,15,8,14,27.63,137.11,224.97
nic,0,0,13,5,11,15.53,53.0,81.87
license,1,0,15,5,11,25.36,90.72,138.38
license,1,0,13,11,14,23.14,169.38,240
license,5,1,14,12,13,29.28,216.58,240
license,1,0,14,11,19,22.31,151.54,240
passport,6,1,14,6,22,31.58,121.83,202.96
license,2,0,14,13,17,29.28,245.08,240
passport,4,0,9,4,13,36.12,100.94,153.1
nic,6,1,13,3,9,19.19,28.22,57.92
nic,1,0,14,10,14,18.12,112.82,196.64
passport,2,0,11,9,16,39.07,220.02,240
license,2,0,11,13,13,30.07,241.96,240
license,2,0,15,8,14,23.06,128.48,199.46
nic,3,0,14,10,13,26.96,166.25,240
nic,4,0,11,8,8,16.27,89.66,122.93
nic,4,0,13,7,9,22.53,112.39,172.34
license,2,0,9,9,9,26.27,154.22,220.81
nic,5,1,14,9,9,18.58,102.34,169.87
passport,6,1,15,7,9,40.11,178.0,240
passport,6,1,15,0,4,32.03,7.68,3
nic,1,0,10,7,12,19.11,79.62,137.61
license,4,0,13,10,16,21.59,145.28,237.49
license,1,0,10,2,13,14.17,22.24,45.32
nic,1,0,13,7,12,15.0,73.63,137.27
license,4,0,13,8,18,31.57,147.53,240
license,5,1,10,3,7,25.66,37.45,64.2
license,5,1,13,10,14,20.97,123.77,206.63
passport,4,0,10,6,20,34.03,133.03,209.46
license,6,1,11,9,16,19.52,118.6,173.07
license,5,1,10,11,11,25.17,183.4,240
nic,2,0,11,8,22,21.41,105.45,164.71
nic,6,1,14,6,6,21.29,81.19,124.7
nic,6,1,11,4,8,12.88,34.3,48.45
nic,4,0,14,7,13,14.7,59.35,122.67
license,3,0,15,11,11,29.28,205.51,240
license,5,1,10,7,11,19.45,79.83,128.98
nic,2,0,10,11,21,19.8,150.02,225.86
nic,4,0,11,4,9,24.66,77.45,115.79
license,6,1,9,3,3,17.64,30.92,37.16
nic,0,0,13,8,10,22.01,111.0,183.31
license,3,0,14,11,12,27.97,200.55,240
license,5,1,11,7,10,24.12,128.69,161.57
nic,2,0,10,8,17,16.7,75.8,137.25
passport,0,0,9,11,12,32.81,239.19,240
nic,1,0,13,9,17,20.7,110.31,185.0
nic,5,1,11,9,9,12.47,66.51,95.2
nic,1,0,13,7,16,18.84,88.42,155.28
passport,2,0,13,10,22,32.87,204.49,240
license,3,0,10,10,13,20.56,152.93,218.29
nic,5,1,13,6,11,18.07,67.4,110.9
license,4,0,11,9,18,27.3,164.39,240
license,4,0,11,11,14,25.09,185.15,240
passport,4,0,9,7,8,36.16,176.02,240
nic,2,0,13,9,19,13.64,71.7,140.74
passport,0,0,15,14,14,32.23,294.44,240
nic,6,1,9,4,4,16.11,51.11,70.74
nic,4,0,15,6,8,17.29,68.02,103.65
nic,4,0,13,8,14,24.03,120.16,204.08
license,4,0,13,13,13,21.04,190.79,240
license,3,0,14,8,14,21.62,122.28,182.16
passport,2,0,15,16,16,34.08,363.02,240
passport,5,1,13,10,14,36.29,257.51,240
license,4,0,9,12,12,16.36,118.14,186.86
license,4,0,13,11,14,29.47,230.08,240
license,0,0,14,6,18,17.7,53.72,109.56
nic,0,0,9,8,16,20.43,112.53,168.24
passport,4,0,11,12,12,30.63,240.76,240
license,0,0,9,4,7,22.76,67.63,81.62
nic,0,0,11,0,13,26.58,5,6.01
passport,2,0,15,9,18,29.74,160.59,240
license,6,1,10,3,17,19.84,50.38,68.9
passport,3,0,15,13,16,30.41,262.04,240
passport,6,1,13,15,15,31.97,306.66,240
license,6,1,14,8,12,24.07,126.48,194.5
license,2,0,9,5,13,27.36,80.72,128.91
nic,3,0,14,7,15,19.53,81.47,156.76
passport,6,1,9,7,7,33.53,141.32,206.4
license,5,1,13,8,12,22.05,113.53,183.41
license,0,0,10,6,19,26.37,99.99,161.56
nic,0,0,14,9,15,20.95,140.76,209.36
license,4,0,11,5,13,25.94,81.26,129.12
passport,0,0,9,5,7,39.69,133.25,176.08
passport,2,0,15,11,11,38.58,286.47,240
nic,0,0,11,7,16,13.14,52.25,101.14
nic,0,0,14,8,18,18.52,94.18,158.13
passport,5,1,11,5,11,33.73,104.09,148.54
nic,6,1,10,14,14,14.51,137.55,201.25
passport,0,0,11,9,11,32.7,205.85,240
nic,2,0,14,11,11,20.03,138.63,239.43
nic,6,1,13,10,10,20.54,138.99,212.26
passport,0,0,9,7,9,33.89,162.83,229.17
license,5,1,15,9,9,25.26,141.27,217.25
license,0,0,11,10,15,26.23,175.84,240
passport,2,0,13,10,16,29.78,197.99,240
license,6,1,11,5,6,12.87,39.21,55.26
license,3,0,9,2,7,24.49,13.29,34.71
passport,5,1,11,5,14,28.67,94.75,142.81
nic,4,0,10,9,15,15.55,87.06,140.05
license,0,0,11,6,12,22.83,91.38,144.32
license,5,1,13,11,11,26.67,194.01,240
nic,4,0,10,4,14,22.66,53.49,97.02
nic,6,1,10,5,5,11.04,37.72,52.13
passport,2,0,11,13,22,34.0,293.52,240
nic,6,1,13,13,13,12.63,109.47,165.72
nic,3,0,13,8,18,15.26,77.9,137.43
license,6,1,11,6,9,24.19,99.4,132.43
nic,0,0,13,8,11,16.07,86.45,136.72
passport,1,0,10,13,13,36.83,315.8,240
license,3,0,11,12,16,16.79,127.97,206.84
passport,1,0,13,18,20,29.69,356.65,240
license,1,0,9,6,16,25.17,93.03,151.14
nic,1,0,15,10,16,12.89,88.4,138.96
passport,3,0,13,5,14,32.56,120.68,188.37
license,5,1,9,8,8,22.62,126.32,170.7
nic,4,0,11,6,15,19.26,85.9,127.05
nic,4,0,14,9,11,16.49,109.01,172.41
license,2,0,15,9,20,26.83,155.43,240
passport,3,0,11,7,14,28.62,133.92,212.62
passport,6,1,10,5,13,32.1,102.92,148.22
license,5,1,11,3,5,31.78,56.24,86.41
license,0,0,11,2,10,22.59,19.84,42.61
nic,0,0,14,16,16,16.36,160.27,240
license,5,1,11,7,13,19.48,98.19,136.73
license,4,0,13,15,16,29.61,279.26,240
license,6,1,15,6,11,31.19,122.99,170.24
nic,1,0,10,8,8,17.82,100.49,146.6
license,4,0,15,9,16,22.03,122.02,191.1
nic,2,0,14,7,22,18.1,83.79,148.97
passport,3,0,15,7,10,23.48,115.92,178.16
license,4,0,15,14,14,21.68,211.53,240
passport,5,1,13,8,13,25.83,143.15,214.11
license,4,0,10,10,12,18.54,124.04,185.27
license,4,0,11,8,17,26.0,132.8,211.44
license,1,0,15,7,7,21.66,103.53,150.88
license,6,1,11,3,5,28.22,51.21,78.54
passport,4,0,11,5,12,34.12,122.17,175.22
license,6,1,13,8,14,27.3,153.16,231.87
nic,4,0,10,5,13,19.23,65.2,96.76
license,3,0,15,14,14,23.59,208.93,240
license,3,0,11,6,19,26.85,99.91,169.84
passport,3,0,11,10,16,32.05,201.15,240
passport,6,1,14,10,10,33.44,218.45,240
nic,1,0,10,9,18,13.0,75.19,135.22
license,4,0,13,10,14,26.41,157.32,240
license,3,0,9,9,9,23.77,135.31,208.74
nic,5,1,9,0,10,16.98,5,3
passport,1,0,10,6,10,31.67,130.13,199.86
passport,5,1,9,1,7,33.91,44.58,30.43
nic,1,0,11,6,11,17.46,69.53,100.08
license,3,0,14,4,15,26.27,58.86,108.8
passport,1,0,14,12,16,34.73,266.02,240
nic,2,0,11,11,11,13.83,109.78,156.84
license,0,0,14,6,12,29.15,123.68,188.55
license,0,0,11,5,10,21.9,69.85,111.57
license,4,0,11,9,12,29.75,174.91,240
nic,0,0,11,11,11,18.29,123.61,194.74
nic,3,0,10,14,14,16.08,147.79,232.66
passport,5,1,13,5,14,26.68,89.42,143.38
passport,0,0,14,11,22,28.13,213.31,240
license,1,0,10,12,13,22.75,162.36,240
passport,5,1,14,13,14,28.98,240.63,240
license,6,1,10,10,17,29.63,194.83,240
license,6,1,11,4,12,27.6,53.54,99.5
nic,0,0,13,9,13,11.69,77.22,128.72
license,0,0,11,16,19,28.01,303.99,240
nic,3,0,14,6,13,20.37,85.69,136.86
passport,3,0,14,13,13,29.71,267.82,240
nic,1,0,13,9,10,13.68,81.46,129.26
nic,1,0,10,8,8,19.33,112.29,160.32
passport,2,0,11,13,13,28.97,238.53,240
passport,3,0,14,8,15,34.78,174.8,240
passport,2,0,11,11,19,40.19,286.21,240
nic,6,1,13,6,10,13.54,62.48,93.57
passport,3,0,14,15,18,23.91,250.44,240
nic,3,0,14,5,14,21.03,60.14,119.5
license,0,0,10,13,13,22.16,189.97,240
nic,0,0,15,5,12,12.71,36.44,64.12
nic,4,0,14,15,18,15.0,138.29,229.59
nic,4,0,10,3,12,17.15,33.89,57.88
passport,3,0,15,10,10,33.96,221.66,240
passport,6,1,10,8,10,30.81,144.22,221.77
nic,2,0,15,0,10,14.86,5,20.8
nic,5,1,11,2,14,19.28,14.37,36.04
license,6,1,15,13,13,25.36,221.27,240
passport,1,0,15,11,15,33.46,245.08,240
nic,0,0,11,6,16,15.14,46.63,82.42
passport,1,0,15,12,17,34.53,256.29,240
nic,4,0,11,7,8,21.68,100.77,146.83
nic,2,0,9,6,7,22.29,103.97,136.56
nic,6,1,10,14,14,20.1,167.88,240
passport,0,0,11,14,14,29.12,274.05,240
nic,5,1,9,2,5,21.87,20.47,14.79
nic,1,0,15,6,18,16.8,60.29,104.03
license,2,0,11,6,15,24.33,93.22,150.04
passport,5,1,13,7,20,29.9,141.17,219.81
nic,4,0,11,3,12,15.27,29.57,58.75
passport,2,0,13,14,16,29.72,280.5,240
license,3,0,10,11,15,17.86,122.88,195.66
nic,2,0,14,7,9,22.6,101.23,171.92
nic,1,0,10,7,15,21.86,99.11,148.85
passport,4,0,10,9,9,28.44,175.24,240
nic,2,0,11,10,10,16.99,102.76,165.5
license,4,0,11,6,7,22.39,95.47,132.46
license,4,0,9,4,11,18.96,65.95,82.41
license,0,0,13,9,13,23.39,140.15,218.76
nic,1,0,11,10,10,11.65,86.7,120.95
license,1,0,15,6,7,24.36,121.38,156.56
license,6,1,15,9,9,22.63,143.44,194.26
nic,6,1,10,8,8,21.57,101.44,167.54
nic,4,0,15,5,7,18.84,57.62,98.4
passport,3,0,9,5,8,29.71,89.18,141.82
nic,0,0,10,13,13,20.78,172.31,240
nic,6,1,10,0,13,22.61,5,10.28
license,0,0,9,8,8,20.12,107.83,155.18
passport,4,0,15,12,18,32.46,250.23,240
nic,5,1,11,6,13,17.86,71.5,104.89
passport,0,0,13,13,15,35.78,291.77,240
nic,6,1,13,8,9,14.54,81.8,124.5
license,4,0,11,10,12,18.29,127.78,180.74
passport,4,0,10,8,11,24.77,134.67,198.4
license,0,0,9,8,11,31.73,168.9,234.06
passport,0,0,10,10,11,37.9,251.33,240
passport,6,1,11,15,15,30.61,289.72,240
nic,4,0,14,9,13,15.08,89.37,151.87
passport,2,0,13,14,16,25.87,228.98,240
license,6,1,10,8,11,23.53,136.28,175.04
license,6,1,11,8,11,26.09,133.16,191.09
license,2,0,11,9,17,22.36,132.21,207.95
passport,4,0,9,12,17,34.35,247.74,240
nic,2,0,10,6,10,20.81,78.86,118.72
nic,5,1,9,6,7,17.77,70.27,88.66
passport,0,0,9,5,8,27.85,89.23,138.89
nic,3,0,15,11,11,15.74,117.81,179.65
license,5,1,10,7,17,32.58,156.6,226.87
nic,3,0,9,10,11,18.86,126.34,189.32
passport,5,1,15,13,13,35.53,301.07,240
license,0,0,9,5,9,26.24,77.75,126.78
nic,2,0,9,6,15,17.28,66.76,110.06
nic,1,0,15,7,8,17.75,84.65,121.62
nic,2,0,10,11,11,19.0,140.41,206.13
nic,0,0,15,8,10,11.28,60.97,91.93
nic,2,0,14,8,16,20.32,109.08,181.76
passport,0,0,10,12,18,37.45,291.71,240
passport,5,1,11,7,14,33.59,160.27,227.3
passport,3,0,9,5,13,36.69,114.5,178.23
nic,5,1,9,4,4,15.34,46.61,39.13
license,6,1,10,8,9,29.14,146.6,212.05
license,3,0,10,5,19,29.11,101.29,172.43
passport,2,0,11,10,13,31.43,187.28,240
nic,2,0,10,10,10,14.97,91.64,146.39
passport,1,0,10,12,12,34.99,268.38,240
passport,6,1,11,11,11,30.88,209.14,240
license,5,1,15,10,11,23.06,140.8,206.49
license,2,0,15,8,15,28.5,139.47,231.96
license,1,0,11,9,16,26.74,161.33,240
license,5,1,13,13,13,21.27,178.07,240
passport,3,0,14,18,18,37.86,443.2,240
passport,6,1,9,3,12,30.71,68.53,78.58
license,6,1,15,3,11,24.84,56.1,65.19
license,0,0,9,2,14,20.56,16.5,44.4
passport,6,1,10,9,9,32.64,186.2,240
nic,0,0,11,5,11,12.95,43.24,68.73
nic,3,0,15,3,10,20.7,43.13,70.07
passport,3,0,10,8,13,32.59,161.51,240
nic,5,1,14,9,16,17.7,94.02,168.42
passport,6,1,13,10,20,28.37,179.28,240
license,5,1,11,3,14,24.29,38.84,64.12
license,0,0,15,11,15,22.84,155.79,240
license,3,0,13,13,15,23.94,198.1,240
nic,2,0,10,7,11,19.83,89.18,133.88
nic,0,0,13,13,13,15.03,116.59,198.09
nic,6,1,9,5,9,20.74,66.43,94.55
passport,5,1,10,6,15,31.15,123.28,175.03
license,4,0,15,8,18,31.69,160.32,240
nic,2,0,14,9,16,20.19,128.5,199.39
license,4,0,15,5,6,27.3,90.76,137.71
nic,1,0,14,8,8,14.87,88.35,124.07
passport,4,0,9,7,9,31.18,140.3,206.65
nic,2,0,14,10,20,12.29,77.87,148.16
nic,0,0,10,7,13,22.23,104.58,161.73
license,0,0,10,9,16,22.13,141.8,210.91
nic,6,1,15,10,10,24.11,167.62,230.81
license,2,0,9,5,13,23.92,62.07,114.95
nic,4,0,14,9,11,19.79,118.1,178.92
passport,2,0,10,9,22,26.94,174.01,240
nic,3,0,13,11,11,12.2,98.05,152.63
license,6,1,9,6,13,25.33,92.01,151.13
license,3,0,9,9,9,26.78,166.68,236.67
nic,0,0,15,9,11,26.96,158.24,240
license,5,1,13,10,11,28.61,190.05,240
passport,1,0,15,7,10,32.07,149.82,223.56
passport,2,0,13,11,15,30.61,208.64,240
license,4,0,11,6,8,26.45,80.5,148.13
license,1,0,9,8,10,30.2,156.29,227.1
license,3,0,10,12,12,29.19,226.4,240
nic,3,0,15,7,7,16.35,77.13,111.51
nic,2,0,13,6,16,14.76,55.84,105.97
license,2,0,9,7,9,25.99,109.58,176.57
nic,2,0,9,5,10,13.34,44.01,62.68
nic,0,0,15,10,10,16.65,107.51,163.3
nic,3,0,10,16,16,17.89,181.69,240
license,0,0,9,3,15,25.53,54.69,76.7
license,1,0,11,8,16,24.27,124.05,199.1
nic,2,0,14,7,11,19.76,89.94,150.74
passport,4,0,9,4,12,40.32,108.01,159.3
nic,2,0,15,13,13,18.4,150.28,240
nic,1,0,15,6,8,17.59,75.08,99.22
passport,2,0,9,3,4,29.06,63.84,90.36
passport,4,0,10,10,23,33.67,221.95,240
passport,0,0,14,10,24,34.79,224.05,240
nic,6,1,14,8,10,16.21,80.61,127.48
license,3,0,13,8,22,24.75,130.28,223.93
license,4,0,10,11,16,24.4,161.85,240
license,5,1,15,11,11,24.73,186.94,240
nic,1,0,15,3,4,12.04,6.08,36.07
nic,6,1,15,2,11,16.49,27.96,29.89
passport,6,1,11,10,10,30.13,196.99,240
passport,1,0,14,11,16,22.96,174.24,240
passport,2,0,10,10,10,31.11,195.19,240
license,0,0,13,8,18,24.69,141.76,209.46
nic,3,0,11,12,14,21.25,173.2,240
license,0,0,11,6,10,25.8,104.97,161.02
passport,5,1,13,9,11,30.42,171.84,240
passport,2,0,13,12,12,34.98,269.03,240
passport,5,1,10,8,12,34.2,177.82,240
license,0,0,9,6,14,25.36,101.66,148.14
passport,4,0,9,9,9,35.21,191.03,240
license,0,0,13,12,19,24.25,187.86,240
nic,1,0,10,11,12,20.2,147.77,212.65
passport,2,0,10,15,15,29.82,299.68,240
nic,0,0,11,4,19,18.95,42.96,81.14
license,4,0,14,11,16,14.21,103.41,164.42
nic,2,0,9,2,4,20.75,29.05,24.32
passport,5,1,10,2,7,29.97,42.66,60.85
passport,1,0,10,6,17,25.95,105.2,161.97
nic,4,0,10,5,11,19.4,48.47,99.04
passport,0,0,15,9,12,31.03,181.92,240
passport,4,0,10,7,15,31.8,144.38,220.48
license,5,1,11,5,7,25.65,86.29,123.16
license,5,1,15,6,14,20.18,78.02,120.75
license,3,0,14,9,22,23.89,139.91,233.52
passport,5,1,10,9,14,37.64,217.48,240
license,6,1,9,6,7,27.8,102.27,147.28
nic,3,0,9,6,7,16.09,75.66,98.36
nic,0,0,15,11,11,19.41,151.16,213.61
passport,0,0,11,12,19,35.31,270.37,240
nic,4,0,9,10,11,12.79,80.47,123.35
license,0,0,15,7,10,24.15,121.88,165.86
license,3,0,9,9,9,28.9,165.43,240
nic,1,0,10,9,16,12.85,72.59,124.42
license,4,0,15,9,11,28.68,152.66,240
nic,0,0,11,10,10,18.4,121.74,187.26
passport,6,1,10,7,7,29.89,139.8,193.31
nic,5,1,15,7,9,13.0,63.3,76.66
passport,4,0,10,6,18,35.27,149.89,217.13
nic,3,0,15,2,8,14.34,18.78,49.34
nic,4,0,10,12,13,18.47,141.56,231.52
passport,6,1,11,10,15,30.87,208.85,240
passport,0,0,10,5,5,32.97,104.19,164.22
nic,3,0,11,7,8,18.05,71.1,126.87
passport,4,0,11,10,12,30.75,197.29,240
passport,5,1,11,8,11,30.18,159.35,234.6
nic,4,0,13,9,11,22.37,128.92,213.38
license,0,0,13,10,10,28.48,176.25,240
license,2,0,15,14,16,24.59,224.83,240
passport,6,1,10,11,14,29.45,225.86,240
nic,1,0,10,3,10,22.5,28.87,63.04
license,5,1,15,5,6,21.38,77.2,87.98
nic,2,0,9,3,11,15.5,25.26,39.61
nic,1,0,15,6,9,16.65,74.76,113.07
nic,6,1,10,0,11,23.39,9.01,3
license,5,1,15,6,11,28.09,105.22,157.63
passport,1,0,13,8,12,27.65,151.92,225.49
license,3,0,10,10,13,28.59,196.69,240
nic,5,1,15,10,10,17.47,112.64,169.11
passport,6,1,14,12,25,33.82,278.93,240
license,1,0,15,5,8,22.98,72.81,106.17
license,1,0,13,13,15,21.59,172.63,240
license,1,0,9,10,10,22.53,137.38,216.08
nic,0,0,10,10,16,18.15,114.44,179.69
nic,6,1,15,5,16,16.43,68.54,91.94
passport,3,0,9,2,12,25.98,31.43,51.47
nic,1,0,14,8,12,12.78,67.06,108.91
passport,2,0,15,11,15,31.8,230.25,240
passport,0,0,15,13,14,35.49,288.34,240
passport,4,0,15,10,17,29.99,203.53,240
nic,0,0,13,13,13,17.64,148.29,240
passport,4,0,11,17,17,30.2,330.79,240
nic,3,0,14,10,10,17.13,108.68,174.77
nic,3,0,9,9,11,10,72.93,86.88
nic,4,0,14,9,9,19.41,103.8,184.28
license,4,0,10,8,11,31.4,169.76,240
passport,4,0,10,4,12,34.17,87.0,136.71
passport,3,0,11,8,15,29.4,158.45,237.1
license,4,0,14,12,16,26.01,199.29,240
passport,6,1,15,3,11,35.27,71.68,105.5
passport,4,0,13,5,14,30.33,104.05,159.27
nic,1,0,14,8,15,19.15,95.12,167.75
license,6,1,15,3,10,27.44,44.06,64.34
license,0,0,10,6,20,21.68,89.46,144.44
license,3,0,10,10,13,23.82,170.52,234.74
nic,5,1,9,1,1,19.31,28.35,16.85
passport,3,0,13,5,25,27.27,100.89,173.69
license,2,0,10,7,18,19.3,88.96,142.59
license,0,0,9,7,8,24.59,125.32,173.19
license,6,1,11,8,13,23.3,126.57,178.05
license,5,1,13,7,15,19.01,77.98,139.31
license,6,1,15,12,12,21.68,159.6,237.02
license,4,0,13,10,12,27.27,178.26,240
nic,4,0,14,8,9,19.61,97.81,166.58
license,5,1,11,6,15,31.67,133.8,173.43
license,3,0,15,8,9,21.41,112.7,168.9
nic,4,0,9,4,9,15.02,38.12,57.11
nic,2,0,15,6,16,12.03,53.35,78.08
license,0,0,9,11,12,22.05,157.55,230.68
nic,3,0,15,8,8,22.73,118.73,182.57
license,5,1,10,9,9,17.25,110.02,143.14
license,6,1,10,7,13,21.28,96.81,138.94
nic,0,0,11,8,8,16.06,88.63,132.41
nic,5,1,14,15,15,15.52,155.57,240
nic,1,0,9,1,18,14.54,5,10.27
passport,3,0,11,12,18,30.16,244.49,240
nic,5,1,13,13,13,15.1,129.65,199.5
license,5,1,15,9,13,23.13,132.39,193.7
nic,2,0,9,3,4,15.28,26.93,43.12
nic,3,0,9,2,12,16.95,5.72,28.68
nic,2,0,13,7,18,10.75,39.63,100.88
nic,6,1,9,5,7,17.08,45.0,58.88
nic,0,0,14,8,11,18.69,116.19,169.44
license,0,0,10,0,11,24.75,12.31,12.14
license,6,1,10,10,10,23.09,149.92,214.81
passport,5,1,10,6,8,37.83,154.78,208.17
license,0,0,14,12,15,22.39,186.57,240
passport,4,0,9,2,20,32.24,35.13,59.75
passport,6,1,13,10,18,25.35,169.57,240
nic,0,0,11,5,5,14.99,37.01,79.17
passport,1,0,14,12,12,33.52,264.99,240
license,0,0,15,6,17,20.44,74.09,117.8
license,0,0,15,11,17,28.44,192.36,240
nic,4,0,13,3,14,21.47,48.84,88.23
nic,3,0,14,7,7,17.04,75.39,131.87
license,3,0,15,12,19,25.11,200.01,240
license,6,1,15,8,8,23.51,118.93,167.4
passport,0,0,13,14,16,35.43,338.88,240
license,4,0,9,3,4,25.19,49.48,74.17
license,0,0,10,7,18,21.72,99.39,155.06
passport,3,0,11,14,22,33.19,308.57,240
license,4,0,9,4,18,32.3,74.64,124.92
nic,6,1,13,12,12,22.44,176.18,240
nic,4,0,11,10,10,22.12,149.22,222.08
passport,4,0,13,12,24,33.99,263.59,240
license,4,0,10,8,18,20.87,101.08,159.22
passport,2,0,15,11,12,32.29,231.03,240
nic,4,0,10,9,12,20.61,115.48,192.16
passport,6,1,15,8,14,32.72,151.15,235.69
passport,5,1,15,6,9,33.2,134.69,190.82
nic,5,1,14,11,13,18.24,143.91,209.95
passport,5,1,10,10,12,31.82,211.74,240
nic,2,0,15,10,12,13.88,91.53,156.0
license,5,1,11,12,12,20.15,171.89,229.88
passport,2,0,13,6,26,28.61,106.07,198.06
passport,2,0,9,7,7,29.27,133.42,191.03
passport,1,0,11,8,14,33.29,166.9,240
license,4,0,15,9,9,25.87,147.55,226.41
nic,6,1,11,4,4,15.03,29.41,35.13
license,4,0,13,6,9,25.38,94.13,172.98
license,2,0,10,8,17,30.55,162.27,240
license,3,0,9,12,12,23.4,187.08,240
license,4,0,10,7,10,19.18,82.19,144.97
license,3,0,14,8,8,24.86,129.62,206.13
nic,2,0,15,5,13,18.49,59.02,104.27
license,6,1,9,7,8,29.48,154.74,189.98
nic,5,1,13,6,6,20.91,77.13,124.33
license,2,0,11,4,6,18.73,30.38,77.08
nic,0,0,13,9,16,21.9,123.67,214.51
license,1,0,15,8,11,24.86,129.19,200.27
passport,1,0,11,14,15,33.45,313.46,240
license,5,1,15,4,4,24.02,51.32,83.0
nic,6,1,15,3,8,16.18,38.88,51.8
license,0,0,11,11,13,18.78,147.23,212.06
passport,6,1,15,6,9,33.74,129.67,185.81
nic,4,0,11,4,12,12.33,28.06,51.74
nic,2,0,15,9,11,10,62.94,84.96
license,0,0,14,10,16,15.47,103.08,168.48
passport,6,1,15,13,13,36.32,320.25,240
nic,3,0,10,7,11,15.1,70.37,109.53
nic,6,1,9,6,6,11.45,38.74,56.29
license,6,1,15,8,13,25.83,131.0,188.63
license,0,0,14,12,20,23.11,179.21,240
license,0,0,13,9,14,25.47,143.84,239.68
license,4,0,11,7,17,22.67,100.35,163.06
passport,0,0,15,7,18,30.13,134.71,219.13
license,5,1,13,2,6,26.19,38.04,60.0
nic,2,0,10,10,10,10,58.07,98.34
nic,5,1,11,9,9,16.89,88.78,145.8
passport,2,0,11,14,16,25.37,226.28,240
nic,3,0,11,10,12,13.71,78.43,137.47
nic,0,0,15,5,15,17.95,47.08,93.97
license,1,0,15,9,10,28.08,159.98,240
nic,0,0,15,6,9,22.57,86.95,141.46
passport,0,0,13,14,20,36.23,347.49,240
license,1,0,13,16,16,27.17,266.21,240
nic,6,1,13,9,14,22.28,129.82,193.29
passport,1,0,14,12,18,28.17,217.24,240
passport,1,0,15,6,7,33.7,132.84,198.6
nic,4,0,14,8,9,14.89,79.79,138.71
license,0,0,11,5,14,22.97,74.26,121.8
nic,0,0,10,8,8,19.05,93.45,140.57
nic,5,1,11,6,6,11.72,49.06,67.19
passport,3,0,13,15,18,32.5,317.18,240
passport,3,0,15,4,11,26.39,67.72,110.67
license,5,1,10,7,14,22.79,103.62,160.97
license,1,0,13,6,15,25.11,97.94,164.0
nic,2,0,13,12,15,18.16,142.16,231.48
nic,2,0,10,12,15,24.1,187.23,240
nic,6,1,15,5,10,18.76,52.88,83.35
license,4,0,15,8,11,22.53,125.61,179.95
nic,5,1,13,4,8,11.75,29.74,48.86
nic,0,0,9,3,11,18.31,35.15,64.18
nic,3,0,9,3,10,17.55,41.79,57.47
license,4,0,14,5,13,26.28,75.92,145.47
nic,6,1,9,7,7,20.74,97.41,124.67
passport,3,0,14,9,11,32.95,188.33,240
nic,4,0,10,5,13,18.37,68.37,99.27
license,4,0,14,9,12,25.12,137.48,236.08
passport,0,0,10,10,10,26.9,184.22,240
passport,2,0,13,9,17,33.76,182.46,240
passport,5,1,11,8,10,31.64,158.97,230.54
passport,5,1,13,5,16,31.19,105.25,151.77
nic,3,0,13,10,16,16.25,117.18,188.78
nic,5,1,11,8,12,23.3,116.44,178.12
nic,0,0,14,6,16,10.64,49.41,82.14
passport,3,0,11,12,12,39.66,302.08,240
passport,0,0,10,7,18,32.3,146.82,227.83
license,4,0,15,10,12,30.4,196.41,240
passport,4,0,10,10,12,43.41,275.53,240
nic,3,0,9,3,4,21.62,41.71,60.26
passport,0,0,13,11,11,30.55,216.86,240
nic,2,0,13,9,15,19.84,119.42,195.9
license,4,0,13,7,8,18.03,83.51,128.93
license,4,0,15,7,12,29.24,141.36,201.57
passport,4,0,14,13,17,33.28,278.42,240
passport,6,1,11,10,15,31.71,205.34,240
license,5,1,9,11,11,25.6,183.23,240
license,2,0,13,15,16,22.64,208.15,240
nic,4,0,13,12,13,13.57,117.66,180.5
nic,3,0,14,4,12,21.87,46.63,101.49
nic,0,0,14,10,11,21.8,131.65,216.36
nic,3,0,14,4,15,17.67,58.93,98.5
license,6,1,9,2,7,21.42,28.05,28.76
passport,1,0,15,7,16,40.47,186.06,240
passport,4,0,14,9,21,32.03,184.94,240
nic,3,0,15,2,12,21.22,24.85,55.78
passport,4,0,10,8,18,39.88,204.13,240
license,6,1,9,0,12,30.4,5.61,3
license,1,0,10,13,13,25.47,212.85,240
license,5,1,15,5,11,28.68,101.34,131.66
passport,6,1,13,13,13,33.57,281.53,240
nic,3,0,9,4,12,21.46,56.93,93.39
passport,2,0,9,10,10,28.7,184.18,240
nic,4,0,10,10,18,18.37,111.46,186.8
license,5,1,11,8,8,21.53,105.09,154.19
license,4,0,13,7,16,26.43,118.93,191.98
license,4,0,14,13,13,18.48,158.92,240
nic,3,0,13,7,12,17.92,87.12,157.24
passport,1,0,13,8,18,35.0,188.89,240
nic,5,1,10,9,9,23.45,129.28,186.63
passport,0,0,15,5,8,33.54,104.12,165.84
nic,1,0,15,4,11,21.45,58.67,89.57
license,0,0,15,9,9,27.33,171.66,233.27
nic,5,1,15,4,14,19.18,50.38,85.49
passport,0,0,15,7,11,26.97,136.37,199.96
license,3,0,15,10,15,25.44,166.38,240
license,2,0,9,5,13,19.97,57.23,99.92
nic,2,0,11,9,13,16.12,107.17,136.9
license,5,1,14,14,14,27.42,263.84,240
nic,0,0,15,2,12,21.74,24.5,46.94
license,4,0,10,16,16,24.2,259.52,240
passport,4,0,10,13,15,26.87,228.07,240
nic,4,0,11,9,12,21.08,110.78,188.19
license,6,1,10,11,11,20.66,145.57,221.69
nic,2,0,9,3,13,15.43,29.69,44.72
passport,5,1,14,10,10,31.3,203.86,240
passport,0,0,15,6,13,27.06,97.12,150.92
passport,6,1,11,8,13,34.7,173.16,240
license,1,0,14,10,15,23.57,160.45,240
passport,1,0,14,8,10,25.02,138.5,195.76
license,2,0,13,13,13,24.03,211.49,240
passport,2,0,11,7,16,37.25,174.3,240
passport,0,0,11,5,16,31.62,102.66,163.37
passport,2,0,10,5,5,28.95,95.59,146.35
passport,5,1,15,5,8,24.64,94.39,110.91
license,4,0,11,10,10,25.09,172.83,240
license,0,0,13,9,13,23.71,147.3,228.8
nic,6,1,14,7,10,27.81,122.43,178.88
nic,2,0,13,6,13,14.77,60.54,106.02
license,4,0,13,9,20,21.89,119.25,217.46
passport,4,0,15,8,11,28.37,127.65,208.42
passport,4,0,14,16,16,39.32,415.38,240
nic,5,1,11,7,7,16.13,59.74,98.52
nic,1,0,15,10,10,14.87,101.15,157.39
nic,3,0,15,5,10,15.88,59.2,85.4
nic,2,0,9,7,15,17.25,78.9,125.85
license,3,0,13,10,10,26.39,166.74,240
passport,6,1,10,8,8,31.64,164.99,240
license,6,1,9,4,5,21.18,54.64,67.65
nic,6,1,10,5,5,19.96,62.17,86.12
license,5,1,10,9,10,30.96,173.54,240
license,3,0,13,15,15,27.14,247.96,240
passport,2,0,13,16,24,31.95,326.71,240
license,4,0,11,11,11,27.99,190.71,240
nic,1,0,9,1,7,19.66,17.38,14.0
passport,5,1,15,8,14,29.48,154.07,227.96
passport,2,0,11,12,12,33.86,260.87,240
nic,3,0,13,10,10,16.53,90.24,169.83
license,4,0,13,11,11,17.11,122.7,195.89
passport,5,1,10,10,19,29.23,188.99,240
passport,6,1,10,5,13,31.82,118.37,166.27
nic,3,0,13,10,10,19.09,122.85,205.06
nic,0,0,13,6,15,16.45,72.27,121.16
passport,6,1,13,10,14,26.22,173.34,240
nic,6,1,9,4,6,21.89,46.37,69.73
passport,5,1,14,6,17,37.35,144.4,222.07
license,6,1,11,5,7,24.25,98.65,127.71
nic,3,0,13,6,19,17.43,78.26,125.35
nic,6,1,9,4,8,24.54,63.77,92.25
passport,4,0,15,11,11,35.2,262.45,240
license,4,0,14,7,12,23.36,109.3,168.9
passport,4,0,10,9,14,27.64,169.01,240
nic,2,0,15,6,15,22.24,82.3,137.43
passport,5,1,9,3,8,36.37,63.93,88.3
license,6,1,13,6,11,19.05,65.66,114.72
passport,4,0,14,9,13,35.46,202.72,240
nic,5,1,10,6,9,20.64,91.81,105.39
nic,2,0,11,8,15,12.86,60.88,102.99
nic,0,0,11,9,12,21.5,118.83,186.84
passport,3,0,10,12,16,37.2,297.58,240
license,4,0,11,10,17,28.95,176.91,240
passport,2,0,9,7,19,32.89,153.04,225.95
license,1,0,14,8,15,22.97,122.03,206.86
passport,3,0,11,8,22,28.4,144.13,231.98
nic,1,0,11,12,14,21.74,169.98,240
passport,6,1,11,10,10,31.65,208.5,240
license,6,1,14,7,13,27.71,132.95,192.82
license,0,0,14,15,15,23.12,215.93,240
nic,4,0,13,6,19,23.73,74.36,160.86
license,1,0,10,11,11,21.74,160.07,239.43
license,6,1,14,13,16,24.63,195.2,240
nic,6,1,11,6,11,16.07,70.3,98.7
nic,2,0,10,11,15,14.95,113.4,179.08
nic,6,1,14,0,10,16.16,6.41,14.26
passport,1,0,11,11,15,31.72,223.41,240
license,2,0,11,11,13,25.26,185.86,240
nic,0,0,11,7,16,12.16,52.88,94.11
license,3,0,11,9,10,21.77,128.15,188.69
passport,5,1,15,3,13,27.94,76.84,84.18
license,1,0,14,15,15,22.8,236.94,240
license,2,0,11,11,16,20.26,127.72,227.36
nic,3,0,9,3,14,14.72,36.48,49.11
license,0,0,9,11,12,27.34,184.97,240
license,2,0,10,8,13,22.05,106.55,173.32
license,1,0,10,7,7,14.83,67.57,96.89
passport,6,1,14,11,11,30.36,223.04,240
license,2,0,13,4,10,24.3,63.54,109.78
license,6,1,15,8,8,17.01,82.23,117.96
nic,4,0,15,3,12,18.54,37.82,71.43
passport,4,0,11,9,10,27.67,161.74,240
passport,0,0,10,9,13,27.64,176.52,240
license,6,1,15,4,18,25.33,82.5,98.69
passport,0,0,13,15,18,36.33,370.82,240
passport,6,1,11,8,14,29.95,163.49,229.23
license,2,0,9,6,9,27.9,100.57,164.76
passport,3,0,13,11,19,31.28,240.42,240
passport,5,1,11,6,12,27.36,105.84,147.68
license,3,0,11,9,9,29.13,181.47,240
nic,0,0,10,2,18,16.19,23.14,56.19
nic,0,0,9,3,11,10.33,19.13,31.53
passport,3,0,14,10,23,33.33,214.77,240
license,0,0,10,8,9,29.94,153.74,221.72
license,4,0,11,8,8,28.95,147.38,221.88
nic,2,0,13,13,15,11.96,106.68,172.12
passport,1,0,14,12,20,37.44,299.23,240
license,2,0,15,9,13,29.76,173.31,240
license,2,0,14,10,10,19.36,116.34,190.89
passport,5,1,15,10,15,38.79,244.18,240
license,4,0,15,10,19,21.63,139.83,219.54
nic,4,0,10,8,14,21.19,126.71,180.93
license,2,0,13,7,14,27.92,124.05,214.47
license,0,0,14,8,17,22.98,121.29,196.42
passport,5,1,11,3,8,29.78,58.78,82.31
nic,3,0,11,12,16,14.35,109.18,167.14
nic,4,0,15,5,8,15.33,29.78,79.81
license,5,1,11,9,14,23.28,150.15,195.64
passport,3,0,11,10,10,27.92,169.95,240
passport,1,0,11,8,12,29.55,147.97,240
license,3,0,11,12,12,18.97,151.91,227.42
nic,4,0,10,13,13,21.82,190.53,240
passport,6,1,10,9,10,31.55,174.13,240
passport,1,0,10,9,9,30.97,182.62,240
license,4,0,10,6,13,29.37,117.94,179.21
license,0,0,9,3,12,16.33,38.15,51.35
nic,1,0,11,7,11,22.93,91.51,152.26
license,3,0,13,11,19,23.62,175.29,240
passport,3,0,9,5,15,32.9,105.48,166.7
passport,5,1,13,7,12,30.38,145.63,222.06
license,1,0,13,15,15,22.42,228.55,240
license,4,0,11,12,12,27.56,219.09,240
license,2,0,15,16,16,31.1,310.02,240
license,6,1,15,5,10,26.94,96.86,129.75
passport,6,1,11,7,11,33.38,156.14,220.8
passport,3,0,13,18,18,29.55,345.73,240
license,4,0,9,9,9,30.06,182.74,240
nic,4,0,14,7,17,19.82,87.02,158.47
license,5,1,11,5,17,22.09,68.87,107.98
passport,4,0,14,13,19,38.07,322.3,240
license,2,0,15,6,10,20.5,82.47,126.92
nic,3,0,9,2,6,20.6,17.99,29.11
license,1,0,15,9,9,24.49,133.39,211.05
passport,6,1,14,8,14,33.96,187.16,240
license,6,1,9,0,8,22.84,5,3
license,3,0,13,11,15,24.91,182.02,240
passport,5,1,11,2,13,32.57,31.35,57.56
license,2,0,15,12,12,23.51,178.8,240
license,2,0,13,10,17,22.67,168.03,240
passport,4,0,11,8,17,29.27,154.86,240
nic,1,0,10,0,9,17.56,5,10.53
passport,3,0,15,4,7,27.64,65.75,113.61
license,3,0,13,15,16,29.82,283.35,240
nic,3,0,10,12,12,24.56,180.07,240
passport,3,0,9,6,15,31.93,139.03,199.1
license,0,0,11,9,12,19.38,102.58,165.96
license,1,0,11,11,15,22.46,167.2,240
passport,2,0,11,11,14,28.05,201.86,240
license,6,1,13,9,12,20.52,129.87,189.11
nic,3,0,15,6,14,18.86,63.21,110.98
license,0,0,13,5,13,26.14,93.79,148.27
license,1,0,9,8,9,20.19,107.17,150.91
license,6,1,14,5,13,24.0,106.46,137.81
nic,2,0,15,4,12,12.02,29.23,53.43
nic,3,0,10,10,15,17.79,118.99,184.18
nic,6,1,10,11,11,16.98,125.44,184.77
passport,1,0,13,6,8,32.59,135.17,204.49
passport,5,1,15,5,7,30.22,99.44,137.25
license,2,0,14,12,14,25.19,175.07,240
passport,5,1,15,3,11,35.77,59.13,88.39
license,6,1,10,6,11,27.57,121.36,168.13
passport,1,0,15,18,18,32.97,384.49,240
nic,1,0,14,11,11,13.22,99.08,162.83
nic,1,0,10,9,16,20.57,128.39,201.45
passport,0,0,9,3,7,25.06,44.69,72.63
license,6,1,11,9,9,28.15,156.08,240
license,5,1,11,5,13,24.85,88.33,122.82
nic,0,0,14,7,19,21.96,84.66,165.15
license,2,0,9,8,18,27.98,164.75,225.94
nic,4,0,15,6,9,16.56,57.35,95.22
license,3,0,14,9,16,24.58,137.42,229.72
passport,5,1,10,8,16,40.35,209.15,240
nic,1,0,11,8,13,20.09,107.41,165.7
passport,0,0,10,12,19,32.05,253.11,240
passport,3,0,9,7,10,26.78,127.43,166.88
nic,6,1,13,10,10,22.58,140.35,226.63
license,3,0,15,10,10,24.7,163.81,240
license,6,1,14,10,10,24.78,158.17,240
license,1,0,9,7,17,28.06,140.81,192.26
passport,4,0,13,7,14,32.39,141.23,231.92
passport,5,1,15,7,7,38.95,179.02,240
nic,4,0,15,13,13,13.53,121.03,179.89
passport,6,1,15,12,12,27.01,203.79,240
passport,4,0,14,12,20,34.36,257.89,240
passport,0,0,13,11,18,30.51,223.38,240
passport,5,1,10,5,12,28.42,99.09,146.03
nic,1,0,9,1,12,18.21,5,12.74
passport,4,0,9,7,16,37.98,168.57,240
passport,4,0,10,10,10,34.72,239.97,240
passport,3,0,10,10,17,29.66,198.75,240
passport,3,0,14,12,22,31.48,247.06,240
nic,6,1,9,6,10,22.06,89.9,126.01
passport,4,0,15,6,11,23.83,84.19,135.85
license,3,0,9,11,11,24.21,180.83,240
nic,0,0,11,5,14,22.89,78.05,125.03
license,3,0,9,7,7,33.01,149.89,229.35
license,5,1,14,6,10,19.15,77.96,125.75
passport,3,0,13,14,19,28.8,269.44,240
nic,2,0,11,12,12,16.82,120.82,195.3
license,6,1,10,2,13,19.23,19.21,35.57
nic,1,0,10,7,19,17.94,68.82,117.08
passport,2,0,11,12,15,32.07,233.71,240
nic,4,0,11,5,5,17.57,51.57,87.26
passport,3,0,9,8,16,25.94,136.25,205.56
license,6,1,14,10,10,16.63,100.03,166.76
nic,0,0,9,3,18,21.13,34.12,63.23
passport,2,0,11,9,11,30.76,183.77,240
nic,3,0,15,6,8,16.45,54.11,108.64
license,0,0,10,5,10,23.7,89.17,119.06
passport,0,0,13,11,13,35.68,240.32,240
license,5,1,13,11,13,30.34,211.11,240
passport,3,0,13,12,13,33.45,272.19,240
license,4,0,13,11,17,21.5,154.73,240
passport,0,0,15,4,14,30.69,74.34,127.29
passport,0,0,10,7,13,34.72,171.09,232.22
license,1,0,11,13,14,26.77,220.66,240
nic,6,1,10,7,14,18.41,90.2,131.57
license,0,0,13,10,10,19.64,124.49,196.24
nic,3,0,14,8,15,15.31,87.97,134.87
license,2,0,9,10,12,26.78,158.99,240
nic,6,1,13,9,9,10.64,59.33,95.1
passport,1,0,9,11,15,35.51,254.21,240
nic,2,0,10,3,19,22.05,37.45,80.46
passport,3,0,11,10,18,31.3,206.31,240
passport,4,0,14,9,13,27.19,166.34,240
nic,1,0,9,7,9,19.58,71.98,126.65
nic,4,0,15,10,10,26.82,170.32,240
license,1,0,14,8,16,19.21,100.68,167.2
license,3,0,10,11,11,23.98,176.14,240
passport,1,0,14,14,18,27.87,249.62,240
passport,0,0,13,13,17,34.09,297.37,240
passport,0,0,15,9,18,33.26,189.94,240
nic,0,0,10,6,6,17.81,68.89,104.68
passport,2,0,11,7,17,33.31,147.21,233.04
license,0,0,9,8,8,16.98,96.59,127.85
nic,2,0,10,12,12,21.37,160.61,240
nic,1,0,15,4,13,21.07,50.81,87.55
nic,1,0,9,0,5,16.29,5,3
nic,5,1,14,8,15,15.4,73.44,131.8
passport,3,0,14,6,18,33.77,125.41,216.61
license,4,0,11,7,13,23.69,107.08,160.92
license,3,0,13,13,13,19.09,157.07,240
license,1,0,11,10,14,27.77,187.51,240
nic,1,0,10,6,9,10,38.34,63.98
passport,4,0,15,12,12,27.92,212.92,240
license,5,1,11,6,16,20.27,92.65,128.18
license,5,1,13,11,14,32.54,229.8,240
passport,2,0,15,10,21,21.94,159.89,227.68
passport,4,0,13,13,13,33.15,283.66,240
license,1,0,15,6,15,25.44,79.67,142.31
passport,5,1,13,10,22,25.53,171.61,240
passport,2,0,10,11,13,30.01,226.36,240
license,3,0,14,6,15,26.54,97.88,182.9
license,6,1,11,11,11,28.77,204.65,240
nic,4,0,14,14,15,17.37,167.87,240
passport,3,0,14,12,23,24.32,180.74,240
license,2,0,9,4,7,22.25,62.41,81.26
nic,3,0,13,10,10,10,67.07,112.78
passport,4,0,10,12,13,32.58,248.44,240
passport,6,1,15,6,19,30.59,117.34,175.35
nic,0,0,15,10,13,19.7,120.77,198.45
passport,3,0,14,10,17,31.88,210.16,240
passport,1,0,14,12,14,29.64,239.78,240
passport,1,0,10,7,9,29.41,144.16,192.58
license,6,1,11,4,6,27.89,67.68,84.96
passport,1,0,14,12,19,32.3,235.89,240
license,2,0,13,10,11,23.47,154.66,240
nic,4,0,9,10,10,12.56,67.63,120.86
passport,0,0,15,8,15,28.97,150.52,231.13
passport,5,1,9,3,8,28.81,53.57,68.97
license,3,0,14,13,19,27.95,239.37,240
passport,4,0,10,8,12,29.63,155.31,240
license,0,0,11,8,15,24.93,119.12,204.82
passport,1,0,14,20,20,33.2,428.91,240
license,0,0,10,9,22,24.4,149.99,220.32
nic,0,0,10,4,16,17.63,49.87,83.27
passport,6,1,13,10,13,28.5,181.95,240
nic,1,0,10,5,9,20.91,70.21,107.88
nic,6,1,10,4,16,16.27,42.57,69.58
passport,0,0,14,10,19,31.14,205.03,240
nic,1,0,15,9,9,21.77,124.71,199.18
nic,2,0,11,10,13,16.33,107.72,176.39
nic,3,0,14,10,14,18.04,139.27,207.28
nic,2,0,15,7,10,11.54,45.0,96.12
nic,4,0,15,8,9,15.18,64.16,114.34
nic,3,0,13,12,14,15.64,110.46,196.18
passport,3,0,10,15,15,34.99,346.8,240
license,6,1,14,7,7,16.96,75.92,115.33
nic,0,0,9,0,11,16.73,6.1,12.66
license,3,0,14,11,16,18.46,124.38,217.67
nic,2,0,10,6,6,10.19,48.02,55.71
license,0,0,9,6,18,26.44,103.91,152.78
nic,6,1,9,4,4,13.22,35.24,34.88
license,1,0,9,6,7,34.59,131.85,197.05
nic,4,0,14,15,20,13.12,129.58,210.64
license,2,0,13,13,15,23.49,197.23,240
license,3,0,11,14,14,21.7,196.4,240
nic,3,0,10,8,11,15.72,93.15,132.05
license,0,0,15,5,5,18.65,64.28,88.24
passport,0,0,13,12,12,31.36,244.15,240
license,1,0,9,7,7,28.63,127.4,181.6
license,2,0,9,4,7,21.13,52.8,86.33
passport,3,0,9,7,15,23.17,97.88,151.81
passport,3,0,11,12,19,34.14,267.66,240
nic,3,0,11,7,12,14.52,53.62,103.31
passport,1,0,9,6,6,31.79,120.92,175.04
nic,0,0,15,10,11,19.87,122.81,189.66
nic,6,1,13,12,12,13.61,106.77,175.57
nic,3,0,13,8,9,16.01,80.67,134.66
license,3,0,15,9,16,30.43,185.35,240
nic,2,0,11,8,12,21.42,113.98,171.59
license,5,1,9,5,5,19.41,57.88,76.85
passport,3,0,15,6,15,28.59,112.44,178.28
nic,6,1,11,7,9,20.82,93.83,133.73
license,0,0,11,9,15,20.69,138.64,201.55
license,2,0,9,6,6,25.98,109.34,147.83
passport,3,0,13,14,21,30.68,272.12,240
nic,1,0,11,7,15,23.74,106.19,167.32
nic,1,0,10,10,12,19.08,123.38,185.18
nic,1,0,11,10,15,19.82,126.63,198.33
passport,0,0,14,12,14,37.36,278.79,240
passport,3,0,9,7,9,25.04,117.22,165.03
nic,3,0,14,4,11,12.5,33.48,63.43
nic,3,0,9,4,6,22.02,45.76,70.96
passport,2,0,11,11,16,32.94,229.61,240
license,6,1,13,7,12,25.43,119.67,178.42
nic,2,0,11,15,15,22.24,203.03,240
nic,3,0,15,7,7,21.63,102.93,153.89
nic,4,0,10,6,8,17.34,68.82,95.35
nic,6,1,14,9,9,15.27,96.47,132.29
license,1,0,15,5,21,29.79,93.57,159.97
passport,3,0,14,13,13,29.77,246.39,240
nic,2,0,9,5,11,19.69,65.58,118.38
license,5,1,9,1,4,33.02,19.61,19.97
license,1,0,10,8,15,28.17,138.02,220.16
license,2,0,13,13,21,24.06,207.12,240
passport,3,0,9,6,18,29.33,115.8,178.43
passport,6,1,13,9,12,36.49,217.81,240
passport,5,1,13,5,9,28.97,95.91,149.1
passport,2,0,11,16,16,28.43,304.26,240
nic,4,0,10,8,13,18.88,111.34,163.07
nic,6,1,15,6,6,19.91,85.54,110.91
nic,1,0,13,9,9,18.15,109.1,173.88
passport,3,0,10,9,21,35.98,233.93,240
license,3,0,15,6,15,26.92,108.94,161.69
passport,0,0,9,9,10,35.25,197.36,240
passport,4,0,13,12,12,34.16,256.67,240
passport,0,0,15,9,13,39.27,232.35,240
passport,6,1,13,10,13,22.05,145.04,227.56
passport,4,0,11,7,8,27.89,134.41,181.19
passport,4,0,9,12,16,27.12,215.24,240
nic,2,0,14,3,22,19.34,36.96,89.28
passport,2,0,14,9,18,32.65,202.77,240
license,3,0,15,7,15,22.26,106.74,168.15
nic,3,0,15,9,11,18.3,113.01,181.04
nic,2,0,14,9,11,13.01,80.88,141.03
passport,1,0,15,8,15,31.71,155.79,240
passport,1,0,14,9,21,27.02,156.48,240
license,3,0,15,7,7,26.2,131.71,178.58
license,3,0,11,8,16,23.44,110.32,178.1
license,6,1,13,4,9,23.89,65.34,104.85
license,1,0,9,5,13,21.18,62.16,98.32
nic,3,0,9,3,12,24.53,57.49,79.73
nic,0,0,15,4,12,19.5,62.92,89.2
license,4,0,14,12,22,24.0,179.2,240
license,5,1,14,11,11,24.6,169.62,240
license,2,0,11,3,13,24.77,60.93,85.22
license,6,1,9,7,7,12.51,46.31,74.83
nic,2,0,11,12,17,15.87,118.04,189.35
nic,0,0,9,5,5,11.93,39.89,52.12
license,0,0,9,8,8,17.33,97.97,127.05
passport,6,1,15,8,8,28.63,151.07,216.16
nic,0,0,9,4,4,22.33,68.53,80.49
passport,6,1,14,8,8,27.21,134.98,200.76
license,6,1,14,10,10,27.05,193.35,240
passport,4,0,9,8,8,32.33,187.44,240
nic,5,1,13,11,11,24.31,171.36,240
nic,6,1,14,8,8,15.61,86.67,129.19
nic,4,0,15,13,13,20.85,181.63,240
license,1,0,9,3,12,27.43,54.61,72.81
passport,4,0,10,8,16,36.69,185.09,240
passport,2,0,9,10,12,30.07,197.79,240
license,4,0,15,8,14,20.1,116.27,155.46
license,6,1,13,7,14,15.71,79.1,131.24
nic,3,0,14,9,21,10.96,57.74,121.98
nic,4,0,13,11,13,14.92,104.07,172.56
nic,6,1,15,2,3,17.45,14.21,34.67
nic,0,0,11,13,13,15.22,134.52,201.27
license,5,1,14,12,12,16.4,129.95,196.5
license,5,1,15,9,15,25.96,139.04,226.98
passport,4,0,13,12,16,36.63,280.79,240
license,2,0,13,9,19,22.71,136.59,224.68
license,3,0,13,10,12,25.75,176.25,240
nic,4,0,11,10,10,22.6,138.45,216.3
nic,5,1,13,12,12,20.53,174.34,240
passport,6,1,11,7,21,36.2,167.19,240
passport,2,0,15,10,14,26.64,152.0,240
nic,5,1,14,6,6,22.59,79.0,137.48
passport,0,0,9,11,19,29.98,229.41,240
nic,4,0,9,7,7,25.65,135.75,179.31
license,1,0,14,14,14,29.11,264.53,240
nic,6,1,9,4,11,19.1,47.6,57.31
nic,1,0,15,3,13,24.74,46.68,78.77
nic,0,0,13,12,14,19.08,147.2,239.97
passport,1,0,14,6,18,37.49,151.32,240
passport,6,1,10,11,11,29.42,217.51,240
passport,2,0,11,14,18,35.78,326.47,240
license,2,0,15,10,10,23.28,157.16,235.22
nic,1,0,15,9,11,22.38,131.51,203.5
nic,5,1,15,8,8,17.95,103.16,130.85
license,1,0,15,6,25,22.68,93.18,155.41
license,1,0,14,12,20,25.03,203.91,240
nic,0,0,13,12,12,12.21,85.38,148.12
nic,1,0,10,9,13,15.62,90.29,147.73
nic,3,0,9,4,10,17.03,44.72,61.94
license,2,0,14,9,18,24.61,138.79,228.67
passport,1,0,14,17,17,32.16,355.96,240
passport,0,0,11,11,17,26.7,198.89,240
license,5,1,13,12,15,25.21,203.38,240
nic,5,1,10,9,9,15.98,96.2,127.09
nic,2,0,14,10,11,13.82,92.2,150.72
passport,5,1,9,8,16,29.81,146.02,237.97
nic,2,0,15,9,9,13.48,89.22,137.15
nic,6,1,11,10,10,23.52,157.41,216.67
license,4,0,14,7,13,26.07,141.11,201.86
nic,0,0,11,12,15,15.95,138.18,190.9
license,0,0,15,8,8,26.21,129.02,206.08
passport,6,1,10,2,17,43.13,59.81,101.44
passport,5,1,11,6,8,32.88,126.56,182.26
passport,3,0,11,7,9,33.84,157.39,232.56
license,1,0,13,15,15,25.04,256.53,240
nic,3,0,11,5,8,25.17,103.65,145.85
nic,4,0,14,15,15,23.1,223.15,240
nic,2,0,15,7,13,16.94,81.11,126.88
passport,5,1,14,7,11,36.8,167.91,240
license,0,0,10,12,12,18.99,156.24,223.2
license,1,0,9,4,4,22.34,75.02,87.2
license,6,1,14,3,7,20.52,25.98,55.46
license,1,0,13,15,20,22.11,222.63,240
nic,1,0,14,11,11,12.05,95.02,143.4
nic,4,0,11,7,7,12.87,54.44,82.58
license,6,1,11,10,12,13.59,76.24,126.02
nic,5,1,14,7,10,18.43,94.47,123.38
license,5,1,11,1,11,20.61,8.77,8.83
passport,6,1,11,7,19,35.91,165.57,240
passport,1,0,13,10,11,24.95,160.91,240
passport,6,1,11,9,11,24.72,156.5,213.29
license,5,1,14,6,13,29.32,108.98,184.6
license,6,1,14,8,8,18.5,87.56,151.18
passport,3,0,14,11,17,22.97,155.93,240
license,0,0,13,7,15,29.49,112.22,208.84
license,1,0,9,3,15,23.86,56.48,82.58
passport,3,0,13,17,21,30.29,330.73,240
nic,3,0,14,5,9,17.15,58.62,104.71
license,5,1,14,8,12,27.38,137.73,212.86
license,2,0,15,7,12,17.58,82.19,137.05
nic,6,1,15,6,6,19.6,81.39,104.72
nic,2,0,14,5,10,18.96,59.72,105.55
nic,1,0,11,7,12,13.11,64.72,104.34
license,2,0,11,6,9,28.54,113.64,170.12
nic,0,0,9,3,11,21.72,46.07,60.71
passport,4,0,11,17,17,25.17,281.75,240
license,4,0,10,12,12,26.18,202.99,240
nic,6,1,13,3,8,21.82,28.14,72.7
nic,6,1,10,9,9,18.52,120.89,165.37
passport,3,0,14,12,15,29.16,233.61,240
passport,2,0,11,9,14,34.71,202.0,240
passport,3,0,14,12,12,28.32,225.84,240
license,1,0,13,2,21,19.2,19.94,62.53
nic,0,0,14,15,16,23.92,233.6,240
license,5,1,10,10,10,24.68,159.77,235.23
nic,4,0,13,8,10,20.57,110.68,177.63
license,0,0,13,6,7,30.32,120.15,199.33
nic,0,0,9,5,11,25.49,82.65,131.74
passport,3,0,14,10,17,33.91,223.76,240
license,1,0,15,10,14,19.15,114.38,180.5
license,4,0,10,6,11,22.66,84.75,141.79
nic,3,0,9,6,13,25.57,102.34,151.21
license,1,0,10,4,12,20.95,56.69,87.86
passport,4,0,14,12,13,37.83,286.61,240
nic,4,0,10,10,12,21.19,147.61,218.66
nic,0,0,10,4,7,20.49,59.55,87.08
passport,5,1,13,6,17,37.37,158.29,231.47
license,3,0,15,8,14,18.81,112.63,149.31
passport,1,0,15,4,7,34.5,89.68,129.95
passport,5,1,11,9,9,32.97,191.56,240
nic,6,1,15,5,5,16.14,60.63,73.64
passport,0,0,10,9,18,29.3,155.87,240
nic,4,0,11,10,16,18.61,116.81,188.65
passport,5,1,15,6,16,34.49,131.61,199.96
nic,0,0,11,9,16,12.18,56.16,117.19
license,3,0,14,11,11,23.32,180.4,240
license,3,0,13,9,19,29.22,159.8,240
license,4,0,10,7,19,19.06,88.59,122.03
nic,4,0,15,2,19,16.51,15.86,50.13
nic,4,0,14,4,18,20.84,49.9,96.95
license,3,0,9,8,9,28.81,149.88,218.61
nic,2,0,10,5,16,19.1,77.61,117.58
passport,6,1,11,10,13,27.51,183.41,240
passport,3,0,15,11,18,39.19,270.06,240
passport,0,0,9,13,13,33.16,279.03,240
passport,4,0,15,10,10,36.91,242.42,240
passport,5,1,11,6,11,32.44,115.32,176.9
nic,0,0,9,2,11,17.84,30.53,35.24
license,6,1,14,4,12,21.34,45.12,92.3
nic,6,1,14,5,6,20.52,66.61,97.41
passport,2,0,10,8,18,29.59,143.91,234.76
nic,0,0,11,3,14,19.64,30.86,72.18
passport,2,0,9,12,12,33.05,254.94,240
passport,6,1,14,8,14,23.99,128.25,185.89
passport,5,1,14,10,10,27.33,180.86,240
nic,6,1,14,1,8,22.24,26.57,39.35
passport,4,0,15,12,14,30.08,246.87,240
passport,4,0,14,11,18,32.3,244.69,240
license,3,0,10,9,14,22.11,134.19,197.68
license,4,0,13,13,15,26.99,228.72,240
passport,5,1,14,14,18,40.65,380.97,240
license,6,1,9,3,10,23.28,37.88,44.06
license,4,0,15,11,11,24.42,179.35,240
passport,0,0,14,17,17,30.87,334.18,240
nic,5,1,11,4,4,24.74,65.03,89.75
passport,2,0,10,9,9,40.63,219.12,240
nic,2,0,11,6,19,20.13,69.84,131.77
license,6,1,9,3,7,21.84,54.99,59.99
passport,3,0,15,9,20,31.36,190.16,240
nic,3,0,9,6,6,18.58,72.34,111.19
nic,0,0,11,5,13,13.05,42.47,74.23
nic,4,0,10,5,5,21.68,76.36,101.7
license,4,0,15,5,8,19.7,61.72,94.01
passport,4,0,11,10,20,27.49,184.42,240
nic,0,0,14,10,12,29.3,180.77,240
nic,5,1,11,6,13,17.0,63.88,91.11
nic,5,1,14,8,14,18.03,104.63,162.49
license,2,0,11,12,12,24.4,188.0,240
passport,0,0,9,10,10,32.71,208.53,240
nic,6,1,13,12,14,18.74,138.85,218.97
passport,1,0,9,6,12,35.88,148.25,209.1
nic,6,1,13,9,13,17.38,110.37,157.9
passport,0,0,14,8,19,31.06,170.14,240
nic,6,1,9,2,8,19.16,23.6,25.97
license,6,1,10,4,8,24.07,60.09,84.85
license,2,0,11,9,9,20.67,113.17,180.25
passport,3,0,11,9,11,31.04,181.31,240
license,1,0,11,6,19,31.25,130.25,192.06
license,3,0,13,4,10,20.02,70.11,101.07
license,4,0,14,14,15,21.52,191.17,240
license,6,1,14,11,11,26.26,188.8,240
license,1,0,14,14,14,21.98,186.27,240
nic,1,0,15,7,11,24.47,97.1,149.49
nic,6,1,13,6,16,15.15,54.93,98.56
license,5,1,15,7,7,26.75,128.73,174.42
nic,1,0,9,6,6,17.68,63.51,98.76
passport,3,0,9,8,11,34.06,186.15,240
license,2,0,15,6,10,19.61,71.87,123.16
nic,5,1,10,10,10,12.5,84.6,117.83
passport,1,0,11,9,9,30.8,177.39,240
nic,6,1,13,8,16,19.11,95.02,150.51
passport,0,0,11,16,16,25.18,274.32,240
nic,2,0,11,4,19,11.62,28.5,57.33
license,6,1,13,6,20,16.85,61.77,108.38
nic,3,0,13,13,13,21.62,180.55,240
passport,3,0,15,7,9,33.21,163.86,217.15
passport,3,0,14,19,19,30.94,393.85,240
passport,3,0,15,6,14,34.55,141.51,220.47
license,1,0,11,6,12,15.26,55.65,94.19
passport,1,0,10,10,13,29.2,183.91,240
license,6,1,11,10,10,28.04,183.9,240
nic,0,0,9,3,13,22.61,47.16,84.52
license,4,0,9,6,7,28.43,107.71,164.03
license,1,0,10,7,10,27.98,143.22,203.3
license,6,1,9,9,9,27.61,159.01,227.07
nic,2,0,13,12,12,18.54,139.43,224.8
license,6,1,13,10,13,19.99,137.38,201.33
license,4,0,15,6,15,21.77,74.54,132.4
license,4,0,11,9,13,19.32,127.26,180.67
nic,4,0,15,11,11,14.82,103.59,167.86
passport,0,0,14,12,20,33.85,269.89,240
passport,1,0,9,3,19,29.0,58.25,83.68
license,1,0,9,4,12,27.85,64.58,105.75
passport,3,0,11,9,14,28.6,172.34,240
license,1,0,13,6,9,27.29,100.39,181.82
license,1,0,11,10,15,23.22,149.32,222.43
nic,1,0,15,12,12,17.75,131.92,209.96
license,1,0,14,10,16,30.55,199.76,240
nic,4,0,11,12,15,22.3,179.29,240
license,1,0,11,10,10,24.48,147.71,232.05
passport,6,1,13,7,11,37.76,185.1,240
passport,3,0,9,9,18,36.43,230.93,240
nic,1,0,11,8,8,18.76,111.85,151.92
nic,1,0,14,6,14,12.44,42.48,79.97
passport,4,0,13,14,19,31.47,290.44,240
nic,4,0,9,4,13,13.79,10.3,47.42
nic,0,0,11,6,10,23.42,93.72,143.82
license,5,1,14,8,10,18.9,95.29,147.65
passport,1,0,10,13,18,28.39,225.48,240
license,1,0,10,9,9,33.32,193.15,240
nic,3,0,10,8,16,20.62,101.09,171.74
license,5,1,9,6,9,23.11,93.65,120.54
license,4,0,9,2,4,25.22,23.98,52.62
nic,0,0,10,9,10,11.13,81.66,110.5
nic,2,0,11,5,9,19.54,62.67,104.84
passport,2,0,9,5,13,27.85,83.39,141.52
passport,5,1,15,5,11,35.07,102.03,162.29
nic,5,1,13,10,15,16.81,119.56,180.93
license,5,1,9,3,15,24.35,25.58,72.2
license,4,0,13,9,16,21.9,113.75,212.06
nic,0,0,11,6,10,24.83,88.64,152.2
license,1,0,15,7,16,29.17,134.49,213.43
nic,3,0,9,6,6,20.92,68.92,102.74
nic,2,0,15,4,14,19.26,50.09,88.39
nic,6,1,9,5,5,23.34,66.97,92.14
license,5,1,14,14,14,22.2,198.54,240
passport,4,0,15,13,13,33.89,295.36,240
license,1,0,15,4,5,30.87,79.92,115.25
nic,1,0,14,10,10,24.7,156.64,240
license,6,1,10,5,11,21.12,58.38,95.48
nic,4,0,15,4,11,12.76,28.82,58.36
nic,0,0,11,10,10,14.13,82.87,141.46
passport,3,0,11,5,14,34.95,111.41,170.56
nic,1,0,9,8,8,19.11,91.0,153.26
license,3,0,13,9,16,21.87,133.21,210.24
passport,2,0,9,7,9,33.83,159.18,230.79
nic,5,1,13,8,9,16.05,82.49,125.83
nic,3,0,9,12,13,20.91,152.36,240
passport,2,0,11,9,11,40.63,234.54,240
nic,3,0,14,12,13,10,97.94,137.49
nic,3,0,13,11,15,21.26,153.14,240
license,2,0,11,6,20,23.6,87.03,153.3
passport,0,0,9,7,11,36.65,172.35,233.52
nic,3,0,10,12,22,15.16,110.66,192.91
passport,5,1,10,6,6,31.01,107.45,165.95
passport,6,1,14,4,13,35.8,93.69,146.32
license,2,0,15,8,11,24.65,123.1,203.23
license,0,0,13,11,11,16.05,118.6,190.03
nic,3,0,15,9,9,18.22,87.19,156.44
license,2,0,14,15,15,32.03,326.51,240
nic,0,0,15,2,14,21.22,24.45,47.43
license,0,0,11,6,15,19.02,70.15,122.6
license,3,0,13,8,13,29.75,135.34,240
license,5,1,11,3,11,22.25,38.2,66.13
nic,0,0,13,14,14,27.24,247.42,240
passport,1,0,11,7,13,36.95,170.68,240
passport,4,0,10,10,20,34.55,213.03,240
passport,2,0,15,7,9,31.58,160.47,230.64
nic,0,0,9,3,10,19.83,37.87,54.67
license,5,1,11,3,3,27.14,52.46,64.96
passport,6,1,14,8,16,29.52,138.64,237.69
license,6,1,10,11,11,27.43,211.95,240
license,1,0,15,8,14,19.59,99.9,155.13
passport,4,0,14,14,18,33.93,315.97,240
passport,3,0,11,5,7,24.61,82.58,118.91
license,5,1,9,8,12,17.13,108.72,126.55
license,4,0,14,9,23,28.26,161.7,240
passport,0,0,9,7,9,35.85,162.75,240
nic,0,0,14,10,11,18.23,109.66,191.58
passport,6,1,13,7,14,38.31,175.5,240
license,6,1,15,7,7,25.87,126.31,168.97
passport,4,0,15,6,17,26.52,100.79,163.97
license,4,0,9,5,7,28.33,108.44,145.07
license,6,1,14,12,14,19.54,154.91,239.34
passport,4,0,14,14,18,26.64,249.62,240
license,6,1,10,9,9,23.15,110.49,176.92
passport,0,0,13,10,23,30.95,197.44,240
nic,1,0,15,10,15,17.8,122.25,174.26
nic,3,0,9,7,7,18.82,75.97,111.32
license,5,1,13,7,11,14.53,66.46,108.91
license,0,0,14,16,16,24.46,263.82,240
license,3,0,13,7,13,19.08,99.17,142.8
nic,4,0,13,6,19,19.79,65.77,135.06
passport,3,0,10,13,13,33.77,283.82,240
license,4,0,10,5,13,19.97,60.07,102.87
nic,1,0,11,8,10,19.84,106.21,162.55
nic,3,0,14,11,13,19.6,155.26,220.64
passport,2,0,10,15,18,30.88,295.51,240
license,5,1,9,8,8,24.49,121.25,174.55
nic,2,0,9,1,5,19.5,8.84,11.32
passport,5,1,13,8,15,31.3,157.6,240
nic,0,0,15,3,13,10.69,26.73,38.69
passport,4,0,10,11,19,33.53,264.72,240
passport,5,1,13,12,18,40.15,304.29,240
nic,3,0,15,8,14,16.37,83.34,135.12
passport,6,1,15,9,9,24.1,153.27,207.41
passport,1,0,15,11,22,38.44,277.64,240
nic,6,1,10,6,7,12.84,35.88,61.08
nic,4,0,11,5,16,20.05,64.33,99.8
license,0,0,11,4,8,24.95,52.85,90.84
license,5,1,11,7,7,31.39,155.63,202.94
nic,5,1,15,4,5,20.52,51.48,66.17
license,6,1,15,8,12,21.48,103.1,160.85
nic,3,0,11,12,14,18.51,153.48,233.7
nic,5,1,14,4,12,15.68,36.58,76.68
license,1,0,15,7,12,22.95,95.63,153.74
license,3,0,15,5,5,23.28,72.72,110.19
nic,4,0,14,11,11,21.75,146.06,230.43
passport,6,1,9,4,4,32.43,85.2,99.12
license,5,1,14,10,10,27.36,189.07,240
nic,2,0,13,8,14,16.46,95.5,148.68
nic,4,0,14,6,10,22.3,87.24,146.7
license,2,0,10,7,20,22.31,104.64,161.54
passport,1,0,15,13,13,32.97,274.92,240
license,4,0,11,4,7,23.35,65.91,91.05
license,2,0,13,9,10,29.29,168.3,240
passport,0,0,14,11,16,36.61,274.39,240
passport,1,0,13,11,15,29.51,210.78,240
license,3,0,15,9,9,23.28,131.27,207.84
license,3,0,11,8,8,21.88,124.66,179.61
nic,6,1,9,4,6,23.04,60.56,67.67
license,0,0,15,10,10,27.87,180.94,240
passport,6,1,13,10,10,26.47,166.76,240
license,2,0,15,5,13,23.35,90.11,125.44
license,5,1,9,2,5,26.9,31.71,46.53
license,2,0,15,6,13,23.41,88.34,152.21
nic,5,1,11,0,14,19.57,5,3
nic,4,0,13,9,14,10,57.99,97.76
license,2,0,10,5,13,21.86,64.36,101.67
license,1,0,13,17,17,21.77,240.02,240
license,4,0,14,2,14,22.92,44.34,66.71
passport,4,0,11,13,13,28.78,232.71,240
nic,1,0,10,14,14,13.39,109.98,180.04
license,5,1,10,9,10,26.82,157.79,222.71
passport,4,0,13,10,15,37.65,254.32,240
nic,4,0,13,6,17,19.89,84.45,142.58
passport,3,0,14,11,20,36.4,254.26,240
passport,3,0,11,11,11,33.64,230.37,240
nic,3,0,9,6,10,11.91,66.18,77.22
license,3,0,15,12,12,27.43,216.98,240
license,5,1,9,1,1,30.77,23.88,13.62
license,1,0,10,11,13,26.07,174.21,240
license,3,0,9,8,11,21.4,123.53,169.44
license,2,0,13,9,16,28.53,179.76,240
nic,0,0,10,11,11,19.1,133.76,194.14
license,0,0,13,8,14,18.17,100.12,165.61
license,6,1,14,13,17,19.47,155.42,240
nic,4,0,9,6,6,12.21,34.99,57.52
license,3,0,14,7,16,25.3,106.17,182.08
license,2,0,14,10,19,22.27,146.11,240
license,5,1,11,14,14,22.39,193.41,240
nic,1,0,10,12,14,19.18,145.37,226.14
nic,0,0,14,13,13,18.42,153.48,240
nic,3,0,15,10,19,22.07,133.74,221.1
passport,3,0,10,10,11,36.04,234.61,240
nic,3,0,15,10,11,18.76,122.3,188.76
passport,4,0,11,13,13,30.23,255.66,240
nic,6,1,15,8,10,18.64,106.28,149.27
license,5,1,15,7,7,19.88,83.23,125.3
passport,2,0,14,12,20,28.63,210.54,240
nic,0,0,13,9,10,19.86,101.94,180.93
license,5,1,14,10,10,11.2,78.98,107.65
license,5,1,13,5,8,19.84,70.17,109.92
passport,1,0,9,7,17,34.67,165.54,231.38
nic,4,0,9,4,10,22.87,66.85,90.34
passport,5,1,13,9,17,25.09,143.09,219.48
passport,0,0,11,15,16,33.73,323.49,240
license,2,0,9,6,10,23.45,84.83,122.42
passport,6,1,14,14,15,30.43,268.65,240
license,1,0,15,11,11,20.6,152.48,218.55
nic,3,0,11,13,20,19.96,170.76,240
license,2,0,13,10,27,18.22,110.47,205.68
passport,6,1,10,6,7,31.04,129.0,172.88
license,6,1,11,8,11,25.69,152.94,194.36
passport,1,0,14,14,16,28.73,262.72,240
passport,4,0,9,1,15,37.23,22.56,37.79
passport,3,0,9,10,13,36.15,244.65,240
nic,2,0,14,9,10,17.56,117.97,170.65
license,5,1,15,3,12,26.72,57.54,81.32
passport,6,1,15,10,10,34.25,234.47,240
passport,1,0,10,16,19,30.6,323.99,240
passport,6,1,15,7,10,32.67,135.54,208.79
license,6,1,14,7,15,26.33,121.73,181.76
passport,6,1,10,12,15,32.2,250.52,240
nic,6,1,9,5,9,16.75,72.18,84.98
license,1,0,11,9,11,21.45,134.37,201.65
nic,0,0,14,10,14,20.29,127.48,213.4
license,0,0,11,14,18,20.9,204.37,240
license,6,1,13,5,11,30.59,90.69,149.08
passport,4,0,14,7,21,38.62,180.08,240
nic,3,0,14,10,14,10,65.94,126.85
license,0,0,14,5,15,24.45,91.13,146.32
passport,1,0,11,12,18,36.84,286.95,240
nic,5,1,11,3,6,21.46,55.48,58.78
passport,6,1,10,3,15,30.48,68.68,88.0
passport,6,1,15,7,13,34.78,158.19,227.91
passport,1,0,11,15,20,37.93,367.56,240
passport,0,0,10,6,14,35.82,130.46,209.16
license,3,0,10,11,13,20.59,152.39,234.92
license,1,0,14,7,10,22.67,97.82,176.85
license,3,0,9,6,7,21.56,79.15,130.8
nic,5,1,13,10,10,16.14,115.98,173.05
license,1,0,13,13,19,31.5,269.47,240
passport,6,1,11,1,13,37.58,34.86,47.18
nic,2,0,11,5,16,20.64,61.27,105.31
passport,2,0,10,14,16,37.24,331.93,240
nic,5,1,11,7,16,23.33,97.01,157.62
passport,6,1,14,8,11,32.36,168.27,240
license,2,0,10,8,18,17.45,91.04,141.35
license,5,1,13,7,7,19.34,84.51,134.26
passport,4,0,13,16,18,39.5,403.79,240
nic,3,0,14,12,13,22.41,180.38,240
nic,3,0,11,7,11,20.43,90.27,145.42
license,2,0,11,10,10,20.79,129.0,204.7
nic,5,1,9,9,9,23.92,128.58,180.62
license,3,0,11,8,8,25.6,132.22,200.15
nic,1,0,13,4,18,21.71,55.6,117.32
passport,3,0,15,9,18,38.03,218.06,240
nic,6,1,15,5,7,10,23.56,44.33
license,1,0,13,7,11,22.93,96.48,172.45
license,6,1,10,5,9,27.37,89.42,128.6
passport,4,0,10,6,14,31.07,111.57,189.55
passport,0,0,11,1,11,34.23,25.26,39.6
passport,4,0,15,7,12,40.09,178.8,240
license,5,1,11,12,12,22.62,180.15,240
passport,5,1,10,9,9,33.22,181.96,240
passport,4,0,15,9,10,28.0,171.67,240
passport,5,1,11,8,8,27.64,142.62,194.44
license,5,1,11,5,9,26.7,89.45,121.07
nic,1,0,13,8,15,23.73,118.55,208.19
passport,3,0,13,8,18,26.83,140.29,225.12
nic,1,0,11,11,14,19.64,131.68,208.34
nic,6,1,14,11,11,14.77,103.75,157.73
nic,1,0,10,9,11,17.59,108.76,150.03
nic,2,0,9,7,9,18.31,87.05,118.37
passport,2,0,10,17,17,27.87,307.89,240
nic,2,0,14,8,12,21.2,102.88,171.26
passport,6,1,11,11,14,26.45,204.31,240
license,4,0,14,13,13,26.36,219.56,240
passport,4,0,14,11,12,36.03,253.77,240
nic,4,0,15,6,11,19.1,79.26,121.2
license,1,0,9,9,9,29.4,164.15,240
nic,2,0,11,5,8,14.58,35.89,62.7
passport,4,0,10,15,19,38.82,374.56,240
license,2,0,11,8,11,29.86,152.66,237.23
license,6,1,13,13,22,24.3,198.85,240
license,4,0,15,4,10,17.63,41.67,83.2
passport,5,1,14,10,10,33.53,194.51,240
passport,6,1,14,8,16,31.14,156.96,240
passport,0,0,10,8,13,33.54,167.02,240
passport,6,1,11,3,7,33.96,53.78,79.07
passport,3,0,14,11,16,37.28,265.73,240
nic,2,0,11,11,11,18.56,148.35,217.71
license,0,0,15,5,10,21.66,71.31,106.53
passport,1,0,14,9,12,30.92,195.83,240
nic,5,1,14,7,10,26.19,120.34,194.93
passport,2,0,14,12,16,36.78,284.92,240
nic,5,1,14,10,10,20.93,140.87,218.89
nic,1,0,13,7,11,17.93,79.22,148.46
nic,3,0,10,5,10,18.35,61.73,91.12
passport,0,0,15,11,11,34.33,233.84,240
nic,6,1,15,3,11,15.19,13.57,35.11
passport,5,1,14,7,14,30.97,148.66,220.09
license,6,1,13,11,16,19.0,136.08,224.61
nic,3,0,10,10,10,16.08,105.14,151.89
license,6,1,14,5,10,31.19,104.63,159.76
nic,5,1,13,4,12,12.08,28.89,54.06
passport,4,0,11,9,11,29.57,164.74,240
license,1,0,10,9,12,26.6,158.78,240
license,2,0,11,7,11,19.65,76.14,128.16
nic,6,1,11,4,4,16.4,35.07,55.35
license,3,0,14,13,13,24.79,200.47,240
license,6,1,15,0,7,29.05,5,3
nic,6,1,10,11,11,17.11,116.23,175.22
license,5,1,14,5,11,21.08,57.55,119.68
nic,3,0,13,8,17,16.28,78.43,154.78
nic,3,0,14,10,13,19.32,117.88,200.85
nic,6,1,13,6,10,22.65,97.91,140.54
license,5,1,15,5,14,22.75,94.87,117.78
license,6,1,11,5,6,25.0,89.08,109.41
license,5,1,9,9,9,20.67,114.66,157.02
nic,0,0,13,9,9,15.53,91.23,160.61
passport,6,1,11,8,21,26.06,141.28,202.51
passport,2,0,11,14,18,28.74,252.22,240
license,4,0,10,19,19,25.03,308.75,240
nic,6,1,15,4,9,15.93,31.21,46.87
nic,5,1,11,9,15,12.92,61.79,101.01
license,3,0,13,7,15,24.78,99.13,176.13
nic,2,0,13,4,21,18.97,49.06,94.01
passport,2,0,9,5,13,26.29,86.67,132.84
nic,1,0,15,6,9,10,32.52,66.77
nic,0,0,15,7,13,17.29,104.91,139.18
passport,4,0,10,10,13,29.97,194.07,240
nic,2,0,11,4,5,16.8,45.63,75.43
passport,6,1,13,4,8,27.83,67.29,112.06
license,2,0,15,6,10,21.34,86.96,125.53
nic,4,0,10,2,12,19.83,34.68,59.28
nic,4,0,11,13,13,16.66,131.82,222.59
passport,5,1,13,7,7,33.23,139.68,235.41
license,0,0,10,12,17,25.59,188.11,240
license,2,0,11,8,17,19.43,108.82,157.69
passport,4,0,14,16,16,38.43,411.25,240
license,0,0,14,6,12,22.5,100.01,166.76
nic,3,0,13,11,11,15.86,115.69,178.95
nic,2,0,11,7,11,24.22,115.31,173.52
passport,6,1,11,9,9,38.5,216.27,240
passport,2,0,11,8,13,30.67,171.75,240
nic,6,1,11,9,9,10.71,62.77,96.65
license,0,0,9,2,10,29.94,26.91,50.56
passport,4,0,15,8,13,27.56,142.1,228.41
nic,3,0,13,12,17,15.74,129.82,208.72
passport,2,0,14,10,18,40.47,275.59,240
passport,3,0,11,6,10,30.54,122.0,188.47
nic,3,0,10,12,12,14.36,112.94,175.24
passport,6,1,11,12,12,32.56,257.53,240
nic,0,0,11,6,11,21.73,71.46,124.05
passport,2,0,14,17,17,29.2,329.13,240
license,5,1,10,8,12,30.81,168.48,233.01
passport,3,0,14,17,19,26.88,288.25,240
license,0,0,9,12,12,23.88,191.35,240
passport,0,0,11,14,14,25.65,228.46,240
passport,4,0,10,13,15,37.02,323.36,240
license,5,1,10,10,10,19.73,132.93,198.54
license,4,0,11,7,12,23.29,112.5,169.38
license,1,0,14,11,15,25.34,177.04,240
nic,4,0,15,9,13,23.6,138.5,215.99
license,3,0,10,8,13,28.99,144.38,233.69
license,3,0,14,7,17,29.11,142.23,219.82
license,1,0,14,8,24,22.26,116.89,200.71
passport,3,0,10,5,14,28.81,96.02,145.83
nic,4,0,10,6,17,19.01,78.86,123.96
passport,2,0,10,7,14,27.91,126.68,197.67
passport,5,1,14,11,19,34.34,253.62,240
passport,4,0,15,6,12,33.56,127.71,192.9
passport,2,0,14,9,15,26.18,151.2,240
passport,6,1,14,16,16,38.95,399.71,240
nic,6,1,11,5,13,17.17,59.94,82.55
nic,5,1,13,7,12,12.89,68.81,101.18
license,6,1,13,7,21,20.82,100.1,166.03
nic,5,1,14,7,11,19.99,91.84,140.39
license,6,1,15,2,3,26.58,40.5,41.01
nic,1,0,13,9,14,22.45,125.4,210.87
passport,5,1,15,11,12,28.62,204.98,240
passport,3,0,14,9,17,41.18,242.56,240
passport,5,1,11,6,8,26.03,110.26,162.03
passport,4,0,13,7,16,31.9,150.64,234.74
license,1,0,13,8,11,18.92,103.61,170.42
passport,1,0,10,9,11,32.79,207.81,240
passport,1,0,11,11,12,34.12,245.68,240
passport,2,0,13,11,15,24.18,176.83,240
nic,5,1,14,14,16,12.47,129.19,191.14
passport,5,1,9,6,9,35.48,142.58,190.16
license,0,0,15,8,14,25.01,134.77,191.28
passport,3,0,13,9,16,29.38,179.14,240
license,5,1,9,5,5,24.51,83.1,94.3
license,6,1,14,12,12,22.93,179.91,240
passport,1,0,10,7,12,26.97,136.64,186.93
passport,4,0,13,7,13,36.12,162.2,240
nic,5,1,10,4,14,19.62,53.23,75.04
license,6,1,10,9,19,26.65,165.1,235.95
license,5,1,15,5,11,23.47,76.79,110.26
nic,0,0,13,3,9,16.64,22.49,74.93
passport,0,0,11,12,14,32.6,252.22,240
passport,2,0,10,14,15,29.61,262.82,240
nic,1,0,10,8,13,14.79,80.77,117.62
nic,2,0,13,9,11,21.23,107.5,202.78
nic,5,1,10,1,14,17.96,7.21,16.18
nic,2,0,15,6,16,10.62,50.37,72.79
nic,3,0,14,12,13,19.36,152.42,240
nic,6,1,13,11,11,19.75,142.69,220.78
nic,2,0,10,6,10,17.04,60.98,98.99
license,2,0,15,6,9,22.26,100.9,144.65
passport,3,0,9,11,11,35.0,264.96,240
nic,2,0,10,6,9,19.91,77.64,109.88
license,5,1,11,7,7,24.66,113.86,169.14
nic,2,0,15,9,9,22.46,132.05,196.27
license,1,0,10,8,19,23.53,116.73,182.76
nic,2,0,13,11,12,14.29,99.26,175.87
nic,0,0,14,12,12,23.02,188.93,240
passport,0,0,15,12,12,30.57,223.84,240
license,2,0,13,15,17,20.64,211.68,240
license,6,1,10,4,16,17.16,37.43,59.76
passport,0,0,13,8,10,28.55,155.44,231.01
passport,0,0,11,11,11,29.16,207.11,240
license,1,0,9,7,8,27.46,127.54,176.13
nic,6,1,13,11,11,14.87,106.51,174.55
passport,4,0,10,13,14,31.41,263.92,240
license,2,0,9,3,5,28.11,56.94,73.88
passport,6,1,10,11,11,34.25,259.55,240
passport,6,1,11,9,15,32.13,188.5,240
license,5,1,11,3,13,23.21,36.65,53.68
passport,0,0,10,7,22,30.97,133.19,211.47
nic,0,0,14,3,16,19.98,39.46,94.25
nic,3,0,9,5,7,17.21,54.09,88.18
license,0,0,15,7,12,24.72,116.56,171.73
license,0,0,11,5,19,20.9,63.07,106.18
passport,6,1,13,12,12,37.14,295.74,240
license,1,0,9,7,12,26.22,111.03,166.35
license,3,0,11,2,17,18.6,27.72,55.61
license,6,1,14,7,7,12.77,59.97,89.84
passport,6,1,9,9,9,32.57,208.82,240
license,3,0,11,3,12,17.07,27.54,52.55
nic,3,0,11,11,14,17.28,138.07,187.92
nic,2,0,14,8,15,19.46,110.97,181.23
passport,4,0,13,14,15,29.18,267.32,240
license,5,1,15,3,15,22.03,39.48,70.38
passport,3,0,14,8,14,34.64,185.36,240
license,1,0,9,1,7,16.02,5,16.43
nic,3,0,13,10,14,13.35,91.87,153.62
license,0,0,10,11,11,21.85,146.63,230.57
nic,2,0,15,6,12,19.9,65.35,114.12
passport,6,1,11,8,14,37.5,205.2,240
passport,6,1,14,11,12,30.04,214.68,240
license,4,0,10,8,12,27.71,134.16,218.48
nic,6,1,10,8,11,13.87,75.37,93.22
nic,6,1,10,9,9,16.67,94.75,127.01
passport,6,1,15,6,8,38.0,145.55,204.62
license,0,0,13,10,14,25.49,170.46,240
passport,5,1,11,9,14,33.42,194.06,240
nic,6,1,14,4,17,26.14,74.04,123.78
license,0,0,15,9,9,22.85,126.29,187.95
nic,4,0,11,1,13,22.96,8.43,33.11
passport,0,0,14,9,16,26.55,163.27,240
license,2,0,11,15,15,22.66,220.64,240
nic,6,1,13,8,8,17.83,97.94,143.97
nic,0,0,9,10,13,12.22,63.05,114.07
license,3,0,14,13,13,31.65,280.7,240
license,1,0,11,3,3,27.16,54.66,85.17
license,5,1,9,7,10,16.14,73.49,97.3
nic,5,1,9,7,12,12.47,52.53,88.42
license,1,0,13,12,21,22.21,179.34,240
nic,0,0,10,9,10,20.55,110.56,185.9
nic,1,0,15,7,14,10.08,46.84,78.42
passport,1,0,11,8,8,37.85,209.35,240
passport,6,1,11,7,12,29.82,128.61,196.21
license,4,0,9,4,14,25.67,67.31,99.85
nic,2,0,10,12,14,17.51,123.48,209.37
passport,5,1,9,6,6,32.31,124.28,173.05
license,2,0,13,10,22,14.23,88.92,161.61
nic,5,1,10,8,8,19.51,102.91,141.68
passport,4,0,9,6,14,32.2,118.57,192.24
nic,5,1,11,9,9,13.01,64.68,100.38
nic,5,1,11,5,8,21.14,54.05,89.68
passport,1,0,14,10,12,29.28,183.7,240
passport,0,0,9,8,15,27.97,154.96,227.78
license,0,0,11,6,15,20.74,90.76,144.09
nic,6,1,15,9,9,19.77,112.73,159.55
passport,5,1,11,5,5,36.38,108.57,162.35
passport,2,0,14,11,18,27.7,195.7,240
nic,5,1,13,6,6,19.58,95.07,120.05
passport,2,0,11,9,10,42.43,247.71,240
nic,4,0,15,9,12,18.28,110.45,173.46
nic,1,0,9,2,14,15.61,19.27,39.26
license,2,0,15,7,18,22.91,111.97,176.78
license,2,0,13,11,18,26.83,182.08,240
nic,2,0,10,8,21,13.98,76.15,121.58
license,3,0,13,12,12,23.03,179.95,240
license,1,0,15,4,21,23.58,54.2,95.21
passport,5,1,15,10,10,28.44,190.38,240
passport,3,0,10,11,18,33.98,235.49,240
license,0,0,9,7,12,30.9,143.75,210.36
license,6,1,14,7,10,19.45,94.17,138.55
passport,6,1,10,7,14,27.26,137.72,176.69
license,4,0,15,10,12,26.41,180.21,240
license,6,1,15,5,5,22.92,79.14,101.58
license,1,0,14,9,9,19.96,104.1,172.22
license,1,0,13,7,13,32.24,148.91,236.88
nic,5,1,10,5,5,25.09,82.39,108.86
license,4,0,14,8,17,26.76,127.53,221.02
license,0,0,15,4,13,26.83,66.36,101.67
passport,0,0,13,21,21,36.57,499.37,240
passport,4,0,11,10,12,27.39,180.16,240
passport,3,0,13,7,16,26.12,125.84,201.57
passport,4,0,11,17,21,35.09,387.45,240
passport,2,0,15,12,21,28.85,221.43,240
nic,5,1,9,10,10,12.5,79.12,111.87
passport,1,0,15,9,11,31.87,168.29,240
passport,2,0,11,12,17,33.81,275.58,240
nic,3,0,11,8,11,21.94,103.73,171.4
passport,1,0,10,13,15,34.14,294.65,240
license,6,1,13,13,13,26.66,225.04,240
nic,5,1,14,6,14,21.12,66.79,132.33
license,6,1,14,6,7,25.2,117.37,155.26
license,6,1,15,9,9,25.98,153.31,217.14
nic,3,0,15,6,15,18.29,87.09,124.75
nic,2,0,14,8,14,15.72,85.51,143.51
nic,4,0,14,2,19,22.01,31.44,71.0
license,2,0,15,3,12,23.19,49.08,70.06
license,6,1,9,5,12,20.31,63.75,90.41
nic,1,0,9,6,6,17.98,69.65,99.58
nic,3,0,9,7,11,14.28,68.9,91.85
license,6,1,15,5,12,30.3,96.32,150.43
passport,6,1,9,6,11,34.56,135.45,186.87
nic,5,1,10,9,9,19.98,124.18,171.66
nic,6,1,9,4,11,23.16,64.73,84.51
passport,2,0,11,11,19,30.9,220.11,240
passport,6,1,10,7,10,33.14,170.96,214.31
license,3,0,10,12,12,20.13,157.9,236.49
license,6,1,14,11,11,19.92,137.81,205.79
passport,3,0,13,9,12,32.64,188.95,240
license,3,0,13,9,13,25.14,156.73,232.5
license,3,0,15,7,10,22.22,99.52,161.54
nic,2,0,11,10,14,15.43,108.21,170.02
nic,5,1,15,3,10,10.73,21.58,31.63
license,5,1,9,0,8,20.18,5,3
license,5,1,9,4,5,27.76,69.16,97.04
nic,4,0,9,6,6,15.32,70.23,89.27
passport,6,1,11,7,7,27.95,119.62,175.06
license,4,0,11,9,22,24.48,150.09,222.95
nic,0,0,15,9,9,19.12,112.44,166.5
license,5,1,11,9,16,20.55,130.18,178.38
nic,5,1,11,8,8,27.35,147.34,200.18
license,5,1,14,6,7,22.5,78.78,116.53
license,1,0,15,7,10,17.68,94.6,128.53
nic,5,1,9,3,7,13.41,10.39,32.19
passport,3,0,9,8,18,31.44,162.43,240
passport,2,0,15,5,14,34.53,108.17,174.58
license,2,0,14,10,10,26.02,163.02,240
passport,1,0,13,13,19,36.56,290.69,240
license,3,0,13,11,21,27.57,206.5,240
passport,6,1,9,6,11,30.79,120.65,166.94
nic,3,0,10,10,17,23.73,146.82,227.14
license,4,0,13,9,12,26.27,142.5,240
nic,2,0,10,4,10,17.84,35.47,73.67
license,4,0,14,8,13,25.29,127.53,207.92
license,0,0,9,7,15,21.4,106.29,153.67
passport,1,0,10,10,22,37.4,237.36,240
nic,1,0,13,8,12,19.22,101.06,165.8
nic,2,0,10,11,11,20.48,161.0,223.77
license,3,0,11,11,20,25.3,192.87,240
nic,3,0,10,5,19,16.72,49.56,97.61
nic,5,1,9,6,12,22.98,98.92,122.5
nic,3,0,9,4,9,13.68,41.68,56.66
nic,1,0,9,6,12,17.52,76.56,116.37
passport,5,1,10,8,8,32.97,177.42,240
nic,0,0,13,13,18,21.84,179.06,240
license,4,0,11,9,15,24.44,139.71,217.5
passport,1,0,13,17,17,18.5,195.75,240
passport,4,0,10,9,9,33.76,198.89,240
license,2,0,9,3,10,26.38,54.9,85.38
license,1,0,11,4,12,30.2,74.4,114.15
nic,4,0,14,5,14,18.18,61.48,105.25
passport,5,1,15,3,10,36.17,62.94,94.21
passport,6,1,11,9,15,30.02,173.25,240
passport,3,0,13,11,23,31.42,232.53,240
passport,3,0,11,8,15,30.81,170.57,240
license,1,0,13,9,18,29.78,171.26,240
nic,3,0,13,11,11,14.1,104.93,162.13
license,6,1,11,5,7,22.1,69.64,111.04
nic,3,0,10,9,13,15.64,104.33,146.91
license,3,0,9,9,12,12.92,64.55,116.63
nic,6,1,15,1,8,13.51,5,9.1
nic,2,0,15,12,12,17.1,126.92,206.03
nic,1,0,10,10,10,22.18,145.6,227.65
license,6,1,14,7,17,16.36,63.7,120.09
nic,3,0,14,11,11,16.97,128.85,197.41
passport,4,0,11,6,12,28.31,122.68,166.94
passport,5,1,14,6,10,35.51,134.52,210.35
passport,5,1,10,7,7,36.25,156.34,240
passport,5,1,9,2,6,31.61,48.52,58.49
nic,1,0,10,6,10,23.76,79.18,135.6
passport,6,1,11,8,10,25.39,131.64,192.02
license,3,0,11,8,11,26.02,141.97,193.32
nic,2,0,9,6,14,15.61,64.2,88.14
license,1,0,9,2,10,22.43,22.59,35.6
license,5,1,10,11,11,27.28,187.02,240
passport,1,0,10,8,12,31.17,179.59,240
passport,1,0,15,13,15,25.83,212.73,240
passport,6,1,15,6,10,33.95,131.36,196.48
passport,3,0,10,10,17,33.08,210.8,240
license,4,0,13,14,14,26.47,220.15,240
passport,0,0,11,9,18,29.39,173.35,240
nic,0,0,14,7,12,15.34,67.84,118.71
passport,0,0,13,8,11,26.65,123.33,219.87
nic,0,0,10,1,4,20.46,9.18,25.59
passport,0,0,10,11,13,27.97,206.58,240
license,6,1,15,8,10,23.26,120.53,168.87
nic,0,0,14,7,10,14.23,78.01,108.62
nic,4,0,14,14,14,16.28,153.07,240
license,3,0,9,6,11,26.02,107.09,142.58
license,4,0,15,5,12,19.79,66.47,101.22
nic,0,0,14,8,12,17.78,91.89,156.36
license,2,0,9,6,10,30.25,114.32,175.75
nic,0,0,13,10,10,17.58,106.86,184.2
license,6,1,13,6,17,17.55,89.31,115.99
nic,2,0,11,6,17,19.49,80.19,123.84
nic,3,0,13,6,9,19.74,80.59,127.75
license,0,0,11,10,13,21.86,134.56,229.56
nic,5,1,14,6,16,23.18,84.13,139.48
nic,0,0,13,3,15,15.83,33.2,74.52
nic,6,1,14,8,9,19.92,85.95,151.28
passport,2,0,9,1,3,35.04,7.54,19.76
passport,4,0,14,11,11,29.49,196.5,240
passport,4,0,9,9,12,31.55,173.01,240
passport,3,0,15,11,17,36.5,258.03,240
passport,4,0,14,8,19,30.26,154.29,240
nic,2,0,14,10,20,15.14,101.05,168.74
nic,2,0,10,4,16,17.64,54.45,83.25
passport,0,0,13,10,14,27.97,193.73,240
license,1,0,13,7,21,18.92,87.73,156.34
nic,5,1,15,10,17,24.75,157.76,240
passport,1,0,9,9,12,34.5,215.56,240
passport,5,1,14,11,11,28.73,201.44,240
passport,6,1,13,11,13,32.32,218.65,240
nic,6,1,11,11,11,19.35,149.68,218.69
nic,1,0,11,10,19,21.9,142.64,231.34
passport,5,1,10,10,15,23.42,159.83,225.22
license,6,1,13,14,16,18.62,170.21,240
passport,6,1,9,5,9,31.45,109.92,148.07
nic,6,1,13,2,12,18.25,21.87,53.44
license,6,1,15,4,9,26.52,67.32,94.82
license,5,1,13,7,12,32.76,144.09,228.14
nic,2,0,13,8,8,21.25,99.11,175.31
license,3,0,13,13,16,25.58,216.98,240
passport,0,0,11,12,19,36.16,274.47,240
license,4,0,14,15,15,24.78,238.49,240
nic,0,0,15,8,13,19.57,117.6,167.99
nic,0,0,11,5,11,17.66,42.97,90.12
nic,6,1,10,6,9,16.08,43.64,81.38
passport,3,0,13,17,23,35.25,387.58,240
passport,5,1,15,7,11,29.98,145.65,205.0
nic,3,0,15,4,12,14.87,31.13,65.55
license,3,0,13,15,15,23.25,218.94,240
passport,0,0,14,9,16,32.42,180.93,240
license,1,0,14,7,16,22.9,108.82,176.16
license,4,0,14,10,10,23.4,144.24,235.05
nic,3,0,11,7,15,20.13,98.95,145.15
license,0,0,13,6,16,22.45,91.73,147.92
license,1,0,15,3,10,23.77,49.17,77.58
passport,6,1,13,7,13,33.06,158.84,240
passport,1,0,9,9,15,33.91,207.99,240
nic,0,0,9,4,15,14.61,26.11,56.75
passport,2,0,11,7,14,28.53,128.8,203.39
nic,4,0,13,11,14,18.96,139.41,229.85
passport,2,0,13,10,12,28.13,200.02,240
nic,5,1,14,5,5,20.47,62.58,97.14
passport,3,0,14,6,20,30.51,114.49,205.0
license,2,0,15,4,15,20.72,52.33,88.05
license,4,0,10,7,18,29.06,125.25,196.62
nic,6,1,15,3,5,19.29,27.94,49.17
license,3,0,13,9,12,26.4,168.01,240
nic,3,0,14,6,18,12.13,36.67,92.38
nic,3,0,13,4,10,18.95,47.62,91.45
license,6,1,13,8,13,18.96,111.73,164.48
license,2,0,15,8,8,25.34,127.35,203.27
nic,1,0,9,5,10,10.9,28.63,45.33
license,2,0,11,8,9,27.39,129.38,209.2
nic,1,0,9,3,12,20.02,29.56,61.82
nic,4,0,10,11,11,14.73,104.41,161.33
passport,1,0,15,6,6,29.62,118.16,174.3
passport,2,0,11,14,14,28.78,260.79,240
nic,1,0,11,2,9,17.53,25.2,40.65
passport,2,0,9,8,8,33.88,191.8,240
license,5,1,14,7,8,21.19,100.47,154.02
passport,6,1,10,14,16,36.59,333.66,240
license,2,0,15,6,8,15.22,70.47,105.61
passport,5,1,15,8,15,29.62,161.21,231.91
passport,3,0,10,11,13,34.94,255.73,240
nic,1,0,13,8,14,20.34,101.96,178.16
license,6,1,10,12,12,22.43,170.99,240
nic,2,0,9,7,8,23.64,97.57,154.47
nic,3,0,10,10,10,19.35,115.09,185.57
passport,4,0,10,14,14,29.25,267.11,240
nic,4,0,14,6,15,15.87,72.56,113.49
nic,1,0,13,8,15,16.75,79.93,135.35
passport,6,1,10,9,17,35.31,196.03,240
nic,0,0,15,4,14,15.49,30.71,75.7
passport,1,0,13,13,16,34.79,293.33,240
nic,5,1,14,8,8,19.88,105.87,153.76
license,0,0,15,0,17,25.95,8.53,27.42
passport,3,0,15,6,13,30.79,120.67,176.62
passport,4,0,11,5,14,30.34,94.1,150.85
license,6,1,11,7,11,16.7,66.98,104.32
nic,2,0,14,7,12,13.83,80.81,115.9
passport,2,0,13,9,19,26.97,159.08,240
nic,1,0,11,11,11,22.13,159.29,240
passport,6,1,13,6,19,32.28,117.65,201.05
nic,2,0,11,6,11,11.48,40.32,78.33
passport,1,0,11,15,15,33.98,322.54,240
passport,3,0,14,14,15,28.64,263.72,240
license,3,0,11,9,12,25.27,136.67,222.84
license,1,0,13,3,14,21.69,35.02,79.77
passport,4,0,11,9,13,29.65,171.46,240
license,2,0,11,7,7,31.13,131.45,199.95
nic,3,0,15,10,14,15.27,102.57,154.0
passport,1,0,9,14,14,39.1,358.89,240
passport,1,0,10,9,13,38.92,229.09,240
passport,5,1,10,12,12,30.51,236.64,240
license,5,1,15,9,9,22.32,133.21,188.03
passport,5,1,15,11,11,25.67,184.4,240
license,3,0,14,14,14,20.29,173.54,240
nic,0,0,13,12,12,17.87,121.28,228.41
passport,4,0,11,9,12,38.68,219.91,240
passport,1,0,14,8,14,33.28,169.96,240
license,0,0,14,8,19,21.14,119.71,194.33
nic,3,0,13,12,12,14.88,120.38,205.16
nic,2,0,13,9,11,18.3,126.34,181.11
license,6,1,15,0,7,22.52,12.52,3
passport,3,0,10,12,20,32.32,263.48,240
passport,3,0,9,2,13,32.52,52.7,67.48
license,3,0,9,0,6,26.75,5,3
license,5,1,14,8,8,14.59,86.23,119.69
nic,2,0,11,1,4,23.15,6.48,17.59
license,5,1,14,3,8,27.73,42.82,87.44
passport,6,1,9,6,12,36.91,146.94,195.52
nic,6,1,9,3,3,16.62,40.02,41.76
nic,2,0,13,8,14,22.99,130.91,207.54
passport,4,0,10,8,11,27.96,146.62,218.71
license,1,0,10,9,12,22.65,134.87,203.92
nic,5,1,10,4,9,19.83,53.36,74.9
nic,1,0,13,6,8,16.57,58.64,118.12
nic,1,0,13,9,16,18.84,93.29,175.48
passport,1,0,9,8,9,31.56,165.36,240
license,6,1,13,6,8,24.31,105.0,144.91
nic,0,0,15,9,11,10,44.79,89.15
passport,6,1,11,1,16,25.08,18.43,23.96
passport,6,1,11,6,11,33.56,146.55,200.87
passport,0,0,11,8,13,36.55,186.42,240
passport,5,1,9,9,9,29.96,176.53,240
nic,6,1,11,12,14,19.83,147.49,216.03
license,0,0,14,12,13,20.38,151.54,240
nic,0,0,13,13,13,17.45,139.81,240
license,1,0,10,9,14,24.63,156.15,225.56
passport,3,0,10,8,11,36.48,194.31,240
nic,0,0,9,2,10,17.63,18.16,43.26
nic,3,0,13,8,12,16.33,85.3,139.45
license,0,0,9,9,9,16.63,100.26,134.51
license,0,0,10,8,11,27.26,125.46,209.18
nic,3,0,13,9,14,20.63,130.41,200.44
passport,1,0,15,12,15,29.45,226.22,240
nic,0,0,14,4,12,21.4,58.37,93.55
nic,4,0,11,10,10,17.97,112.09,189.96
passport,0,0,10,11,11,26.95,196.98,240
license,5,1,10,7,16,23.86,99.38,163.34
nic,2,0,14,9,17,19.33,111.04,195.03
passport,5,1,14,7,16,31.66,142.48,216.76
license,0,0,9,9,9,24.05,141.87,214.49
nic,6,1,10,9,9,22.22,132.63,193.16
nic,0,0,14,7,11,18.5,86.27,143.36
passport,5,1,15,8,14,25.15,127.6,191.11
nic,3,0,9,5,6,13.64,56.07,61.56
license,4,0,13,11,20,22.33,174.0,240
passport,6,1,9,2,10,37.61,50.69,61.53
nic,4,0,15,7,7,17.3,81.86,120.03
passport,6,1,11,7,7,30.49,130.31,192.88
passport,1,0,11,11,11,29.42,212.21,240
nic,6,1,9,2,8,25.64,41.13,46.32
nic,1,0,10,5,9,13.61,44.0,89.01
nic,2,0,13,7,13,15.9,73.41,134.5
nic,4,0,11,4,8,13.66,38.11,63.4
license,4,0,13,10,11,21.52,139.82,221.13
license,1,0,10,9,10,21.37,113.04,187.6
nic,1,0,15,8,10,19.19,94.32,142.66
nic,5,1,14,7,11,14.73,59.64,110.85
passport,1,0,15,5,15,32.7,119.01,164.32
nic,5,1,10,9,9,14.94,76.27,117.83
passport,1,0,10,7,15,34.84,157.83,240
nic,3,0,15,10,15,24.55,155.12,240
passport,6,1,9,9,13,34.59,208.11,240
license,2,0,10,7,17,23.28,94.26,170.18
license,4,0,13,11,17,23.33,168.35,240
license,0,0,15,11,16,20.82,146.65,233.49
passport,1,0,9,10,13,31.5,215.18,240
passport,5,1,11,12,15,38.34,292.39,240
passport,1,0,15,9,9,23.44,136.51,214.36
nic,3,0,11,10,12,12.27,82.57,130.9
passport,2,0,10,5,10,34.47,111.74,167.42
nic,5,1,14,8,8,12.4,56.35,105.67
nic,2,0,10,9,10,17.19,104.25,146.11
nic,6,1,14,12,12,21.17,168.84,240
license,1,0,9,5,13,25.88,80.95,124.11
nic,0,0,15,9,9,17.96,99.49,161.26
nic,5,1,13,3,9,27.4,50.87,82.62
license,0,0,11,13,13,23.52,187.15,240
passport,0,0,15,15,15,28.58,274.01,240
license,0,0,10,2,15,17.2,13.13,40.54
license,5,1,9,5,8,30.08,104.21,130.01
nic,0,0,9,7,11,15.95,88.36,128.2
nic,3,0,9,8,9,26.31,142.52,195.02
license,4,0,13,10,17,14.07,85.73,156.6
nic,0,0,10,11,13,23.82,176.7,240
passport,0,0,13,10,11,27.4,167.26,240
passport,4,0,11,14,22,30.03,268.03,240
passport,3,0,9,10,10,29.79,187.63,240
license,3,0,9,6,6,20.73,87.97,123.88
license,5,1,14,7,10,34.77,151.55,230.46
nic,6,1,13,6,6,19.38,80.65,114.97
license,3,0,15,11,14,18.83,137.82,205.23
passport,3,0,9,3,12,35.11,72.97,105.92
license,4,0,9,9,9,30.29,179.57,240
nic,1,0,11,11,11,20.11,144.47,213.96
passport,4,0,15,12,17,31.05,253.23,240
nic,2,0,11,5,5,11.19,47.24,59.67
nic,0,0,9,7,11,19.75,80.79,136.28
passport,2,0,15,9,15,38.94,229.85,240
passport,0,0,14,9,12,37.71,215.88,240
passport,1,0,11,11,17,32.25,244.35,240
passport,0,0,13,4,16,27.9,69.39,124.26
passport,3,0,10,4,15,25.81,62.2,106.69
license,1,0,11,4,15,25.12,58.12,114.36
license,6,1,11,2,14,24.73,30.01,41.48
nic,6,1,10,2,12,13.72,14.54,21.66
passport,4,0,15,10,10,30.88,204.92,240
passport,5,1,14,6,18,30.41,121.27,190.9
nic,5,1,14,7,11,23.13,105.3,164.56
license,0,0,10,6,12,28.05,108.82,162.12
passport,1,0,15,8,13,38.0,197.09,240
license,1,0,11,7,14,26.77,125.63,191.45
passport,5,1,10,9,12,31.48,185.51,240
passport,0,0,9,5,6,31.2,92.67,143.72
license,1,0,15,6,14,18.0,61.1,105.37
nic,2,0,9,2,7,12.65,5,20.86
passport,0,0,10,12,22,32.96,251.61,240
passport,0,0,14,11,15,29.55,202.09,240
nic,5,1,10,4,4,19.49,48.99,58.98
nic,5,1,10,7,9,16.64,59.57,95.23
passport,5,1,15,10,10,27.69,182.33,240
passport,3,0,11,13,13,34.64,290.66,240
passport,4,0,9,3,6,31.1,55.58,86.72
nic,0,0,10,3,10,19.83,36.51,67.34
nic,4,0,14,9,11,17.07,95.04,167.02
passport,5,1,15,7,14,31.64,140.04,205.37
license,6,1,9,3,8,23.99,55.29,63.52
passport,3,0,11,7,14,28.56,143.2,205.2
passport,2,0,14,10,17,39.9,252.22,240
nic,5,1,11,7,7,14.28,77.17,85.85
passport,1,0,9,8,14,28.72,152.1,220.25
nic,5,1,9,5,10,23.5,77.56,98.14
license,1,0,13,8,15,22.22,119.13,192.09
license,4,0,9,15,15,19.42,185.42,240
passport,6,1,14,8,14,30.44,151.79,232.99
license,4,0,11,6,10,30.79,116.4,177.59
passport,3,0,11,10,12,32.2,208.52,240
nic,2,0,10,16,20,16.88,174.94,240
license,2,0,11,9,21,25.1,137.65,220.81
license,2,0,9,7,14,28.3,115.33,198.18
license,4,0,15,8,8,27.56,152.29,217.44
nic,4,0,15,8,18,19.24,98.88,162.06
passport,5,1,9,7,7,31.03,156.67,205.19
passport,0,0,10,11,14,31.46,213.87,240
license,5,1,9,3,10,16.35,33.67,34.16
nic,5,1,14,7,9,12.24,56.94,93.78
license,6,1,13,1,12,23.08,17.96,33.3
passport,4,0,14,12,20,33.61,250.12,240
passport,6,1,13,8,12,27.49,147.81,217.26
nic,4,0,10,7,7,21.17,90.08,147.8
nic,2,0,14,11,11,17.33,120.16,203.62
license,2,0,13,9,17,23.74,138.36,233.63
nic,4,0,10,5,15,19.91,66.43,115.08
passport,4,0,13,10,21,25.04,150.14,240
passport,4,0,13,8,15,25.24,124.77,200.32
license,1,0,9,0,1,19.99,5,3
license,0,0,11,8,9,32.52,152.08,240
license,5,1,9,8,8,25.01,134.1,181.48
passport,2,0,13,7,13,36.62,167.2,240
license,0,0,14,11,18,16.91,121.96,223.03
license,0,0,14,8,17,24.14,124.83,209.22
nic,3,0,10,6,9,21.68,79.84,124.46
passport,2,0,13,10,14,32.5,201.6,240
passport,0,0,15,9,21,33.73,200.23,240
nic,6,1,10,5,14,17.14,49.11,78.09
license,6,1,11,4,15,28.61,77.91,100.51
nic,0,0,14,4,12,20.97,55.0,101.73
passport,6,1,15,7,9,26.94,99.41,167.16
nic,5,1,9,3,6,14.51,18.75,29.28
license,1,0,14,10,15,19.53,127.5,207.82
nic,5,1,13,4,12,13.02,41.85,58.64
license,0,0,15,6,12,28.14,115.9,165.3
passport,2,0,9,10,21,30.73,199.88,240
passport,0,0,10,14,14,32.17,289.18,240
license,0,0,15,9,18,23.86,135.44,210.89
passport,3,0,13,4,19,27.38,63.16,137.36
license,1,0,9,4,13,19.85,48.6,87.09
passport,2,0,10,12,13,39.67,306.81,240
nic,4,0,11,10,17,20.84,133.86,206.85
nic,5,1,9,5,5,20.84,58.56,84.98
passport,4,0,9,7,17,28.88,135.47,195.83
license,1,0,10,10,11,17.08,99.43,174.07
license,2,0,15,7,21,23.56,105.68,174.52
passport,4,0,11,9,12,30.38,171.42,240
passport,5,1,11,2,13,39.95,50.61,86.62
license,4,0,13,13,13,27.04,231.86,240
nic,5,1,14,10,10,12.7,75.42,127.6
nic,1,0,14,5,9,10,34.13,61.56
license,6,1,10,7,11,29.16,142.02,202.77
nic,3,0,13,11,18,22.27,155.33,240
license,4,0,13,0,12,23.86,5,31.61
nic,5,1,15,11,11,27.25,197.24,240
nic,6,1,14,5,8,10,35.73,43.41
nic,5,1,13,10,11,24.81,137.71,237.27
passport,2,0,13,8,17,36.54,196.67,240
passport,3,0,11,10,19,25.44,157.5,240
nic,2,0,11,5,14,16.72,52.46,89.69
license,5,1,11,11,11,28.18,192.1,240
license,1,0,15,5,6,19.3,61.69,93.84
nic,2,0,10,8,14,17.74,88.04,142.2
passport,1,0,11,10,19,30.74,199.68,240
nic,2,0,9,6,13,12.36,36.8,78.11
license,6,1,13,8,11,32.8,173.41,240
nic,3,0,10,1,2,16.87,10.55,23.9
license,1,0,15,7,16,24.15,117.99,165.83
license,0,0,14,7,13,22.85,111.66,181.26
license,3,0,13,12,16,31.82,261.01,240
license,4,0,15,9,11,31.1,187.05,240
nic,0,0,14,8,11,15.96,88.38,143.56
nic,5,1,14,3,9,25.32,45.98,86.02
license,5,1,14,12,13,24.14,183.92,240
license,3,0,13,8,11,26.72,146.86,225.87
nic,6,1,15,0,7,24.06,5,5.58
passport,0,0,15,6,15,37.35,155.64,226.58
license,3,0,11,8,19,25.68,142.75,206.95
nic,5,1,14,7,7,13.13,70.04,90.33
license,0,0,10,7,15,15.82,70.97,111.11
passport,4,0,9,8,9,31.37,165.81,240
nic,6,1,13,6,10,13.96,57.78,94.36
license,1,0,15,5,13,16.83,44.5,83.61
nic,6,1,10,8,10,30.06,151.73,221.52
nic,2,0,14,12,12,11.85,93.55,168.1
nic,3,0,9,3,12,12.66,25.89,37.08
license,3,0,15,6,15,22.31,78.03,146.06
nic,1,0,13,8,21,14.94,78.59,136.32
passport,2,0,10,13,13,34.0,279.46,240
passport,5,1,14,1,11,29.17,30.41,34.22
license,0,0,15,2,15,27.15,48.14,64.7
nic,6,1,9,3,11,23.51,37.09,51.25
passport,3,0,13,11,15,36.07,269.47,240
nic,5,1,13,7,7,10,41.25,65.61
nic,0,0,14,8,14,22.21,114.02,187.45
passport,2,0,14,12,16,34.97,269.58,240
nic,5,1,10,3,13,12.5,19.09,31.97
license,2,0,10,8,16,25.51,133.71,214.53
license,3,0,14,5,20,21.85,62.91,132.95
nic,6,1,15,6,11,17.27,79.3,103.52
nic,3,0,9,5,5,12.29,36.3,57.22
license,4,0,15,3,18,26.94,50.97,80.98
nic,5,1,13,10,16,18.93,108.82,204.98
passport,4,0,13,11,11,30.46,219.65,240
nic,6,1,14,7,14,23.31,109.38,168.18
license,1,0,15,9,16,21.38,109.88,190.86
nic,2,0,10,2,10,15.21,17.82,23.01
passport,2,0,11,9,16,29.68,172.46,240
nic,0,0,11,7,12,16.71,76.93,126.79
nic,1,0,10,5,11,20.16,76.58,108.74
passport,4,0,14,11,20,30.86,232.78,240
license,4,0,15,6,12,26.37,115.92,164.66
passport,1,0,14,10,12,34.72,210.35,240
nic,2,0,13,5,17,10,30.07,68.11
license,1,0,11,8,10,23.31,111.73,176.34
passport,3,0,13,15,15,30.74,301.72,240
license,2,0,13,10,19,25.17,162.84,240
nic,4,0,9,6,11,20.67,76.22,129.45
passport,6,1,15,9,9,32.01,181.49,240
nic,2,0,15,6,6,16.77,60.19,106.16
license,0,0,13,13,13,27.59,212.11,240
nic,4,0,11,6,14,23.98,99.37,144.31
license,6,1,13,7,16,30.94,132.65,225.34
nic,5,1,9,1,6,21.45,17.72,16.62
nic,5,1,15,5,9,15.54,49.82,71.01
passport,4,0,9,5,7,29.25,90.37,128.04
nic,6,1,15,5,5,23.09,80.3,102.42
nic,3,0,13,6,9,15.23,82.26,116.76
nic,0,0,13,7,8,24.62,117.45,181.05
nic,6,1,14,5,9,17.64,41.84,89.73
nic,5,1,9,5,5,11.8,32.58,37.99
nic,1,0,15,2,2,13.72,7.66,27.48
nic,2,0,14,6,8,25.8,92.99,153.74
passport,6,1,9,6,14,30.75,125.54,173.34
license,5,1,10,5,8,30.5,99.5,141.61
nic,4,0,15,8,10,18.57,91.64,135.17
license,2,0,10,8,16,26.76,138.62,215.77
nic,3,0,14,7,15,21.42,99.47,175.95
license,1,0,11,10,13,18.58,122.01,194.96
nic,0,0,10,10,10,18.6,123.04,185.23
license,3,0,10,5,13,21.12,71.14,126.46
passport,0,0,15,11,11,29.59,215.41,240
nic,6,1,15,3,5,16.57,27.16,38.7
nic,4,0,13,5,7,17.04,63.39,101.21
license,0,0,14,11,14,24.74,190.12,240
passport,5,1,14,12,12,31.52,247.49,240
nic,3,0,13,12,14,19.23,155.78,240
passport,3,0,14,10,12,30.38,189.03,240
license,0,0,9,7,10,26.93,113.02,182.86
license,5,1,11,10,10,19.54,143.35,189.05
passport,4,0,13,8,8,37.43,189.37,240
passport,5,1,9,6,6,32.87,122.19,178.15
license,0,0,10,12,12,26.09,198.88,240
nic,6,1,14,5,6,17.32,62.99,82.16
nic,3,0,9,3,12,22.14,40.81,59.04
passport,2,0,10,9,11,23.0,127.34,206.26
license,0,0,13,9,16,28.25,171.57,240
passport,6,1,15,5,10,32.15,112.38,152.16
license,1,0,14,14,15,26.69,227.16,240
nic,4,0,11,11,16,18.68,131.67,197.16
nic,1,0,14,2,16,10.85,18.92,43.64
nic,0,0,9,6,16,11.64,46.29,68.14
license,3,0,10,9,10,18.86,111.69,168.01
license,4,0,9,4,7,18.69,46.29,62.62
passport,4,0,13,15,19,31.03,292.11,240
nic,5,1,10,7,7,16.5,79.6,112.6
license,4,0,9,4,14,21.74,56.35,82.54
nic,5,1,15,0,8,12.84,5,3
license,1,0,9,6,13,21.17,84.92,119.19
passport,6,1,9,4,5,36.72,90.53,120.03
nic,1,0,13,11,13,24.79,181.85,240
passport,3,0,14,14,14,33.77,305.73,240
passport,5,1,10,10,10,31.55,220.12,240
license,6,1,9,7,11,18.7,80.72,109.69
license,1,0,11,8,8,21.2,125.38,177.22
nic,5,1,14,6,16,10,64.16,82.63
nic,3,0,15,1,11,24.19,14.17,37.69
passport,1,0,9,5,10,28.16,96.84,134.2
license,6,1,11,7,10,30.29,141.47,196.27
passport,0,0,9,12,13,36.23,284.55,240
nic,0,0,15,8,8,22.92,132.44,187.35
license,3,0,10,6,10,27.44,118.05,155.03
license,6,1,11,7,15,31.47,142.9,205.99
license,5,1,13,3,8,28.73,68.9,103.38
license,3,0,15,12,13,27.87,206.25,240
passport,3,0,15,12,12,35.91,267.04,240
license,1,0,15,1,10,24.15,27.26,38.35
nic,4,0,15,6,7,17.7,66.4,95.46
passport,0,0,14,14,14,37.67,354.16,240
passport,2,0,10,9,12,34.28,199.46,240
nic,2,0,9,10,10,19.75,121.96,176.31
passport,2,0,10,0,16,20.7,9.31,21.83
license,5,1,15,4,5,24.84,69.22,104.44
nic,3,0,11,10,17,21.51,150.48,229.07
nic,4,0,14,7,10,14.65,64.95,110.01
nic,6,1,10,8,8,20.29,111.32,152.28
license,1,0,14,11,19,25.95,191.92,240
passport,1,0,11,5,18,28.65,99.1,154.95
license,0,0,15,7,13,29.34,119.98,208.57
passport,5,1,15,5,15,35.5,131.49,175.94
license,6,1,13,9,13,31.92,194.47,240
nic,6,1,15,3,10,15.07,33.32,39.25
license,5,1,10,5,9,29.53,88.88,127.11
passport,4,0,11,10,17,37.21,259.91,240
passport,4,0,15,2,18,32.38,61.99,89.49
license,0,0,11,7,13,25.14,128.03,174.73
license,4,0,13,11,13,27.44,190.5,240
passport,0,0,9,0,15,29.8,6.23,3
nic,4,0,11,8,15,18.91,84.04,150.83
passport,0,0,10,10,11,29.56,182.76,240
license,3,0,15,4,16,32.26,73.89,128.53
passport,1,0,11,9,15,29.84,168.77,240
passport,6,1,14,11,16,28.88,209.52,240
license,1,0,13,12,12,23.25,183.92,240
nic,2,0,11,7,13,14.62,59.31,97.75
license,3,0,13,9,13,27.84,159.7,240
passport,0,0,11,11,18,36.99,276.33,240
nic,1,0,10,11,16,17.4,140.8,190.51
license,0,0,9,8,13,27.06,148.94,217.38
passport,0,0,14,9,15,32.78,181.69,240
nic,3,0,11,5,5,15.74,59.66,74.27
license,0,0,10,12,12,14.9,117.65,179.53
license,6,1,9,10,10,28.47,171.5,240
passport,6,1,15,10,10,28.98,186.55,240
nic,2,0,9,8,8,15.86,76.73,106.67
passport,3,0,15,10,23,24.6,158.2,240
license,0,0,15,10,12,25.73,167.51,240
passport,5,1,13,6,11,39.83,142.33,240
passport,3,0,13,14,20,25.93,238.4,240
license,5,1,15,6,6,26.64,97.83,147.72
passport,4,0,14,14,19,25.74,232.78,240
license,2,0,14,12,15,29.26,228.53,240
license,6,1,11,7,10,20.16,99.06,133.18
license,6,1,9,5,5,16.07,53.13,61.75
nic,2,0,14,9,9,12.54,67.35,137.0
license,5,1,13,7,13,23.85,110.77,162.15
license,4,0,11,13,16,31.78,270.37,240
nic,3,0,10,14,14,23.03,208.24,240
nic,3,0,9,6,13,14.28,42.34,76.31
passport,3,0,11,9,18,31.35,183.36,240
license,1,0,11,12,14,23.28,182.81,240
passport,6,1,10,6,7,26.94,103.11,150.86
nic,0,0,13,8,10,15.5,76.81,133.71
license,4,0,13,13,13,21.8,186.09,240
nic,6,1,10,10,10,18.54,120.24,180.97
license,5,1,14,4,4,29.54,74.34,108.73
license,6,1,9,6,13,32.67,141.45,179.95
nic,4,0,9,9,11,27.41,170.79,233.41
passport,6,1,9,8,11,34.94,182.03,240
passport,1,0,11,9,12,39.64,231.32,240
nic,0,0,15,9,13,27.57,160.92,240
license,3,0,15,8,8,27.54,134.28,216.83
passport,5,1,11,6,6,33.06,130.65,184.82
nic,0,0,15,9,9,13.47,75.78,121.14
license,1,0,13,13,16,24.19,195.78,240
passport,6,1,14,9,9,35.51,224.97,240
passport,1,0,14,11,17,37.47,270.7,240
passport,3,0,13,12,12,31.94,257.82,240
nic,5,1,14,9,9,17.41,117.46,170.9
passport,4,0,11,9,15,31.37,178.48,240
license,6,1,14,13,13,24.51,210.59,240
nic,6,1,15,6,6,15.02,69.23,81.07
license,1,0,11,5,9,17.94,53.3,99.74
nic,3,0,14,8,8,18.19,105.26,155.62
license,5,1,9,5,14,32.72,102.99,154.64
passport,5,1,15,6,6,35.92,137.55,206.72
license,5,1,9,5,5,23.16,66.78,94.07
license,3,0,15,13,13,26.43,218.15,240
passport,6,1,14,4,20,40.04,111.81,177.53
license,3,0,10,9,18,25.26,147.14,224.69
passport,3,0,14,9,13,33.89,204.1,240
license,3,0,11,7,22,31.69,138.5,222.43
license,3,0,14,6,13,22.35,90.02,148.04
nic,4,0,15,7,10,24.47,113.82,176.01
license,3,0,14,15,17,24.9,250.72,240
license,2,0,9,6,15,24.04,91.39,139.8
license,5,1,15,3,10,23.96,46.28,65.93
passport,5,1,11,4,11,32.95,89.94,130.59
license,2,0,15,13,13,14.56,111.97,190.2
nic,4,0,11,9,9,30.31,184.45,240
passport,1,0,15,10,12,34.19,225.83,240
nic,6,1,10,3,18,12.16,26.46,36.92
nic,2,0,15,4,11,15.95,45.63,60.92
license,6,1,13,7,14,27.06,125.98,189.8
nic,2,0,9,3,4,18.85,28.4,41.22
nic,6,1,14,12,12,23.05,185.8,240
passport,3,0,13,11,25,24.76,169.59,240
license,2,0,13,13,21,25.51,213.82,240
passport,6,1,10,13,13,35.09,293.18,240
license,0,0,10,12,18,14.9,131.89,194.32
nic,2,0,11,6,6,16.71,72.3,97.84
passport,5,1,9,2,9,33.12,44.55,47.19
nic,5,1,14,7,9,22.25,86.6,161.21
passport,5,1,15,8,10,31.27,159.5,227.32
license,1,0,15,5,5,29.22,103.12,150.17
nic,6,1,13,5,16,17.81,68.41,103.46
nic,5,1,14,3,12,14.58,34.03,54.8
nic,0,0,15,5,13,17.51,53.02,97.64
nic,3,0,11,8,16,19.66,116.43,155.47
license,6,1,15,9,10,25.61,147.76,218.14
nic,6,1,15,10,10,11.41,85.45,109.72
license,3,0,11,12,12,22.35,170.88,240
license,4,0,13,7,10,25.64,123.67,194.64
license,4,0,14,10,13,26.15,172.67,240
license,6,1,14,6,15,22.5,86.29,137.75
passport,0,0,9,5,6,33.27,120.2,173.96
passport,4,0,14,16,19,38.92,400.67,240
nic,3,0,14,10,10,15.08,105.1,161.91
nic,4,0,11,3,14,22.96,35.75,80.12
passport,6,1,13,9,9,27.63,146.54,235.35
nic,1,0,15,11,11,24.09,169.67,240
passport,5,1,9,10,10,34.37,236.58,240
license,1,0,14,11,21,20.89,146.59,240
passport,4,0,14,8,16,34.92,176.98,240
passport,3,0,10,8,10,35.15,188.33,240
passport,2,0,15,9,14,28.59,151.63,240
nic,4,0,11,13,13,16.74,123.55,206.31
passport,2,0,13,11,11,38.22,268.52,240
nic,5,1,9,2,6,18.53,41.43,30.11
license,5,1,13,4,12,26.99,68.88,106.1
passport,4,0,15,11,11,30.75,222.58,240
license,2,0,13,10,11,24.65,166.86,240
license,3,0,10,10,14,28.34,187.77,240
license,3,0,10,5,13,24.12,78.51,125.68
license,5,1,13,10,12,35.78,252.15,240
nic,4,0,11,14,14,22.53,205.25,240
passport,6,1,15,7,8,31.07,148.03,207.39
license,3,0,13,11,25,20.25,152.03,240
license,0,0,14,3,10,22.5,37.34,97.4
nic,3,0,13,6,17,15.01,50.78,97.47
license,5,1,14,7,10,20.63,89.59,140.63
nic,1,0,9,7,7,17.94,87.87,130.05
passport,0,0,13,10,17,37.15,245.31,240
passport,3,0,13,11,21,33.21,241.15,240
passport,2,0,13,11,18,31.11,229.39,240
license,6,1,14,9,9,20.25,126.12,178.87
nic,1,0,15,2,13,22.97,28.63,52.39
nic,2,0,14,11,13,17.72,118.13,198.56
passport,0,0,11,13,14,30.52,258.99,240
nic,2,0,13,12,17,19.28,147.66,240
nic,0,0,13,12,12,20.3,162.12,240
license,2,0,14,12,13,28.42,215.81,240
nic,4,0,10,7,11,15.99,72.66,114.87
passport,4,0,13,12,13,26.29,207.19,240
passport,1,0,13,10,19,28.63,203.83,240
passport,1,0,14,9,13,32.07,196.19,240
passport,5,1,14,9,18,31.87,183.12,240
nic,6,1,9,4,4,23.89,61.81,74.54
passport,1,0,14,12,21,28.03,231.55,240
license,0,0,9,10,10,22.5,134.38,214.41
passport,4,0,10,12,12,35.26,286.12,240
license,0,0,15,6,15,27.94,112.53,174.28
license,6,1,13,11,15,30.18,214.39,240
license,6,1,14,7,12,19.29,87.41,144.77
passport,6,1,10,8,9,25.25,122.62,192.98
passport,4,0,15,6,14,33.15,140.16,196.38
license,5,1,9,9,9,29.8,179.24,240
passport,3,0,10,11,15,35.11,255.97,240
nic,6,1,10,9,9,18.99,116.35,159.33
license,6,1,14,8,9,30.37,156.19,240
passport,0,0,13,12,17,40.08,307.95,240
nic,6,1,14,6,12,15.4,63.46,103.91
passport,6,1,14,8,17,30.19,162.2,240
passport,2,0,15,3,18,28.19,56.19,102.03
passport,6,1,10,6,11,25.34,97.11,144.7
nic,2,0,15,7,7,10,51.63,85.3
passport,0,0,10,16,16,38.59,401.25,240
license,4,0,14,14,17,30.16,266.84,240
passport,3,0,14,11,15,35.65,250.42,240
license,0,0,10,8,15,24.45,123.88,202.46
passport,4,0,10,11,17,34.62,243.55,240
license,6,1,9,9,10,16.76,82.69,136.89
nic,5,1,11,9,9,20.13,120.0,170.13
passport,2,0,14,9,26,29.94,173.71,240
license,4,0,15,8,17,25.34,126.55,213.7
license,1,0,11,6,14,21.17,66.52,132.46
license,1,0,15,2,8,27.18,27.74,59.2
nic,2,0,11,6,16,17.82,60.3,106.7
passport,0,0,11,10,19,27.7,179.28,240
license,5,1,15,2,13,23.49,28.65,45.8
passport,1,0,14,12,22,28.53,234.89,240
license,4,0,14,11,11,18.81,123.16,213.56
license,3,0,9,7,9,22.71,86.41,138.97
nic,0,0,13,12,12,16.02,124.93,198.83
license,4,0,9,8,10,24.75,135.0,185.94
passport,4,0,9,6,6,30.78,122.82,174.69
passport,3,0,10,12,13,34.12,270.31,240
passport,0,0,10,6,16,29.65,117.08,188.94
license,2,0,13,6,16,18.49,80.76,130.46
passport,0,0,14,15,18,25.01,243.35,240
license,1,0,9,11,11,17.11,129.32,187.09
passport,1,0,13,17,17,31.17,361.84,240
passport,2,0,9,9,13,29.45,176.33,240
passport,2,0,11,9,10,28.37,157.94,240
passport,5,1,11,3,11,37.87,81.46,100.02
nic,6,1,10,11,11,15.13,106.01,144.47
nic,0,0,14,9,15,22.68,134.81,222.37
passport,2,0,15,12,21,34.43,257.67,240
passport,5,1,15,7,14,34.95,168.53,225.82
nic,6,1,10,5,10,16.05,57.38,73.36
nic,4,0,10,10,17,25.54,163.17,240
nic,4,0,11,13,13,17.01,146.12,229.64
passport,1,0,15,9,12,33.68,196.11,240
passport,4,0,14,9,13,30.78,196.25,240
passport,1,0,13,9,20,33.74,197.95,240
license,1,0,15,5,8,29.99,92.4,146.77
nic,3,0,10,11,12,26.21,193.55,240
license,3,0,13,8,22,21.56,120.27,192.8
license,6,1,11,7,10,19.05,74.86,123.32
passport,4,0,15,11,18,31.36,235.14,240
passport,2,0,15,7,15,30.45,147.16,209.77
passport,3,0,14,11,24,32.37,231.27,240
license,3,0,13,8,13,21.82,115.48,192.11
passport,0,0,15,9,11,35.42,212.67,240
nic,1,0,14,9,12,15.43,93.89,162.76
license,5,1,9,4,7,19.91,57.49,71.6
nic,4,0,9,6,14,12.05,48.71,81.55
license,5,1,14,6,8,24.67,99.84,147.89
nic,4,0,13,15,15,17.51,164.54,240
nic,6,1,11,5,8,14.82,35.9,68.56
nic,1,0,15,7,9,18.96,70.6,136.33
passport,5,1,10,9,9,36.84,212.5,240
passport,0,0,15,8,16,19.63,114.29,177.9
passport,5,1,9,11,11,26.79,208.57,240
passport,0,0,9,8,9,36.1,179.73,240
license,0,0,13,13,19,22.91,193.27,240
passport,1,0,13,11,12,31.19,207.21,240
nic,3,0,14,11,15,23.42,162.35,240
passport,1,0,13,13,18,31.88,265.94,240
passport,6,1,10,6,10,40.45,158.82,235.79
passport,6,1,15,13,13,29.85,254.85,240
license,1,0,15,11,11,20.46,145.68,217.04
license,4,0,14,6,13,23.04,92.69,158.14
nic,2,0,10,11,17,18.57,136.93,199.94
passport,2,0,9,9,15,35.47,211.16,240
license,6,1,11,1,11,22.52,25.7,17.93
passport,2,0,14,11,16,36.99,278.21,240
license,1,0,15,13,13,24.86,218.12,240
passport,6,1,11,6,8,36.41,141.01,203.88
passport,4,0,10,7,14,38.56,176.57,240
license,4,0,9,0,9,22.03,5,3
nic,6,1,10,7,7,17.93,81.05,115.88
passport,5,1,13,11,11,30.48,220.43,240
passport,0,0,9,11,11,40.94,291.48,240
passport,1,0,10,10,16,28.34,182.1,240
passport,5,1,11,10,14,33.5,212.87,240
nic,4,0,10,9,12,18.47,95.93,164.28
nic,4,0,14,8,17,17.91,90.68,161.14
license,4,0,11,5,14,24.28,79.88,126.01
passport,3,0,13,12,14,27.47,225.48,240
passport,0,0,13,11,17,29.19,210.3,240
license,0,0,10,7,7,30.89,138.16,195.9
nic,3,0,13,16,16,21.72,231.06,240
nic,2,0,13,7,14,15.3,60.57,119.81
passport,1,0,10,11,18,35.38,245.35,240
passport,5,1,15,7,8,35.47,160.73,218.5
license,5,1,14,9,9,20.45,109.13,185.56
nic,0,0,13,12,12,19.71,152.79,240
nic,1,0,11,13,13,13.5,130.76,182.05
passport,3,0,10,14,17,32.45,298.31,240
license,2,0,9,0,1,19.98,5,3
passport,2,0,11,8,10,24.75,130.94,196.65
nic,5,1,9,5,10,16.34,60.51,68.3
passport,0,0,10,10,14,33.65,221.24,240
nic,5,1,14,9,9,13.74,78.5,126.12
nic,2,0,13,7,11,19.64,84.1,156.87
license,6,1,15,7,17,20.25,91.07,140.6
passport,5,1,9,4,4,22.43,51.71,71.31
passport,6,1,11,7,13,38.52,184.78,240
license,6,1,9,6,6,27.49,107.15,143.5
passport,1,0,11,13,19,29.36,261.88,240
nic,5,1,13,12,12,19.09,151.13,240
passport,3,0,9,11,12,39.16,293.57,240
nic,5,1,15,5,10,16.89,66.92,79.61
passport,2,0,13,12,16,34.58,272.98,240
passport,6,1,11,6,10,25.71,106.18,143.21
nic,5,1,10,4,4,20.34,42.31,55.19
license,5,1,11,4,5,25.4,55.07,86.47
passport,4,0,14,11,17,31.0,213.24,240
license,5,1,11,4,11,29.49,85.94,96.81
passport,0,0,15,8,11,26.97,151.41,215.37
passport,2,0,13,11,20,33.98,265.94,240
passport,1,0,13,6,17,27.45,114.07,187.62
passport,1,0,11,11,13,34.24,233.2,240
passport,0,0,14,9,17,32.75,194.96,240
passport,4,0,13,7,14,31.91,146.7,232.71
nic,2,0,15,6,13,10,46.27,70.92
license,1,0,14,12,16,23.5,175.4,240
nic,5,1,14,7,7,12.81,56.29,98.01
license,0,0,9,2,5,29.97,41.65,53.62
passport,1,0,15,3,8,32.44,64.69,98.25
license,5,1,15,5,6,24.52,76.4,120.73
nic,3,0,14,14,14,19.91,168.09,240
nic,1,0,10,10,11,14.38,99.45,140.78
license,6,1,10,11,11,23.56,168.81,238.13
passport,1,0,15,8,14,33.71,174.52,240
license,5,1,13,10,12,26.49,168.78,240
passport,6,1,11,10,18,30.46,191.83,240
nic,0,0,13,12,12,13.26,102.9,177.93
license,3,0,9,3,6,24.8,50.38,73.4
license,1,0,15,6,18,22.2,88.98,153.43
license,6,1,9,8,8,19.09,111.31,136.5
license,6,1,15,3,6,21.5,39.52,51.72
nic,3,0,14,8,15,12.43,63.19,109.7
nic,1,0,14,11,15,20.38,155.06,240
license,0,0,10,8,12,27.51,144.36,211.46
nic,1,0,11,12,12,20.95,177.92,240
passport,5,1,15,9,9,36.14,221.35,240
nic,4,0,13,14,14,13.25,115.14,205.48
passport,0,0,15,7,12,32.92,146.5,209.67
passport,4,0,13,12,19,31.31,241.18,240
nic,3,0,15,6,10,15.16,51.35,83.37
nic,3,0,9,2,5,22.02,36.42,45.41
license,2,0,11,8,8,25.65,119.32,192.05
license,2,0,15,7,7,26.51,121.1,184.65
nic,6,1,10,2,11,14.42,15.11,22.87
passport,0,0,13,14,22,25.5,239.06,240
nic,2,0,11,6,8,19.85,81.36,119.79
license,0,0,14,15,19,24.87,247.48,240
nic,4,0,11,14,15,17.35,148.07,230.69
license,6,1,10,7,15,22.85,103.48,149.18
nic,2,0,13,9,11,23.42,127.36,218.08
passport,6,1,9,11,11,34.82,251.17,240
license,5,1,13,9,20,28.4,171.77,240
license,0,0,9,6,15,23.64,89.26,142.98
license,1,0,13,10,16,26.23,181.81,240
nic,3,0,9,9,9,15.25,78.76,123.76
nic,3,0,9,7,7,24.17,98.25,152.72
license,1,0,9,13,13,25.05,200.04,240
passport,5,1,11,10,15,31.43,213.35,240
passport,0,0,13,16,24,29.43,296.36,240
passport,5,1,10,3,17,26.7,56.17,88.5
nic,5,1,15,10,12,18.79,110.91,171.04
license,0,0,10,6,23,20.13,94.75,130.96
passport,4,0,15,8,13,35.51,178.87,240
license,5,1,15,5,9,23.59,70.46,108.35
passport,2,0,9,7,16,29.47,151.88,199.32
passport,5,1,15,6,15,32.55,126.85,187.45
license,3,0,15,7,8,24.03,108.3,156.4
nic,0,0,9,6,12,15.64,56.11,100.41
license,0,0,13,11,14,23.43,173.04,240
passport,3,0,11,9,17,32.65,190.81,240
passport,5,1,13,8,13,35.77,180.37,240
nic,2,0,15,13,13,15.75,139.19,225.45
license,4,0,14,11,16,26.53,183.47,240
passport,0,0,9,11,11,30.21,205.74,240
license,0,0,10,7,12,22.35,104.63,153.72
license,5,1,11,11,12,21.58,159.57,230.77
passport,0,0,13,12,23,25.2,205.03,240
nic,5,1,13,6,6,20.62,65.54,127.5
nic,6,1,9,4,4,13.64,46.29,36.2
nic,5,1,10,9,12,15.66,92.45,131.38
passport,4,0,11,13,17,30.46,251.96,240
license,4,0,14,11,13,23.32,163.68,240
license,6,1,9,3,13,18.15,39.87,36.05
license,1,0,11,13,13,23.15,204.79,240
nic,6,1,14,2,4,19.67,29.06,43.35
passport,6,1,11,14,14,28.96,260.42,240
passport,3,0,11,7,19,25.56,116.04,190.75
license,1,0,15,8,8,26.61,130.48,197.33
passport,6,1,10,6,6,32.8,123.71,173.73
passport,6,1,14,7,14,28.54,128.49,201.5
nic,4,0,9,7,11,14.52,52.33,99.67
license,3,0,11,4,15,18.39,52.88,81.8
license,0,0,14,10,16,25.78,162.4,240
passport,1,0,11,6,12,33.07,137.43,205.2
nic,4,0,11,5,5,21.78,69.12,109.32
license,2,0,15,3,14,25.87,37.98,73.92
passport,3,0,9,3,7,25.31,51.35,65.57
passport,6,1,9,5,12,24.62,84.78,113.81
passport,5,1,9,5,7,28.43,98.38,125.31
passport,0,0,15,11,11,28.44,196.4,240
passport,3,0,15,10,14,35.02,243.14,240
license,2,0,11,7,16,21.8,91.28,167.91
license,3,0,10,6,13,27.63,107.07,171.02
license,2,0,9,13,13,30.65,254.86,240
license,3,0,10,7,7,22.9,105.6,151.25
license,2,0,15,4,11,29.91,82.46,119.62
nic,5,1,15,4,16,17.19,52.82,71.68
passport,6,1,14,4,11,33.71,95.91,139.31
license,1,0,15,6,16,20.94,92.33,119.59
nic,5,1,11,14,14,14.79,129.72,200.18
passport,3,0,13,13,15,29.21,246.16,240
passport,4,0,9,5,9,35.98,114.06,164.74
license,3,0,10,14,14,26.07,244.96,240
nic,2,0,13,6,10,13.26,52.89,97.57
nic,0,0,14,12,16,19.08,152.86,238.99
license,4,0,9,11,17,21.12,151.72,231.09
license,1,0,11,6,11,22.73,101.0,142.56
license,4,0,15,5,16,28.25,99.58,154.66
passport,2,0,9,13,13,44.26,364.2,240
license,0,0,11,6,14,17.59,86.5,116.66
nic,6,1,10,6,6,14.65,82.09,84.62
license,3,0,13,8,9,23.93,130.03,207.25
nic,4,0,15,6,12,22.43,96.26,134.04
passport,1,0,14,8,16,27.49,144.43,231.06
passport,0,0,15,13,14,39.36,330.66,240
passport,6,1,10,7,10,29.41,135.36,196.75
nic,6,1,11,7,8,19.88,80.21,127.52
passport,6,1,15,4,6,31.12,75.16,104.86
license,5,1,13,8,12,19.39,110.59,155.54
license,4,0,14,13,13,26.16,223.4,240
nic,4,0,13,8,8,18.58,79.18,149.92
nic,0,0,11,11,12,22.86,153.35,234.45
passport,2,0,10,7,16,29.2,132.49,199.42
nic,5,1,14,8,11,19.59,102.27,164.72
nic,4,0,9,4,13,23.18,57.65,101.7
nic,3,0,9,8,8,14.77,84.19,121.71
nic,6,1,11,9,9,19.48,115.34,167.78
nic,5,1,9,6,7,16.49,70.39,76.32
nic,6,1,10,10,10,18.88,120.65,166.77
license,5,1,13,8,14,27.63,138.76,219.69
passport,1,0,9,8,11,33.72,201.35,240
passport,1,0,13,13,24,26.37,224.17,240
nic,0,0,15,9,13,15.75,94.34,148.57
license,4,0,10,10,12,22.72,130.84,219.06
nic,1,0,14,9,11,20.15,114.89,185.67
passport,0,0,10,12,13,40.43,325.33,240
nic,6,1,11,10,10,16.53,113.52,148.46
nic,6,1,9,7,7,21.02,99.11,130.34
nic,4,0,11,9,9,12.33,86.36,114.73
passport,0,0,10,6,15,35.06,152.34,223.73
passport,3,0,14,7,15,32.49,139.58,240
passport,3,0,10,9,18,33.27,190.48,240
nic,3,0,14,15,17,13.87,132.29,215.89
nic,6,1,15,6,6,17.91,73.63,90.94
passport,0,0,9,7,9,36.86,169.61,240
passport,4,0,9,11,11,28.21,187.67,240
license,1,0,13,13,13,24.26,209.18,240
nic,2,0,11,8,10,14.53,97.41,125.61
passport,6,1,10,4,11,27.33,64.29,94.66
nic,5,1,11,7,8,19.21,82.19,117.71
nic,3,0,14,5,13,23.54,78.88,134.68
nic,2,0,9,3,11,14.66,28.38,54.05
passport,3,0,15,4,9,30.96,88.95,127.92
nic,2,0,10,4,14,23.25,75.73,97.5
passport,3,0,13,9,16,25.95,150.24,240
passport,6,1,9,5,9,31.33,101.87,135.02
passport,6,1,9,0,7,27.19,17.12,3
passport,4,0,11,11,17,29.02,214.02,240
passport,3,0,9,10,10,33.88,216.09,240
nic,6,1,10,4,8,16.29,40.29,61.5
license,6,1,10,14,14,25.51,244.78,240
license,3,0,14,10,18,28.18,167.66,240
license,5,1,14,12,16,27.65,225.97,240
passport,6,1,11,6,6,32.78,117.26,187.8
license,0,0,9,0,12,30.18,5,10.47
nic,0,0,14,9,15,23.1,136.07,226.8
license,0,0,9,7,14,17.4,80.39,122.66
license,3,0,15,8,13,31.46,152.97,236.0
license,0,0,11,4,16,27.0,67.88,115.97
license,3,0,10,12,12,25.26,190.08,240
license,1,0,13,5,15,22.95,75.73,128.73
passport,4,0,13,12,18,34.1,267.66,240
nic,6,1,14,9,19,17.68,98.63,169.37
license,3,0,14,11,11,26.86,211.41,240
nic,6,1,14,4,15,15.1,38.33,73.82
nic,0,0,15,10,11,13.34,84.32,150.06
nic,6,1,15,5,9,10.94,35.77,50.51
nic,2,0,13,13,15,15.76,143.86,213.78
license,5,1,15,9,9,24.02,137.93,212.91
license,1,0,13,6,19,23.03,98.59,159.71
passport,5,1,14,8,14,30.76,155.87,240
license,4,0,14,16,16,20.58,217.49,240
nic,2,0,15,7,13,10,53.73,85.28
passport,3,0,11,9,17,25.33,144.57,224.69
passport,0,0,13,11,18,34.02,242.98,240
nic,2,0,11,8,12,14.44,55.9,108.96
passport,0,0,9,9,12,34.17,196.45,240
passport,4,0,14,6,17,32.1,123.89,204.99
license,5,1,15,8,13,27.38,141.34,214.73
passport,5,1,9,6,7,38.26,150.96,210.89
license,0,0,11,6,12,20.15,73.43,129.25
nic,1,0,10,3,13,22.22,54.26,65.64
license,2,0,13,7,15,28.43,127.57,210.8
nic,5,1,11,7,12,28.59,136.74,188.87
nic,3,0,9,7,13,24.05,112.54,161.69
nic,4,0,11,7,10,13.4,83.02,108.44
passport,3,0,14,12,16,34.52,263.09,240
passport,5,1,15,9,16,40.56,225.02,240
passport,2,0,13,8,14,31.36,172.89,240
passport,0,0,11,8,16,25.65,115.16,192.72
license,3,0,13,9,15,21.09,122.24,201.81
nic,0,0,11,11,18,18.17,135.57,197.33
nic,0,0,15,7,10,17.85,82.37,127.91
license,5,1,15,7,10,30.94,141.28,203.73
passport,3,0,13,17,17,31.57,353.25,240
passport,0,0,15,11,16,31.44,213.93,240
license,0,0,11,8,16,36.65,191.54,240
license,6,1,14,9,11,26.9,171.96,240
license,6,1,14,8,8,23.13,108.98,179.77
passport,2,0,9,1,9,32.21,21.42,23.49
license,6,1,13,8,14,20.56,84.03,158.05
nic,4,0,15,4,4,12.98,30.87,57.22
passport,6,1,14,9,11,27.58,164.68,240
license,0,0,11,8,10,26.82,150.0,209.89
nic,3,0,14,11,14,12.06,82.39,145.55
passport,0,0,15,5,9,36.32,117.68,179.5
nic,4,0,10,9,11,24.4,129.65,203.32
passport,5,1,11,8,16,26.98,143.14,218.39
passport,4,0,10,8,16,35.88,189.41,240
license,3,0,15,6,9,25.15,103.18,148.53
nic,3,0,15,4,5,21.02,52.58,87.98
license,4,0,14,5,15,24.15,80.24,131.38
license,1,0,13,10,10,22.64,142.64,228.71
nic,3,0,9,9,13,21.45,118.53,203.57
nic,2,0,11,9,9,18.82,119.31,175.83
passport,1,0,15,14,17,33.99,308.63,240
nic,2,0,13,9,10,16.21,93.8,153.43
nic,3,0,14,10,15,19.31,118.54,209.01
passport,1,0,9,5,5,30.7,107.37,143.04
passport,5,1,13,9,14,35.24,211.87,240
nic,0,0,14,17,17,14.96,157.25,240
passport,5,1,10,7,15,33.39,148.31,216.86
passport,3,0,10,15,15,28.67,287.93,240
nic,5,1,13,5,11,17.2,56.61,88.46
nic,1,0,14,14,16,23.44,222.48,240
license,4,0,14,10,17,25.78,171.61,240
license,3,0,10,8,16,28.78,149.45,239.56
license,3,0,10,3,9,25.4,49.23,75.59
passport,5,1,14,11,21,34.83,252.57,240
nic,5,1,11,8,8,14.13,78.37,104.84
passport,0,0,9,7,10,29.75,121.05,199.53
passport,5,1,9,3,6,30.49,73.11,69.43
nic,0,0,14,7,16,20.47,98.57,155.53
passport,2,0,11,17,17,32.01,356.39,240
passport,6,1,13,10,17,36.76,232.22,240
license,5,1,10,7,10,22.47,98.21,144.4
license,4,0,14,7,7,23.66,101.86,162.18
nic,3,0,10,10,15,12.09,87.54,136.02
nic,0,0,15,5,5,19.82,60.89,91.16
nic,6,1,9,5,5,16.51,48.32,60.73
nic,3,0,11,6,16,27.93,126.4,177.2
passport,1,0,11,12,12,32.33,243.93,240
license,2,0,9,9,16,15.19,85.26,147.35
license,6,1,11,16,16,28.75,299.89,240
nic,5,1,14,1,6,16.9,5,27.35
license,3,0,11,4,10,29.97,82.6,117.47
nic,6,1,14,2,10,10.36,16.41,34.38
nic,3,0,11,8,11,14.96,68.35,127.05
passport,3,0,15,9,12,37.65,218.92,240
license,1,0,14,9,11,19.92,118.81,197.62
license,5,1,11,5,11,23.08,92.1,113.89
passport,1,0,11,7,9,30.31,120.54,191.67
license,6,1,14,8,13,30.69,170.96,240
passport,3,0,15,13,13,32.91,279.01,240
passport,1,0,14,10,11,31.74,206.43,240
passport,1,0,9,8,12,29.72,160.38,218.35
nic,6,1,10,1,8,23.23,26.59,22.53
passport,4,0,14,9,15,34.85,195.88,240
passport,3,0,11,12,20,30.6,244.36,240
nic,2,0,11,14,14,16.28,139.17,235.67
nic,0,0,15,8,11,21.56,108.59,167.43
passport,4,0,15,11,11,35.46,244.83,240
license,5,1,9,3,9,25.99,41.42,53.74
nic,3,0,11,7,10,17.13,75.21,120.27
license,4,0,14,15,15,28.38,279.27,240
nic,2,0,9,2,10,24.04,27.07,37.1
passport,5,1,10,3,13,35.74,81.2,102.07
nic,1,0,13,8,15,22.52,114.65,189.29
passport,0,0,13,11,11,30.77,219.47,240
passport,4,0,14,7,16,37.52,188.87,240
passport,6,1,10,12,12,36.66,288.47,240
passport,2,0,9,11,11,29.26,207.61,240
license,4,0,10,9,9,23.31,142.95,214.8
nic,3,0,11,11,15,15.87,111.22,182.49
license,6,1,15,5,19,23.61,72.12,119.56
nic,1,0,10,12,14,11.84,86.15,151.65
license,2,0,13,12,12,27.45,228.03,240
license,0,0,13,7,18,28.51,140.97,222.8
nic,3,0,14,4,8,20.71,54.84,91.65
license,5,1,13,8,12,25.5,135.44,202.59
license,0,0,15,11,12,21.44,152.84,232.6
nic,3,0,13,11,13,17.44,115.78,191.03
nic,5,1,13,4,9,25.48,62.39,106.98
passport,4,0,15,7,11,37.62,178.2,240
nic,4,0,13,13,17,22.36,180.77,240
nic,5,1,9,3,12,17.96,45.98,52.4
license,5,1,14,3,9,26.24,61.43,85.86
license,3,0,10,6,8,23.57,91.63,127.88
nic,6,1,13,4,5,19.94,56.71,77.82
nic,5,1,15,3,10,17.16,31.24,40.13
nic,2,0,9,0,7,16.4,5.12,3
license,4,0,13,0,18,18.79,5,26.46
passport,3,0,13,17,18,31.52,341.49,240
passport,5,1,13,11,11,31.75,224.38,240
nic,6,1,9,7,9,18.02,77.84,104.74
passport,5,1,11,5,13,27.71,79.36,133.06
passport,1,0,15,8,17,36.41,182.62,240
nic,2,0,9,3,10,24.62,49.77,71.94
nic,4,0,11,6,15,15.34,58.65,95.93
license,3,0,15,11,12,27.17,198.73,240
passport,1,0,9,6,8,38.22,152.43,216.29
license,0,0,13,10,13,27.22,171.66,240
license,6,1,15,6,7,26.59,107.35,149.05
nic,3,0,13,12,17,19.44,166.87,240
nic,2,0,9,6,13,22.0,71.76,119.26
passport,3,0,14,9,18,22.8,120.97,215.17
license,3,0,15,8,16,25.34,120.58,193.48
nic,1,0,14,11,11,23.91,172.33,240
license,3,0,13,10,17,19.96,133.58,214.14
nic,3,0,11,2,3,17.71,13.1,29.09
passport,4,0,10,11,17,30.9,234.36,240
license,5,1,13,10,13,20.41,133.2,207.05
nic,6,1,10,6,6,23.24,90.14,124.2
passport,3,0,13,12,12,32.69,255.59,240
passport,6,1,13,12,12,37.12,296.39,240
nic,5,1,10,3,10,15.62,39.66,43.87
nic,5,1,9,3,3,21.7,36.52,40.89
license,0,0,10,12,17,21.08,159.52,240
nic,3,0,14,9,13,17.13,109.01,166.93
passport,3,0,15,8,18,35.43,186.95,240
nic,4,0,10,7,7,12.17,45.06,82.97
nic,6,1,15,5,7,20.34,65.44,93.56
nic,0,0,14,5,5,17.96,60.84,101.44
passport,6,1,14,16,17,29.95,326.81,240
license,3,0,9,8,15,28.06,139.86,206.12
passport,1,0,9,2,15,42.03,61.18,83.96
passport,4,0,10,13,13,37.92,320.07,240
passport,5,1,15,3,7,31.25,56.18,84.33
nic,1,0,9,6,6,22.96,81.34,125.68
passport,2,0,14,8,15,32.88,158.92,240
passport,3,0,11,7,13,30.54,136.3,227.45
passport,6,1,14,11,12,28.48,211.84,240
passport,1,0,10,10,14,37.57,247.19,240
passport,5,1,13,11,14,29.92,225.25,240
license,5,1,15,7,7,26.96,124.72,179.72
license,6,1,10,10,13,26.03,169.3,240
passport,4,0,11,8,16,26.12,120.96,217.36
nic,4,0,14,9,9,10.59,78.05,122.87
passport,2,0,9,13,13,31.93,265.81,240
passport,1,0,11,15,24,32.6,324.21,240
license,1,0,14,12,12,29.34,233.16,240
passport,3,0,10,7,13,34.93,153.87,240
license,2,0,11,9,12,22.82,144.43,201.52
nic,4,0,11,14,14,13.32,118.74,190.78
license,3,0,15,12,13,26.34,204.49,240
passport,6,1,10,6,9,27.54,107.03,153.87
nic,2,0,11,8,8,16.21,87.22,132.81
nic,5,1,15,8,10,10.46,58.24,83.95
nic,5,1,13,8,10,10,53.48,91.27
nic,6,1,11,9,9,23.99,134.22,204.1
license,5,1,13,5,12,28.49,93.33,153.26
license,4,0,14,6,15,27.95,99.65,182.27
nic,4,0,14,7,7,13.81,66.55,101.55
license,6,1,10,13,13,18.21,163.41,218.51
nic,6,1,15,7,7,18.56,83.63,123.32
nic,1,0,15,6,14,20.14,76.83,113.24
nic,6,1,11,5,10,10.53,27.84,36.01
nic,4,0,14,8,9,18.34,98.02,167.19
passport,0,0,15,11,11,34.21,238.31,240
passport,2,0,9,10,12,33.55,213.73,240
nic,3,0,10,4,16,17.23,44.63,77.02
license,1,0,13,5,14,24.53,76.09,144.02
nic,5,1,9,6,6,22.16,79.68,105.34
passport,1,0,11,7,10,29.49,138.7,208.52
license,4,0,14,12,12,20.05,161.71,240
license,4,0,14,15,15,22.27,216.58,240
passport,4,0,15,7,18,40.99,185.98,240
passport,4,0,9,5,11,27.57,86.2,131.51
nic,6,1,13,12,12,19.46,154.5,239.85
license,5,1,13,14,14,25.2,239.27,240
nic,5,1,14,6,18,22.15,92.8,146.29
license,2,0,15,8,18,29.17,150.6,220.03
passport,4,0,15,10,14,29.57,182.62,240
nic,0,0,14,11,11,12.75,93.68,152.47
nic,0,0,9,1,11,21.33,7.54,16.39
passport,0,0,10,14,17,33.21,304.14,240
nic,2,0,10,7,9,10.29,39.87,73.21
license,4,0,9,9,9,22.15,126.47,187.85
passport,0,0,13,12,12,38.65,305.45,240
license,4,0,9,9,10,24.97,147.42,226.46
passport,4,0,15,8,17,26.29,144.1,217.84
license,1,0,10,10,18,29.25,195.49,240
license,5,1,14,7,13,22.87,103.41,163.52
passport,3,0,14,7,22,32.35,155.29,240
passport,1,0,9,6,9,29.59,127.46,176.49
license,0,0,13,9,9,20.92,106.84,189.52
nic,2,0,9,8,12,20.63,108.91,163.5
nic,0,0,11,10,10,16.55,110.38,166.24
passport,5,1,9,12,12,22.97,183.73,240
nic,0,0,14,7,15,24.17,95.97,185.12
nic,2,0,9,1,7,18.25,15.85,13.73
license,5,1,13,6,13,21.39,81.22,126.65
license,2,0,13,13,14,26.79,232.03,240
license,0,0,15,13,13,22.8,200.27,240
nic,0,0,15,4,9,22.5,54.73,87.35
passport,0,0,9,8,14,24.21,108.63,186.48
license,5,1,15,4,9,20.75,58.16,73.52
nic,0,0,9,1,8,18.71,11.32,17.92
passport,2,0,9,8,8,29.04,144.53,214.53
nic,6,1,14,10,13,15.43,107.47,153.65
license,4,0,10,14,14,29.52,261.26,240
nic,2,0,13,11,15,19.21,141.13,220.85
passport,1,0,15,6,10,29.41,100.03,175.67
license,4,0,15,0,12,32.36,5,10.64
license,3,0,9,14,15,19.2,165.82,240
nic,2,0,13,7,15,17.89,95.43,145.95
license,3,0,9,2,7,19.13,18.68,35.6
nic,0,0,11,6,14,23.1,91.08,146.06
license,0,0,13,10,14,20.36,111.11,211.67
passport,2,0,10,12,12,29.76,229.14,240
license,0,0,14,9,12,23.69,133.46,229.55
nic,2,0,15,5,12,25.35,86.28,125.43
nic,3,0,9,7,9,17.37,81.29,120.44
passport,1,0,15,8,11,31.81,156.67,240
nic,4,0,11,10,11,19.44,118.11,196.7
nic,3,0,10,11,11,24.69,179.63,240
nic,3,0,10,10,10,16.2,112.9,156.08
license,5,1,9,12,12,24.82,173.95,240
license,5,1,11,10,10,24.77,166.32,224.88
passport,2,0,13,11,20,36.28,256.17,240
passport,3,0,10,14,14,33.09,300.58,240
license,5,1,9,0,0,26.82,5,3
license,4,0,10,8,8,30.51,166.35,234.98
nic,4,0,13,10,15,15.98,109.86,179.77
license,5,1,10,5,8,27.24,93.64,127.51
license,6,1,15,3,8,25.0,45.28,66.49
license,6,1,14,6,15,24.82,91.47,152.47
license,6,1,9,7,7,28.24,129.3,177.38
license,4,0,10,9,14,21.34,130.22,192.18
nic,5,1,13,5,7,16.19,55.18,84.37
license,0,0,15,7,12,24.07,105.82,168.13
passport,0,0,14,9,20,38.65,223.7,240
nic,6,1,13,11,11,11.54,87.64,136.32
license,3,0,13,6,15,23.32,94.69,154.84
license,6,1,11,3,6,26.18,44.06,79.01
license,1,0,14,6,19,24.93,109.78,176.36
nic,3,0,9,13,13,25.41,206.94,240
nic,2,0,13,7,15,18.66,81.29,148.49
nic,2,0,10,7,16,18.58,68.9,129.2
nic,4,0,14,4,16,12.53,29.22,71.1
passport,6,1,15,6,7,28.21,109.06,155.77
license,2,0,10,11,11,24.18,178.95,240
license,0,0,9,4,10,25.55,71.66,100.55
nic,1,0,11,10,10,21.14,143.26,204.6
nic,0,0,15,6,15,17.97,74.45,114.03
passport,1,0,11,7,16,32.74,143.39,226.3
passport,2,0,13,13,19,28.82,248.38,240
license,0,0,13,7,14,25.82,124.74,187.47
nic,4,0,15,8,8,17.23,90.46,141.2
nic,2,0,14,7,9,17.25,61.74,117.07
nic,4,0,14,13,21,16.32,139.55,225.86
nic,4,0,15,4,6,16.45,37.05,75.44
nic,4,0,14,7,14,13.83,56.82,113.75
passport,0,0,14,6,18,29.54,117.37,194.8
nic,4,0,9,8,12,26.18,137.01,194.37
nic,4,0,15,10,10,20.88,135.96,207.33
license,1,0,11,4,7,21.59,48.56,88.8
passport,4,0,10,10,12,30.5,190.64,240
nic,5,1,13,5,5,11.26,41.48,66.94
license,6,1,14,9,12,22.46,135.9,199.69
license,4,0,10,7,15,24.53,114.46,182.28
passport,0,0,15,9,18,37.78,226.69,240
nic,1,0,14,6,8,18.23,75.8,124.0
license,5,1,11,6,10,23.48,93.26,126.76
license,0,0,10,7,7,22.85,93.32,156.35
license,5,1,14,6,16,25.12,111.23,169.4
nic,6,1,10,8,10,12.39,58.06,89.18
license,2,0,10,7,11,24.8,102.28,169.0
nic,0,0,13,7,15,20.94,91.63,161.41
license,0,0,11,3,16,27.41,41.29,96.72
license,3,0,13,18,18,23.53,268.29,240
nic,0,0,11,8,10,22.9,132.63,191.34
nic,6,1,10,6,14,19.19,75.03,107.22
license,3,0,11,6,13,24.98,105.93,150.76
license,0,0,13,7,21,20.79,100.6,173.59
passport,0,0,15,5,17,27.56,82.11,140.46
nic,3,0,14,10,10,15.78,90.24,169.79
passport,0,0,15,6,16,25.8,84.75,141.95
nic,5,1,10,10,10,19.16,114.9,183.72
license,2,0,11,9,17,19.35,114.27,171.36
license,4,0,11,8,17,22.95,110.84,188.41
license,6,1,14,9,10,22.71,142.5,203.72
license,3,0,9,6,9,27.1,103.4,157.86
passport,3,0,15,11,14,27.21,195.8,240
license,4,0,14,6,22,19.4,76.39,130.54
nic,3,0,15,3,14,17.76,34.33,65.18
license,0,0,11,6,13,26.99,99.2,157.16
license,0,0,14,10,11,24.44,157.77,240
license,6,1,14,11,11,26.62,200.72,240
license,4,0,10,7,11,25.83,119.54,179.62
passport,6,1,11,10,10,30.67,201.77,240
passport,2,0,13,10,19,30.77,207.4,240
nic,5,1,15,3,3,18.19,42.77,46.77
nic,6,1,11,10,10,12.45,79.28,120.11
nic,4,0,13,8,14,18.04,86.7,159.9
nic,3,0,15,10,10,18.56,123.69,184.03
license,1,0,11,9,12,27.74,152.24,237.11
nic,4,0,9,5,11,15.0,33.45,62.18
passport,2,0,13,14,14,38.16,346.12,240
passport,4,0,10,9,30,28.64,171.35,240
nic,6,1,15,9,9,23.8,149.42,201.38
passport,5,1,9,1,6,38.76,19.57,28.59
passport,4,0,14,14,18,32.43,291.76,240
nic,2,0,14,6,14,22.26,96.88,158.87
nic,6,1,13,10,10,12.79,90.32,141.98
license,1,0,9,3,6,21.36,60.11,69.22
nic,2,0,15,8,8,24.76,120.3,186.1
nic,3,0,10,6,15,22.01,75.07,119.25
nic,3,0,15,8,12,22.04,105.36,175.84
nic,3,0,15,11,13,23.45,176.59,240
passport,3,0,13,13,29,28.17,226.68,240
license,5,1,15,7,11,27.04,121.15,171.98
passport,0,0,14,9,13,33.64,198.74,240
nic,6,1,10,10,10,14.98,107.64,150.12
license,5,1,11,5,12,22.44,81.69,105.67
passport,6,1,14,5,15,34.82,111.56,173.09
license,4,0,13,12,17,19.42,142.06,239.04
nic,4,0,13,7,13,28.06,115.42,202.04
nic,2,0,14,13,19,19.53,157.18,240
license,2,0,11,9,16,19.76,117.89,179.0
license,1,0,13,12,13,23.46,178.09,240
license,1,0,14,3,16,13.22,31.84,67.63
nic,2,0,13,7,14,15.17,47.36,111.39
nic,1,0,11,2,17,16.47,18.9,50.26
license,2,0,14,8,10,24.14,132.49,201.13
nic,0,0,10,4,9,19.55,64.91,74.14
passport,3,0,14,5,31,24.97,67.53,151.74
license,6,1,13,8,10,30.89,159.1,240
passport,3,0,15,10,10,34.52,221.38,240
nic,6,1,10,7,7,18.52,80.37,121.05
license,6,1,13,8,16,28.43,141.56,223.95
nic,4,0,11,6,14,20.35,70.14,113.72
nic,3,0,11,9,10,27.91,163.33,240
license,5,1,11,7,12,21.76,92.6,148.82
nic,6,1,9,6,6,10.39,27.79,34.91
license,1,0,14,11,14,22.91,159.57,240
passport,2,0,9,8,10,35.63,174.3,240
license,0,0,9,10,10,25.84,164.34,240
passport,0,0,11,7,16,30.72,136.36,221.46
license,5,1,11,6,8,20.32,83.11,118.2
nic,3,0,13,5,16,12.06,46.39,76.17
nic,6,1,10,7,17,10.94,55.8,76.97
nic,4,0,11,10,11,21.51,133.69,214.08
passport,6,1,15,6,8,25.28,91.72,136.46
license,3,0,11,6,15,25.11,95.11,153.3
license,3,0,10,7,8,22.51,105.66,156.03
passport,5,1,11,19,19,38.51,483.77,240
nic,1,0,14,7,24,15.63,72.5,134.77
nic,6,1,14,12,17,15.67,112.98,184.21
license,4,0,9,10,10,29.3,170.39,240
passport,6,1,10,13,13,37.29,316.83,240
license,5,1,13,9,9,11.9,70.15,119.58
license,2,0,15,11,11,25.01,190.58,240
passport,6,1,9,3,9,38.86,84.27,102.25
license,1,0,15,11,11,30.73,216.43,240
passport,3,0,15,8,15,31.3,163.76,240
nic,4,0,15,5,7,22.36,74.36,118.45
passport,1,0,9,8,14,31.51,170.66,240
passport,2,0,10,9,9,30.22,176.75,240
license,1,0,15,8,10,18.43,110.22,160.13
nic,0,0,11,7,9,13.16,63.33,92.08
passport,5,1,15,7,8,34.18,165.8,229.12
passport,5,1,11,7,12,28.2,117.87,194.32
passport,6,1,10,10,10,28.06,182.5,240
license,5,1,10,13,14,17.71,140.64,211.64
passport,1,0,9,12,12,36.37,288.46,240
license,3,0,14,10,21,20.66,118.82,216.98
license,6,1,14,7,14,27.25,116.99,185.73
nic,5,1,9,2,2,16.08,25.3,9.8
license,6,1,15,3,9,25.66,38.22,72.53
passport,2,0,13,12,18,34.93,272.2,240
nic,1,0,10,1,15,19.68,5,23.83
passport,0,0,14,14,15,31.67,294.42,240
license,1,0,9,6,17,22.93,88.16,132.71
license,0,0,15,9,9,25.84,142.21,223.01
passport,1,0,14,12,18,29.88,228.61,240
license,3,0,10,7,9,20.07,100.05,147.01
license,5,1,15,7,9,26.47,122.32,162.89
license,5,1,15,10,13,25.75,169.46,240
nic,3,0,9,11,11,13.4,103.19,144.7
nic,3,0,15,8,8,16.36,77.25,129.87
nic,5,1,15,8,9,26.24,131.51,194.66
license,0,0,9,4,9,22.37,61.92,84.13
nic,2,0,10,15,15,27.27,273.14,240
passport,3,0,15,14,14,29.41,275.21,240
passport,1,0,14,13,14,30.24,258.16,240
passport,6,1,15,14,14,35.25,326.63,240
passport,0,0,13,7,18,27.61,126.1,201.52
nic,2,0,9,5,7,17.69,43.47,81.26
nic,4,0,15,7,16,22.63,99.56,164.4
nic,3,0,9,6,8,11.2,42.15,72.01
license,3,0,15,6,17,20.34,81.47,119.53
license,1,0,13,6,9,18.16,66.27,128.08
license,2,0,13,17,17,24.41,268.31,240
license,4,0,15,6,13,31.31,115.63,186.65
license,6,1,13,7,14,24.36,111.04,173.17
passport,1,0,9,9,10,39.35,236.66,240
nic,0,0,9,10,17,14.44,95.28,141.11
license,6,1,14,8,8,25.33,127.04,184.58
nic,4,0,10,7,13,19.34,84.49,141.46
nic,6,1,11,6,7,17.92,71.47,94.5
passport,1,0,15,9,14,32.14,185.4,240
license,6,1,15,4,10,23.96,69.68,86.75
passport,5,1,9,10,13,28.6,185.81,240
passport,2,0,15,7,15,28.07,124.21,197.22
nic,3,0,9,5,5,22.92,74.54,120.9
license,6,1,13,13,20,23.96,219.9,240
nic,0,0,11,10,15,19.73,139.37,203.55
nic,3,0,14,9,9,21.07,119.51,216.02
passport,0,0,11,8,15,37.41,183.69,240
nic,5,1,13,9,10,20.48,123.96,191.98
passport,4,0,14,13,13,27.42,232.2,240
license,2,0,9,2,3,29.56,50.99,58.86
license,5,1,10,4,5,27.08,71.59,95.07
passport,5,1,15,1,16,30.73,24.14,22.88
passport,5,1,9,1,2,31.24,9.11,12.02
license,2,0,13,12,16,22.78,176.01,240
license,0,0,11,6,8,27.64,106.72,158.43
nic,6,1,14,2,11,16.27,30.62,52.11
license,6,1,14,5,5,24.65,71.67,110.08
nic,2,0,15,6,9,14.14,69.32,96.27
nic,0,0,14,6,12,22.2,91.47,149.19
license,1,0,13,12,14,28.28,245.37,240
license,3,0,13,5,8,26.96,86.34,140.68
license,2,0,9,7,8,19.72,98.59,142.78
passport,5,1,11,8,17,31.24,169.05,239.5
passport,4,0,10,9,14,27.18,171.61,240
license,1,0,14,11,13,21.59,145.32,237.78
passport,2,0,14,9,17,28.22,149.0,240
nic,0,0,10,7,13,13.29,43.23,86.28
passport,1,0,11,9,22,32.32,173.53,240
license,2,0,11,12,12,22.63,180.78,240
license,3,0,14,7,17,14.94,76.03,132.82
nic,3,0,11,9,12,13.95,90.06,128.04
passport,5,1,13,7,19,33.02,145.02,240
passport,6,1,13,9,17,30.82,179.9,240
passport,4,0,11,11,18,35.32,252.55,240
passport,0,0,13,9,16,30.07,181.22,240
nic,2,0,11,14,17,23.35,215.78,240
nic,3,0,9,3,3,19.2,30.99,39.44
passport,2,0,13,12,19,33.94,275.59,240
license,0,0,9,5,7,25.29,66.41,105.87
nic,5,1,10,4,11,13.81,24.95,35.65
passport,4,0,11,8,26,30.51,147.05,240
nic,3,0,13,11,11,10,64.41,127.22
passport,1,0,14,15,17,30.64,292.83,240
passport,0,0,14,12,19,32.03,255.55,240
license,4,0,15,10,16,27.9,183.6,240
passport,2,0,14,8,16,30.96,158.94,240
passport,2,0,11,12,17,30.16,243.22,240
nic,1,0,14,9,16,15.57,94.68,164.42
nic,4,0,9,3,12,17.02,29.65,43.24
nic,0,0,15,7,11,18.12,90.38,128.85
nic,4,0,13,12,12,13.18,92.59,163.17
nic,6,1,10,3,11,18.1,45.25,53.03
passport,4,0,15,10,15,35.73,224.6,240
nic,0,0,11,11,11,21.68,157.98,235.49
license,4,0,9,1,12,23.1,11.26,23.33
nic,6,1,15,2,2,13.66,28.49,17.59
passport,1,0,11,4,13,31.16,85.56,133.05
license,6,1,15,5,11,19.82,58.2,83.66
passport,4,0,9,9,11,32.43,184.0,240
license,4,0,11,12,12,26.87,218.61,240
passport,3,0,15,10,18,25.52,155.3,240
passport,2,0,14,13,14,32.2,270.63,240
passport,0,0,11,9,9,32.56,168.02,240
license,2,0,9,2,5,26.24,30.85,44.07
nic,1,0,13,3,8,13.14,17.05,57.16
passport,4,0,9,9,13,27.21,156.15,233.34
license,1,0,14,9,21,21.94,140.79,219.65
nic,4,0,10,10,10,20.42,136.68,187.24
passport,5,1,14,13,13,29.44,248.99,240
license,5,1,9,5,5,29.68,111.6,140.18
passport,6,1,10,12,12,36.35,283.22,240
license,1,0,11,5,9,30.15,95.48,143.67
license,3,0,14,14,15,23.14,225.24,240
passport,5,1,15,7,9,31.2,145.78,216.96
passport,5,1,10,7,17,29.16,119.86,192.26
passport,0,0,14,11,15,28.26,191.95,240
passport,5,1,11,8,10,38.74,195.98,240
nic,6,1,11,7,7,17.06,71.86,107.9
nic,5,1,14,8,14,15.36,70.36,128.81
license,0,0,9,6,8,16.65,64.95,103.65
passport,5,1,15,8,11,31.39,176.99,240
nic,0,0,11,8,12,12.95,73.61,105.29
nic,6,1,13,12,12,18.05,122.3,213.76
passport,2,0,15,7,12,33.71,143.18,229.18
passport,4,0,11,17,17,32.24,349.96,240
nic,5,1,13,6,6,28.01,103.62,164.79
nic,0,0,10,7,14,15.69,65.73,113.3
license,4,0,11,11,15,26.37,181.87,240
passport,3,0,9,7,13,30.79,132.77,201.33
nic,6,1,10,11,11,18.47,141.81,190.04
nic,4,0,9,2,5,19.85,36.7,42.94
license,2,0,11,6,10,23.07,73.1,126.81
license,1,0,10,12,12,22.66,187.49,240
passport,5,1,9,2,9,32.21,51.45,61.38
passport,5,1,13,7,20,26.54,131.13,182.26
license,4,0,11,6,9,21.4,89.15,130.71
passport,4,0,11,0,17,33.57,10.93,18.38
license,4,0,14,7,15,28.62,140.08,221.43
nic,5,1,14,4,4,10.23,40.64,45.25
license,2,0,10,13,18,26.71,222.54,240
nic,5,1,13,10,10,17.4,111.64,170.52
nic,3,0,9,10,10,22.49,143.33,214.23
license,6,1,14,8,8,22.03,121.12,178.81
passport,4,0,11,3,9,37.75,77.68,117.97
license,0,0,10,12,14,21.38,168.43,240
nic,2,0,14,4,15,17.06,43.21,78.08
passport,2,0,14,11,14,34.3,233.84,240
passport,2,0,11,12,15,30.63,245.23,240
nic,6,1,15,1,10,13.63,24.1,15.61
passport,1,0,10,12,13,32.04,252.38,240
license,0,0,10,8,12,24.3,126.22,189.06
nic,6,1,11,4,9,20.7,53.6,75.23
license,5,1,13,10,11,23.36,143.88,234.8
nic,4,0,14,10,11,13.99,93.64,149.32
nic,2,0,15,7,9,13.62,43.95,92.0
nic,3,0,10,11,11,13.2,101.14,146.08
passport,5,1,15,8,8,29.4,158.88,214.66
license,1,0,11,5,12,28.39,96.68,142.42
passport,5,1,11,10,10,35.91,235.71,240
nic,4,0,9,6,12,18.1,59.9,101.18
passport,2,0,15,10,16,30.92,200.89,240
license,1,0,10,11,11,32.44,224.16,240
license,4,0,9,5,9,23.82,82.89,110.03
license,6,1,13,7,10,23.43,115.55,161.76
passport,5,1,10,11,11,32.27,230.37,240
nic,3,0,15,4,6,21.39,53.96,90.25
passport,2,0,9,12,15,36.11,282.46,240
passport,4,0,14,9,17,26.36,154.03,240
passport,4,0,13,14,14,33.54,292.97,240
passport,1,0,9,9,11,32.77,181.83,240
license,0,0,9,9,9,16.41,98.96,141.86
nic,2,0,14,7,18,20.83,99.82,155.37
license,1,0,9,8,9,22.28,118.42,173.14
passport,5,1,9,7,8,38.3,178.73,240
passport,2,0,10,13,20,33.83,291.34,240
nic,6,1,15,6,9,18.32,74.62,108.55
license,1,0,14,9,12,22.12,123.27,200.85
license,0,0,15,4,15,22.5,59.11,89.33
passport,0,0,15,19,19,33.31,417.32,240
passport,5,1,13,5,14,28.88,101.88,148.43
license,6,1,13,1,14,24.33,18.77,36.09
nic,5,1,13,11,12,18.33,131.52,216.63
passport,0,0,10,8,15,39.62,220.69,240
nic,3,0,9,8,8,18.59,98.29,135.64
license,1,0,11,7,18,19.67,86.97,137.68
license,5,1,15,7,11,27.08,127.61,178.79
passport,3,0,10,8,13,41.66,215.61,240
license,6,1,9,3,11,32.93,58.37,92.9
nic,2,0,14,12,13,17.06,133.24,208.24
nic,5,1,15,3,11,19.83,44.84,59.66
nic,1,0,14,11,13,15.05,113.93,190.23
license,4,0,10,9,10,22.69,140.84,198.21
nic,2,0,13,13,13,16.04,132.15,214.64
nic,2,0,10,5,15,14.07,52.09,69.36
nic,1,0,15,4,10,21.57,53.42,81.9
license,0,0,11,5,13,25.02,77.26,123.88
license,3,0,11,8,12,23.2,115.78,186.21
nic,1,0,15,4,10,15.53,41.14,67.15
passport,6,1,9,2,7,29.53,52.51,45.3
passport,5,1,15,9,11,29.57,168.36,240
nic,5,1,11,9,9,14.68,93.61,126.12
license,6,1,10,3,3,26.46,51.87,67.62
nic,2,0,10,7,8,19.9,79.29,133.7
nic,5,1,15,10,14,20.53,124.59,199.88
nic,5,1,11,8,9,15.67,74.15,119.09
license,4,0,11,7,19,21.96,93.75,156.57
nic,1,0,10,6,13,22.18,73.59,130.16
license,1,0,9,8,8,25.35,130.98,188.02
passport,5,1,9,5,11,36.18,108.51,170.57
nic,3,0,9,3,4,24.94,47.38,63.87
nic,0,0,14,13,15,22.54,186.59,240
license,2,0,10,8,11,14.37,74.64,113.84
passport,1,0,15,11,11,29.21,205.49,240
passport,5,1,15,7,9,29.12,136.78,197.14
nic,0,0,13,14,14,16.42,150.23,240
nic,0,0,10,8,9,25.35,128.4,208.14
passport,3,0,14,7,9,37.19,177.24,240
license,0,0,9,7,8,29.21,138.33,188.24
license,0,0,13,11,17,30.9,227.58,240
nic,2,0,14,13,13,17.57,154.84,239.74
passport,0,0,10,13,16,30.48,251.92,240
passport,2,0,9,7,12,35.73,153.83,236.6
passport,0,0,13,7,20,25.14,119.34,193.63
passport,4,0,10,8,14,33.28,164.57,240
nic,2,0,15,9,14,20.21,119.72,181.67
passport,0,0,9,9,13,31.55,195.62,240
nic,6,1,15,4,9,19.01,56.84,72.87
passport,0,0,15,10,20,23.95,161.8,240
license,6,1,13,9,15,25.68,165.43,240
nic,1,0,10,8,14,18.1,93.09,140.54
passport,2,0,15,9,10,36.79,216.43,240
license,3,0,15,7,9,22.07,114.2,154.7
passport,0,0,9,4,4,26.93,64.25,87.92
license,0,0,15,6,15,18.13,81.32,120.08
license,4,0,9,9,15,17.23,87.37,156.39
nic,5,1,15,9,12,13.26,68.9,108.97
passport,5,1,9,4,13,36.6,88.82,132.36
nic,2,0,15,5,10,19.05,56.77,99.07
nic,3,0,10,3,10,12.46,13.17,46.33
license,0,0,9,1,11,24.36,16.87,18.54
license,1,0,15,9,10,23.9,141.38,206.3
license,4,0,10,10,10,20.23,130.28,199.21
nic,4,0,15,9,9,23.18,139.24,207.09
license,5,1,10,10,13,30.32,205.88,240
nic,0,0,14,10,16,16.47,108.44,179.22
nic,0,0,13,5,17,10.08,15.08,58.79
license,0,0,15,11,16,24.97,176.57,240
passport,4,0,13,5,18,21.12,69.59,125.82
passport,0,0,15,9,14,26.66,151.1,225.9
passport,3,0,10,0,15,31.18,5,12.98
nic,1,0,14,2,7,21.83,30.56,42.67
passport,0,0,15,15,15,32.67,311.48,240
passport,6,1,9,5,7,32.83,114.83,143.89
license,5,1,14,6,12,16.5,51.34,114.02
passport,3,0,11,10,16,29.05,185.87,240
nic,3,0,9,6,6,20.41,76.22,105.98
license,4,0,9,5,10,28.17,99.16,148.02
passport,4,0,14,15,18,36.52,355.95,240
nic,6,1,9,2,8,21.09,16.74,36.73
passport,3,0,11,9,9,39.63,245.97,240
passport,1,0,13,8,23,31.86,161.91,240
license,6,1,10,4,14,20.53,62.79,84.72
license,3,0,9,12,12,27.92,220.82,240
passport,3,0,13,14,24,29.65,270.79,240
nic,2,0,10,8,18,21.24,109.57,172.44
nic,4,0,9,5,11,21.89,85.53,114.66
nic,1,0,13,3,11,20.26,43.53,87.26
license,1,0,10,13,13,25.8,218.14,240
license,4,0,9,4,8,22.6,49.27,83.59
passport,3,0,9,6,6,30.2,112.28,171.71
license,0,0,11,9,18,23.8,126.72,220.21
passport,5,1,10,5,13,33.72,94.62,157.33
passport,1,0,13,13,19,33.35,267.9,240
passport,0,0,15,9,16,28.05,159.5,240
passport,5,1,11,2,7,30.59,29.5,44.68
passport,2,0,14,14,14,30.71,283.24,240
passport,2,0,10,16,16,29.56,306.42,240
passport,0,0,15,8,12,34.9,179.72,240
license,5,1,13,10,10,23.32,149.85,232.46
passport,3,0,11,10,16,38.45,243.02,240
nic,0,0,14,8,8,20.23,114.62,179.95
license,1,0,15,8,8,24.76,120.29,200.86
passport,3,0,15,10,13,41.93,281.8,240
passport,3,0,13,11,16,24.62,183.49,240
nic,0,0,13,12,12,14.58,128.91,184.18
license,2,0,10,10,12,16.28,103.11,165.35
license,1,0,14,11,12,23.25,164.46,240
license,2,0,9,2,6,16.33,16.24,26.77
nic,5,1,11,1,16,12.83,16.89,3
passport,4,0,14,10,15,32.75,206.44,240
passport,1,0,10,8,9,32.27,170.95,240
passport,0,0,13,10,22,27.51,180.68,240
passport,5,1,14,8,8,33.49,173.05,240
license,6,1,10,9,13,22.45,145.89,196.68
nic,1,0,14,5,12,16.14,47.63,96.0
nic,1,0,13,10,11,17.3,104.63,173.84
license,2,0,10,9,12,25.12,140.45,218.37
nic,4,0,11,8,12,16.76,86.5,134.45
license,3,0,13,7,16,30.93,140.78,233.63
passport,6,1,15,12,12,26.54,204.33,240
passport,6,1,13,12,26,34.3,269.63,240
passport,6,1,9,8,12,26.31,140.92,198.69
passport,5,1,9,4,5,32.86,71.29,112.76
license,1,0,13,14,14,27.47,245.52,240
passport,5,1,11,8,8,35.68,188.46,240
nic,0,0,13,16,16,12.03,119.46,202.3
license,0,0,9,8,8,21.19,120.81,167.98
license,2,0,14,4,12,20.51,60.12,106.9
license,6,1,14,4,12,23.97,62.44,104.76
passport,6,1,9,13,13,33.93,288.94,240
nic,6,1,10,1,8,14.73,13.27,15.63
passport,1,0,14,7,17,37.85,164.35,240
passport,2,0,11,7,21,38.92,178.3,240
license,1,0,14,6,9,25.76,96.61,169.62
passport,5,1,10,8,13,28.22,142.68,206.75
passport,6,1,13,14,14,38.36,345.57,240
license,6,1,9,9,10,21.78,120.89,172.49
passport,0,0,11,6,17,28.27,104.0,180.51
license,3,0,9,8,8,22.92,113.77,167.2
passport,1,0,9,4,14,35.89,89.97,133.82
license,1,0,14,9,17,28.14,152.81,240
passport,6,1,14,10,13,28.63,177.41,240
license,5,1,15,1,2,23.19,13.2,11.49
passport,5,1,10,5,8,32.27,106.15,147.09
passport,3,0,14,8,18,33.58,173.43,240
passport,1,0,9,6,11,29.25,128.14,169.24
nic,5,1,14,7,8,16.39,86.54,134.25
license,5,1,9,4,4,26.48,69.48,84.78
nic,2,0,15,6,7,17.22,57.55,91.52
passport,3,0,10,8,16,31.37,167.58,240
license,5,1,15,7,12,15.01,80.54,109.11
nic,5,1,13,6,16,22.61,93.47,147.78
license,4,0,11,7,13,20.3,94.46,152.8
nic,4,0,14,16,26,22.71,237.32,240
nic,1,0,13,9,17,20.27,123.33,205.59
nic,0,0,11,3,15,14.6,30.46,57.68
nic,4,0,9,7,7,11.43,56.77,83.51
nic,3,0,13,8,9,18.74,94.82,156.87
nic,1,0,9,7,7,20.27,86.99,128.5
passport,1,0,11,9,14,32.46,191.17,240
nic,5,1,15,6,6,18.69,69.73,104.34
passport,5,1,13,11,11,34.07,238.12,240
license,5,1,14,5,15,26.62,79.53,140.26
passport,0,0,11,10,10,34.54,231.63,240
nic,0,0,9,10,10,18.72,128.37,171.55
nic,6,1,13,11,14,14.08,86.31,153.86
nic,3,0,14,6,15,20.02,72.65,131.26
license,4,0,9,2,13,24.77,45.01,53.01
passport,6,1,13,9,9,29.4,166.19,240
nic,6,1,14,6,9,23.32,99.76,137.24
nic,4,0,10,8,15,19.58,114.98,163.71
license,5,1,13,7,9,23.37,94.7,155.63
license,3,0,10,10,11,26.53,170.11,240
license,1,0,14,13,15,13.32,125.58,183.49
nic,2,0,9,7,7,16.32,67.38,102.48
passport,0,0,13,13,13,29.59,246.34,240
license,0,0,10,13,14,24.27,204.38,240
license,2,0,13,9,13,23.79,137.54,220.87
passport,1,0,10,4,19,29.36,76.55,136.48
nic,2,0,11,12,12,15.5,120.11,176.92
nic,4,0,9,6,6,17.83,65.73,85.46
license,6,1,15,13,17,26.34,223.2,240
passport,5,1,13,7,19,38.04,185.76,240
passport,4,0,15,2,14,35.86,66.37,75.45
nic,3,0,14,14,14,11.9,127.43,178.15
passport,0,0,14,4,14,33.82,84.48,158.24
nic,5,1,11,9,9,18.22,107.03,151.37
nic,2,0,10,8,8,24.22,140.03,193.88
passport,1,0,10,11,11,29.76,214.82,240
license,4,0,15,16,16,19.52,195.06,240
nic,6,1,11,10,10,17.7,121.46,171.95
passport,0,0,15,7,8,35.67,165.69,240
passport,6,1,15,11,11,28.72,193.02,240
license,1,0,11,13,13,25.73,227.02,240
license,0,0,15,4,16,17.9,46.72,74.29
passport,1,0,9,4,20,31.02,75.97,132.11
passport,4,0,15,14,15,33.16,307.52,240
license,5,1,15,6,6,21.71,76.51,127.08
license,6,1,15,5,13,25.96,96.42,129.37
passport,0,0,10,10,12,32.8,215.46,240
license,6,1,14,4,14,22.71,66.08,99.37
license,3,0,14,7,17,25.21,127.36,195.73
passport,5,1,15,9,13,29.21,182.84,240
license,3,0,9,6,8,24.04,100.01,140.37
passport,2,0,15,6,8,32.86,115.12,184.97
license,0,0,9,2,13,20.25,24.23,38.79
passport,1,0,15,8,12,34.32,171.34,240
nic,5,1,15,7,9,11.07,60.27,73.03
nic,0,0,9,2,5,19.62,28.6,36.01
passport,0,0,9,11,17,36.44,254.73,240
passport,6,1,15,10,11,28.3,195.19,240
nic,1,0,9,5,5,22.56,83.62,108.3
license,0,0,15,9,10,26.12,155.03,235.92
nic,0,0,13,17,17,20.1,218.11,240
passport,5,1,13,11,12,26.49,185.95,240
license,2,0,9,6,8,27.3,102.65,156.54
license,0,0,15,4,12,21.84,51.35,93.26
license,4,0,15,12,18,24.55,184.07,240
license,2,0,10,8,12,20.12,102.46,158.16
nic,0,0,9,9,9,13.58,60.05,113.29
nic,0,0,11,2,7,23.62,23.89,54.45
license,6,1,15,4,12,21.27,50.08,84.9
license,2,0,15,11,11,21.79,151.51,232.1
nic,3,0,10,7,14,20.46,92.21,153.88
license,5,1,10,6,9,28.42,125.18,157.4
passport,1,0,13,8,16,33.74,167.82,240
nic,0,0,11,4,6,16.07,41.4,68.41
passport,6,1,13,9,16,34.93,206.96,240
nic,2,0,9,6,9,19.12,76.5,100.48
nic,0,0,11,10,12,23.73,137.93,228.56
nic,6,1,11,3,17,19.38,41.05,53.09
license,1,0,13,10,18,25.12,152.35,240
license,3,0,14,3,9,29.69,53.1,96.58
passport,5,1,11,11,14,33.3,246.77,240
passport,6,1,11,6,9,34.15,140.76,190.55
passport,4,0,9,9,15,30.55,188.09,240
passport,3,0,11,17,17,30.42,340.15,240
passport,6,1,9,6,8,29.8,123.61,160.83
license,5,1,10,7,16,28.39,139.56,199.12
nic,0,0,13,10,21,12.0,70.58,142.46
license,5,1,13,7,15,27.8,119.14,198.68
license,4,0,15,8,8,19.88,104.42,154.56
passport,4,0,13,14,20,36.0,322.77,240
license,3,0,9,9,11,27.08,162.41,240
license,6,1,11,5,14,23.41,69.63,104.21
nic,3,0,9,9,10,13.89,74.26,116.24
nic,4,0,15,11,11,16.58,119.29,190.37
passport,4,0,11,6,12,29.61,127.56,185.78
passport,6,1,14,7,12,30.99,146.44,215.87
passport,3,0,9,6,10,36.85,120.92,216.39
passport,0,0,9,6,10,34.21,135.43,190.73
nic,2,0,13,9,9,19.21,103.44,182.63
passport,2,0,15,14,19,30.93,275.9,240
license,6,1,14,7,15,26.53,117.66,193.24
nic,6,1,11,5,16,15.54,45.06,68.38
nic,5,1,13,8,8,14.22,65.4,114.16
nic,6,1,11,4,6,18.91,48.8,73.2
nic,6,1,11,7,13,20.75,104.75,139.73
nic,5,1,10,3,7,13.48,34.57,36.52
passport,6,1,15,10,13,30.79,202.37,240
passport,2,0,15,6,12,35.23,147.03,212.01
license,2,0,10,10,11,24.88,161.23,233.9
nic,1,0,10,9,12,10.45,69.64,96.18
passport,2,0,10,12,12,22.33,176.88,240
passport,4,0,13,8,19,29.23,153.74,240
license,1,0,10,9,19,22.95,127.24,216.46
license,1,0,10,13,15,20.73,178.63,240
license,0,0,15,10,10,12.93,92.39,129.74
passport,5,1,11,10,14,29.26,187.16,240
nic,6,1,15,9,11,22.36,125.04,191.76
nic,2,0,9,9,9,18.08,110.91,158.74
passport,2,0,9,6,7,29.29,118.69,155.5
passport,0,0,11,7,14,34.78,161.33,240
nic,1,0,9,4,7,18.04,46.16,70.08
license,0,0,13,8,15,21.16,107.73,190.94
passport,4,0,14,10,18,35.78,236.94,240
license,3,0,9,11,13,30.1,214.02,240
passport,1,0,14,12,17,27.2,214.3,240
nic,0,0,15,5,15,10,23.16,50.5
nic,1,0,10,7,8,18.78,83.68,140.95
nic,3,0,15,7,13,16.92,88.89,123.12
nic,2,0,9,7,14,15.18,62.08,106.4
license,2,0,11,8,11,21.73,110.29,166.82
nic,0,0,11,6,11,16.59,53.39,106.59
nic,2,0,13,8,12,21.26,119.39,176.78
license,2,0,11,11,11,29.12,221.92,240
nic,3,0,13,10,11,15.63,94.11,170.16
nic,2,0,13,7,14,10.57,48.77,100.09
nic,6,1,11,4,11,12.41,54.05,49.46
passport,6,1,9,7,13,34.73,163.99,224.05
passport,5,1,10,9,14,27.5,167.05,238.03
passport,4,0,11,9,17,34.43,198.51,240
nic,6,1,14,11,13,24.37,169.58,240
nic,2,0,10,12,12,17.56,123.72,208.33
passport,3,0,9,4,11,29.65,77.55,114.64
passport,6,1,14,16,17,29.1,306.45,240
passport,0,0,13,10,15,35.26,229.07,240
nic,3,0,14,9,15,25.64,161.51,240
license,1,0,13,7,16,23.46,105.37,186.38
passport,3,0,11,9,15,32.9,194.19,240
passport,0,0,14,12,20,33.28,253.61,240
license,0,0,10,6,16,21.3,86.85,136.94
nic,1,0,13,8,20,12.81,66.69,117.67
license,3,0,15,6,10,18.66,77.78,112.03
nic,3,0,13,9,11,18.15,119.1,180.23
license,6,1,14,11,13,30.51,227.02,240
license,0,0,14,12,12,30.94,252.08,240
license,0,0,14,10,17,16.96,119.95,191.12
license,0,0,11,11,13,22.04,160.67,240
passport,2,0,10,12,16,35.47,276.22,240
nic,6,1,10,4,4,15.45,40.67,58.39
passport,1,0,10,14,14,38.27,335.77,240
nic,6,1,10,0,6,17.96,5,3
license,6,1,9,2,3,26.37,43.64,53.1
license,6,1,11,8,8,20.32,101.55,146.38
passport,6,1,13,2,12,34.03,37.09,70.85
passport,3,0,9,9,10,39.58,240.6,240
nic,1,0,15,7,7,15.65,76.54,113.71
passport,2,0,11,13,13,35.93,300.34,240
passport,6,1,9,0,13,31.17,5,3
passport,2,0,14,8,12,40.96,222.16,240
license,3,0,13,14,17,24.96,229.22,240
passport,4,0,15,4,10,28.98,61.06,113.7
license,2,0,10,13,15,22.02,192.21,240
passport,1,0,13,12,21,28.87,226.4,240
nic,0,0,10,7,11,16.08,64.28,103.67
license,6,1,13,9,16,20.0,102.83,179.8
nic,2,0,13,8,14,22.22,125.03,200.18
license,2,0,14,10,19,30.5,199.46,240
nic,2,0,11,11,14,27.64,202.4,240
license,3,0,15,9,17,23.21,141.27,208.39
license,5,1,15,0,17,22.22,5,14.77
nic,6,1,11,6,15,15.57,45.26,87.84
license,5,1,14,6,14,23.18,87.41,150.47
passport,4,0,14,16,16,34.43,364.51,240
license,4,0,15,7,11,30.88,138.62,209.53
license,2,0,11,4,14,15.37,49.79,82.9
license,5,1,14,7,16,23.26,114.38,184.84
license,4,0,10,11,15,24.03,180.14,240
license,3,0,9,8,10,19.97,98.33,140.54
nic,3,0,9,5,9,17.59,62.84,83.66
license,6,1,15,3,11,20.57,48.39,63.49
passport,3,0,9,3,14,38.27,58.33,109.53
passport,6,1,14,7,15,27.07,130.47,189.15
passport,4,0,13,14,21,29.92,273.73,240
passport,1,0,14,12,18,37.21,301.64,240
passport,4,0,15,4,15,35.63,89.55,145.19
nic,6,1,9,12,12,16.61,125.61,184.49
nic,3,0,11,8,12,16.56,88.47,143.1
license,6,1,15,9,12,22.17,132.07,201.55
nic,6,1,13,5,11,11.13,41.61,60.09
nic,2,0,10,5,8,22.63,80.45,118.14
nic,3,0,15,7,8,16.3,80.35,109.38
nic,0,0,10,8,15,22.47,108.24,182.47
passport,1,0,11,6,13,28.53,119.17,179.99
passport,3,0,10,8,10,31.63,153.3,240
license,1,0,10,7,18,26.86,121.79,191.0
passport,1,0,14,9,15,32.03,195.29,240
passport,2,0,10,13,14,32.17,264.46,240
passport,6,1,9,8,8,34.35,171.54,240
license,1,0,14,10,18,24.28,155.03,240
nic,4,0,11,6,9,23.01,97.36,146.14
license,6,1,14,7,14,22.03,109.79,165.25
nic,2,0,11,9,9,25.56,156.94,222.14
passport,6,1,13,13,20,22.63,185.1,240
nic,6,1,11,6,12,23.0,77.5,126.96
nic,1,0,11,8,16,12.64,75.74,112.87
passport,6,1,15,6,14,28.48,105.59,157.89
license,5,1,9,2,5,20.19,14.93,24.97
passport,0,0,13,11,20,38.28,276.35,240
passport,0,0,11,10,11,31.66,203.0,240
nic,1,0,9,6,6,14.11,65.59,87.6
license,0,0,9,8,15,30.72,163.63,240
license,6,1,13,10,14,28.67,178.52,240
passport,1,0,10,8,15,29.75,150.58,240
passport,5,1,11,7,8,40.47,183.24,240
passport,1,0,10,12,24,33.31,244.43,240
license,6,1,13,6,9,28.35,122.77,177.12
license,1,0,9,4,8,24.52,67.62,96.38
passport,5,1,15,4,10,37.26,100.31,148.58
license,1,0,11,10,12,19.42,127.08,206.49
nic,2,0,15,2,9,15.31,19.97,27.77
license,6,1,13,11,15,30.32,234.62,240
nic,6,1,13,4,6,10.7,22.55,38.8
nic,0,0,14,12,12,14.79,108.09,183.22
nic,4,0,9,2,13,24.66,40.96,50.49
passport,4,0,15,9,13,28.78,155.59,240
license,2,0,10,6,14,19.89,77.2,126.31
nic,4,0,15,6,7,21.7,79.93,129.7
license,4,0,15,11,11,26.14,191.55,240
license,5,1,11,9,10,24.7,153.47,210.44
passport,0,0,14,12,22,33.58,255.64,240
passport,6,1,13,13,19,27.87,228.16,240
nic,0,0,13,16,16,14.3,152.07,240
nic,3,0,13,12,12,19.42,164.71,240
nic,5,1,11,6,6,16.16,53.69,77.18
nic,4,0,11,3,10,17.94,33.11,71.92
license,5,1,15,6,15,21.25,79.93,117.18
passport,4,0,11,8,15,30.71,160.59,240
license,4,0,13,13,17,24.23,207.21,240
license,3,0,13,8,19,28.62,159.16,240
license,1,0,14,6,23,28.6,111.77,193.72
passport,0,0,15,13,15,36.6,319.22,240
license,3,0,10,9,9,19.84,92.0,174.07
nic,1,0,13,9,14,24.37,147.22,220.36
license,5,1,10,10,10,24.83,164.52,239.4
passport,3,0,13,8,18,30.46,155.81,240
nic,0,0,10,10,12,21.71,146.83,213.78
nic,5,1,14,14,14,21.71,194.44,240
license,5,1,11,10,11,23.14,158.63,216.22
passport,0,0,11,3,15,32.29,54.54,103.03
license,5,1,10,10,10,27.38,175.48,240
license,3,0,11,12,13,16.59,120.82,192.9
license,0,0,11,12,16,26.75,198.64,240
passport,3,0,14,11,11,39.09,272.09,240
license,0,0,11,10,10,18.57,125.27,180.39
passport,0,0,11,12,12,28.05,226.41,240
license,4,0,9,6,10,20.71,68.54,122.35
license,5,1,13,9,18,25.07,142.03,221.99
nic,3,0,10,11,12,14.43,110.3,155.94
nic,0,0,15,6,9,19.16,79.27,118.4
nic,1,0,14,7,16,12.16,53.89,116.01
nic,3,0,13,9,23,24.67,153.5,239.31
passport,5,1,9,6,8,33.66,122.22,165.68
passport,2,0,14,7,13,29.27,131.55,207.85
passport,4,0,15,5,12,37.28,127.39,180.6
nic,3,0,14,5,21,23.08,69.61,131.83
nic,4,0,15,6,6,19.0,95.79,129.24
license,5,1,9,6,8,20.68,69.02,94.03
nic,0,0,11,9,15,15.4,93.97,156.01
license,4,0,14,9,9,29.61,177.17,240
passport,4,0,13,21,21,30.61,408.13,240
passport,0,0,9,9,9,25.09,147.58,218.88
passport,2,0,14,18,18,29.58,352.8,240
nic,5,1,14,12,12,19.84,151.14,225.7
passport,2,0,14,6,21,33.0,122.07,215.95
nic,5,1,11,5,12,22.14,64.83,96.05
passport,6,1,13,7,24,30.67,148.74,218.93
license,3,0,15,15,15,23.27,223.67,240
nic,1,0,11,4,12,15.75,27.34,61.77
license,1,0,13,11,12,24.62,168.58,240
nic,3,0,13,6,13,11.87,32.86,79.39
nic,3,0,14,10,11,14.37,100.71,157.35
nic,3,0,9,4,12,13.36,30.61,52.84
nic,1,0,15,8,18,17.49,89.38,137.83
passport,4,0,15,5,14,26.79,80.02,144.68
nic,5,1,11,1,4,10,5,3
passport,2,0,14,10,20,27.42,176.8,240
nic,5,1,14,6,6,10.04,36.25,68.34
license,6,1,15,9,9,18.21,117.43,161.3
nic,6,1,13,2,5,20.52,24.54,47.79
passport,0,0,15,10,14,31.64,192.49,240
nic,1,0,13,4,13,15.4,43.06,71.71
license,5,1,9,5,11,18.61,67.41,97.0
nic,5,1,9,8,8,18.56,98.94,130.94
license,1,0,11,11,16,27.01,195.41,240
nic,3,0,11,5,9,18.35,57.64,92.59
passport,4,0,14,13,23,32.67,279.47,240
passport,1,0,10,10,16,33.98,221.99,240
nic,6,1,15,2,9,15.12,13.24,23.84
passport,0,0,10,17,17,35.5,381.19,240
license,6,1,15,7,12,25.54,116.4,174.6
nic,1,0,13,4,13,23.38,64.05,110.38
license,3,0,14,11,11,25.88,183.87,240
nic,3,0,13,10,13,20.47,141.3,229.75
passport,0,0,13,9,20,27.06,146.68,240
license,2,0,15,9,9,24.99,142.5,219.19
license,2,0,9,4,8,22.64,59.26,90.95
license,3,0,14,17,17,27.88,300.95,240
license,0,0,14,10,12,33.27,221.84,240
passport,5,1,15,3,7,28.54,58.43,74.39
nic,2,0,13,9,13,25.59,161.74,240
passport,6,1,11,5,14,23.86,67.66,112.84
passport,2,0,11,8,12,37.79,192.02,240
nic,6,1,11,6,7,23.54,104.32,134.09
passport,2,0,13,8,16,32.68,164.57,240
nic,2,0,10,11,11,15.83,111.53,173.84
nic,6,1,13,11,11,12.7,84.59,141.01
nic,4,0,10,4,12,24.65,64.04,112.82
passport,2,0,10,10,16,33.7,240.3,240
nic,5,1,10,9,9,17.72,107.25,148.79
nic,6,1,13,9,11,17.38,100.78,160.86
passport,2,0,10,10,13,28.42,170.71,240
license,4,0,15,10,10,17.82,120.91,177.06
passport,1,0,9,11,11,34.24,242.21,240
license,4,0,10,7,22,22.16,102.68,167.39
license,2,0,11,12,12,20.54,157.63,232.86
license,4,0,15,8,9,19.74,114.84,155.45
license,4,0,11,9,15,26.61,144.2,235.2
license,0,0,13,12,14,26.67,219.55,240
passport,2,0,10,11,12,30.73,231.48,240
passport,1,0,15,4,15,32.1,92.68,133.4
nic,1,0,11,11,17,23.01,145.72,240
nic,4,0,15,7,16,21.2,96.92,149.3
passport,1,0,10,13,19,36.82,311.36,240
nic,2,0,11,5,9,18.37,57.98,92.99
passport,0,0,10,16,19,28.3,302.62,240
license,0,0,9,5,14,30.22,89.63,142.39
license,1,0,13,11,11,22.58,172.26,240
passport,4,0,14,12,15,30.84,251.36,240
nic,0,0,9,9,9,12.76,75.11,114.97
nic,0,0,14,11,17,19.15,136.45,226.2
nic,3,0,13,8,14,19.88,99.13,168.22
passport,2,0,9,9,12,32.16,191.54,240
license,2,0,13,11,12,26.1,163.65,240
passport,6,1,13,9,20,30.69,189.87,240
passport,6,1,11,2,11,32.18,44.3,62.3
nic,4,0,10,10,12,20.45,145.86,195.1
passport,6,1,9,9,11,31.0,181.08,240
license,0,0,9,1,11,25.9,9.76,26.94
passport,6,1,13,7,8,37.48,165.6,240
license,1,0,11,17,17,32.24,340.71,240
license,5,1,11,5,10,28.81,98.68,134.63
license,6,1,9,8,8,27.5,134.86,203.87
passport,1,0,10,2,19,31.85,49.8,85.15
nic,1,0,13,5,17,15.58,56.73,103.83
passport,4,0,9,7,14,32.1,127.1,211.66
nic,5,1,9,2,2,23.38,28.8,47.08
passport,2,0,14,10,17,31.37,213.0,240
license,3,0,9,2,9,21.57,36.56,36.32
license,3,0,10,12,14,26.8,214.5,240
license,4,0,11,14,14,25.61,234.64,240
license,2,0,11,10,10,24.72,161.63,240
license,3,0,14,8,16,23.78,108.58,198.01
nic,4,0,14,9,18,17.91,87.88,181.82
nic,3,0,11,8,9,23.12,107.31,181.19
passport,4,0,14,12,12,31.77,255.21,240
license,5,1,9,7,7,16.29,76.39,105.61
passport,2,0,13,7,16,26.03,118.83,192.47
passport,4,0,15,14,19,25.79,229.66,240
passport,1,0,9,7,9,27.08,121.34,174.84
license,6,1,14,10,11,25.91,178.06,240
nic,5,1,10,7,7,23.71,113.34,147.33
passport,2,0,10,8,16,40.39,211.06,240
nic,5,1,14,10,10,15.0,92.37,145.85
license,6,1,13,13,13,25.09,213.45,240
license,5,1,10,5,12,23.0,72.59,105.48
nic,4,0,13,12,16,22.31,180.51,240
license,0,0,10,6,14,27.79,106.07,169.19
license,5,1,15,4,4,23.19,79.98,91.75
passport,0,0,10,14,14,36.38,328.19,240
passport,3,0,13,10,12,29.26,177.95,240
passport,1,0,15,12,16,29.99,232.0,240
passport,3,0,9,9,11,32.37,180.5,240
license,6,1,13,7,12,20.31,87.43,148.42
passport,5,1,15,8,9,28.26,146.83,209.06
nic,3,0,9,12,12,19.66,139.13,228.99
nic,0,0,9,7,14,14.76,69.84,106.24
license,3,0,14,13,13,25.1,211.29,240
nic,6,1,9,7,7,10,56.43,54.45
license,1,0,11,9,11,25.83,133.68,216.29
passport,6,1,9,7,19,34.77,156.86,234.36
nic,6,1,13,7,13,19.35,91.75,146.52
nic,4,0,11,10,10,17.83,111.8,176.89
nic,6,1,13,12,12,19.17,143.88,224.09
passport,2,0,11,15,17,32.52,314.99,240
license,0,0,14,7,8,30.55,131.36,217.73
passport,5,1,13,13,18,30.2,255.68,240
nic,2,0,10,12,12,19.8,158.69,239.9
nic,5,1,13,7,8,15.61,53.11,110.73
license,1,0,10,9,13,26.3,156.77,236.71
nic,0,0,14,7,9,20.14,89.98,141.22
passport,2,0,14,13,15,31.86,259.05,240
nic,0,0,11,8,9,16.12,78.13,114.79
passport,3,0,13,11,12,31.08,221.39,240
license,6,1,13,12,15,22.84,175.8,240
license,0,0,11,10,10,27.35,177.1,240
passport,6,1,11,8,8,26.07,133.69,180.28
passport,3,0,13,11,14,28.73,189.54,240
passport,1,0,13,12,12,31.93,245.79,240
passport,6,1,10,11,17,34.08,251.65,240
passport,6,1,15,13,13,31.29,257.57,240
license,6,1,11,11,11,22.23,164.3,240
nic,5,1,9,7,8,19.52,86.37,124.63
passport,6,1,14,7,21,35.66,185.42,240
nic,1,0,11,15,15,14.51,141.72,223.87
passport,4,0,10,15,15,21.83,209.77,240
passport,5,1,11,2,9,40.14,52.67,73.93
nic,6,1,15,6,8,20.17,92.57,110.03
license,0,0,11,9,11,19.95,134.42,185.79
nic,0,0,9,3,14,21.05,45.96,68.05
nic,4,0,11,9,12,19.32,107.42,177.59
license,3,0,11,14,14,17.9,174.88,240
nic,2,0,13,10,15,13.07,85.92,145.0
passport,0,0,9,5,6,32.69,103.73,145.53
passport,1,0,9,3,15,32.98,66.37,110.34
license,3,0,11,7,15,20.1,94.18,146.56
license,4,0,10,9,11,25.78,154.89,235.23
passport,3,0,15,10,19,34.56,227.79,240
nic,6,1,14,4,4,17.86,62.52,64.14
passport,0,0,11,15,15,24.27,243.69,240
passport,5,1,11,9,10,23.68,137.49,203.49
license,1,0,15,3,11,21.11,44.68,68.55
license,4,0,11,4,20,19.58,46.87,92.66
passport,2,0,10,6,13,28.39,111.24,176.19
passport,6,1,10,1,9,29.06,5.08,11.65
license,4,0,14,13,23,23.14,202.68,240
passport,1,0,9,12,13,32.26,244.42,240
nic,0,0,13,6,14,17.49,73.59,123.91
license,2,0,13,6,13,19.18,71.67,132.43
license,3,0,14,12,21,24.3,196.79,240
nic,0,0,15,14,14,10.52,88.33,140.05
nic,4,0,11,9,10,15.41,83.93,140.37
passport,5,1,15,13,13,34.44,286.65,240
license,5,1,13,8,9,30.55,158.84,240
nic,3,0,10,10,10,14.7,97.02,150.93
passport,6,1,14,8,11,35.62,189.6,240
passport,4,0,13,13,25,35.94,306.03,240
license,1,0,11,12,12,23.3,178.7,240
passport,4,0,10,11,13,34.06,248.18,240
passport,6,1,11,10,18,34.61,218.28,240
license,4,0,10,9,17,22.3,117.93,197.37
passport,4,0,11,13,20,30.15,255.2,240
nic,0,0,15,12,12,13.74,107.11,160.2
passport,3,0,14,8,13,23.46,100.91,177.92
license,3,0,14,8,11,30.98,158.95,240
license,1,0,10,14,18,27.35,252.97,240
passport,0,0,10,7,9,37.02,170.33,240
license,5,1,15,7,7,24.01,101.04,156.38
license,0,0,14,14,14,26.19,235.47,240
passport,3,0,9,9,19,35.37,195.76,240
passport,0,0,15,13,13,27.8,226.66,240
passport,6,1,10,11,12,31.05,229.01,240
passport,5,1,13,3,10,32.64,59.67,97.37
passport,6,1,15,8,8,34.22,181.18,240
nic,2,0,10,9,18,10.39,61.2,109.54
nic,2,0,13,9,9,14.09,82.15,143.91
nic,1,0,11,6,18,18.93,67.61,124.12
passport,4,0,15,9,13,37.81,216.29,240
passport,4,0,14,15,15,33.98,334.45,240
passport,6,1,11,2,12,30.15,34.21,57.01
license,6,1,11,9,11,28.03,160.75,240
passport,4,0,13,12,17,37.36,296.23,240
passport,0,0,13,17,17,28.37,303.32,240
license,5,1,14,7,10,25.56,118.04,171.04
license,6,1,9,2,12,22.58,32.33,35.21
passport,2,0,9,10,14,37.84,251.82,240
nic,4,0,9,7,13,17.08,63.44,116.96
license,1,0,10,7,15,24.73,105.46,170.31
nic,4,0,9,2,18,11.49,7.89,31.36
license,0,0,13,12,13,26.1,218.47,240
passport,4,0,10,7,17,34.36,153.08,229.99
passport,5,1,13,11,11,28.9,215.81,240
passport,0,0,9,6,16,25.72,94.57,160.08
passport,5,1,11,10,13,33.88,223.32,240
license,5,1,10,8,8,26.56,154.07,190.31
nic,2,0,9,6,12,19.24,81.07,121.87
license,3,0,15,8,16,22.96,108.53,185.92
passport,3,0,15,7,19,30.08,135.91,221.14
passport,1,0,14,6,22,31.29,125.32,210.56
passport,2,0,14,8,15,24.7,131.12,216.68
nic,6,1,9,3,5,20.3,40.28,40.11
nic,4,0,15,6,7,13.52,57.79,75.29
license,3,0,11,11,11,32.01,234.92,240
nic,2,0,15,8,18,22.64,102.22,181.34
nic,0,0,13,7,10,21.26,105.51,159.12
license,4,0,13,7,16,21.94,102.03,170.68
passport,6,1,13,8,8,26.08,140.15,204.93
passport,3,0,15,7,14,32.6,146.62,225.11
license,2,0,10,0,5,19.59,5,3
license,1,0,15,8,12,19.79,87.29,163.69
passport,5,1,14,10,16,37.96,259.28,240
nic,5,1,15,11,11,20.37,142.85,206.83
passport,2,0,13,9,16,30.28,194.64,240
passport,4,0,14,5,16,28.48,85.77,152.25
license,5,1,15,6,8,18.51,78.69,99.29
license,3,0,9,11,14,31.64,235.47,240
nic,5,1,14,6,14,19.3,70.37,107.45
nic,5,1,15,3,7,25.87,52.51,79.21
license,1,0,10,8,13,18.06,101.67,148.6
passport,4,0,15,13,13,31.76,269.81,240
passport,0,0,15,16,16,33.27,344.22,240
nic,0,0,11,8,10,14.17,76.55,128.42
nic,1,0,11,0,14,22.63,5,8.93
nic,1,0,15,12,12,12.69,105.04,163.48
license,5,1,14,8,15,29.47,146.54,235.74
passport,1,0,14,15,15,30.21,297.2,240
passport,3,0,10,7,19,35.72,167.04,240
license,2,0,13,10,10,21.88,119.0,226.35
license,4,0,15,11,15,31.67,212.27,240
license,6,1,14,7,8,25.47,115.51,186.27
nic,4,0,11,3,10,17.45,47.3,65.33
nic,2,0,9,9,9,19.39,125.82,172.71
passport,5,1,10,10,12,34.65,227.09,240
nic,2,0,15,2,13,13.88,14.01,36.94
nic,6,1,13,5,11,13.6,51.31,70.71
license,5,1,11,6,6,22.43,83.59,123.69
nic,3,0,11,8,9,17.44,86.33,125.6
passport,6,1,11,13,13,26.83,227.34,240
passport,5,1,9,8,8,26.51,136.64,196.81
nic,4,0,13,6,6,15.69,71.16,104.13
passport,2,0,13,13,20,33.34,290.53,240
license,3,0,14,5,17,26.46,83.41,140.81
passport,3,0,9,7,7,22.43,104.17,150.65
license,4,0,10,11,11,22.66,159.93,237.05
nic,5,1,13,10,10,17.84,120.04,186.14
passport,6,1,10,8,8,33.94,185.16,240
nic,5,1,9,0,8,22.93,5,3
passport,6,1,11,1,16,33.72,15.98,25.45
license,3,0,14,7,10,18.1,78.49,146.91
passport,5,1,11,6,10,33.19,134.38,185.25
license,6,1,13,7,10,23.99,105.57,161.65
passport,5,1,13,4,12,30.94,89.4,129.94
passport,1,0,9,5,8,30.5,105.44,145.67
nic,4,0,9,6,11,15.48,67.69,95.73
nic,3,0,13,9,12,20.77,125.34,190.77
nic,4,0,11,9,9,23.65,136.03,205.51
license,1,0,15,8,16,22.89,126.18,195.77
passport,3,0,13,20,20,35.48,471.11,240
nic,0,0,9,6,11,20.75,82.72,111.97
license,6,1,13,7,17,22.34,96.75,157.3
passport,4,0,10,8,11,26.37,138.5,205.02
license,6,1,10,7,13,25.45,124.0,165.57
license,5,1,13,9,9,23.02,140.32,213.29
passport,1,0,14,14,14,23.46,209.27,240
nic,1,0,11,9,19,19.68,105.1,170.99
license,4,0,10,1,14,24.61,27.24,43.75
license,0,0,13,13,17,22.9,200.5,240
license,1,0,10,10,12,29.85,186.47,240
passport,3,0,10,9,17,31.96,182.51,240
license,0,0,9,3,11,23.76,37.67,69.06
passport,5,1,15,1,11,37.38,47.9,51.53
license,0,0,11,7,9,27.94,121.94,193.65
nic,1,0,9,0,5,22.69,5,8.5
nic,2,0,10,7,12,18.21,87.42,141.15
passport,1,0,13,11,13,35.96,255.49,240
license,4,0,13,10,13,26.14,175.16,240
passport,1,0,11,14,14,33.59,299.66,240
nic,6,1,13,5,6,22.37,74.63,104.92
passport,6,1,10,6,6,31.68,115.09,180.13
nic,0,0,14,6,9,13.74,53.0,93.5
nic,6,1,15,1,14,17.13,16.08,15.52
nic,2,0,9,9,9,15.51,103.2,137.74
license,3,0,11,6,12,31.53,129.69,189.61
passport,6,1,11,6,9,31.01,111.9,168.94
license,3,0,13,6,16,25.85,98.6,166.11
passport,5,1,15,15,17,34.69,335.87,240
nic,1,0,13,9,14,11.5,72.9,117.87
passport,6,1,14,3,15,27.25,57.11,98.55
passport,0,0,11,6,9,38.29,141.62,227.79
nic,0,0,13,3,12,23.63,62.65,99.91
nic,0,0,9,6,6,22.55,97.98,125.38
passport,2,0,14,13,14,24.7,202.03,240
nic,6,1,11,5,9,21.75,66.01,100.09
nic,1,0,9,3,19,21.43,41.17,70.31
license,4,0,11,7,8,16.71,67.19,118.82
nic,0,0,10,5,10,13.4,38.2,70.56
license,5,1,15,6,10,18.62,72.28,102.8
passport,6,1,10,7,13,33.6,138.71,211.43
nic,5,1,14,7,9,16.83,87.14,109.54
license,3,0,14,10,12,22.51,145.74,231.73
license,4,0,14,13,15,15.63,124.52,218.19
nic,0,0,15,8,14,16.99,90.77,137.49
nic,4,0,10,10,11,12.8,88.03,136.74
passport,5,1,15,2,9,27.88,34.77,48.33
nic,4,0,11,15,15,18.7,189.36,240
passport,2,0,11,6,16,33.82,140.58,209.2
passport,2,0,14,11,12,33.3,245.95,240
nic,1,0,9,10,10,21.69,143.24,216.25
passport,2,0,15,9,12,33.21,197.89,240
license,6,1,15,7,13,19.12,92.6,133.24
nic,6,1,11,4,13,18.67,58.03,75.42
passport,5,1,11,7,8,23.61,109.04,156.07
license,5,1,10,12,12,19.41,149.14,223.91
passport,1,0,14,12,15,34.94,287.57,240
license,5,1,13,10,12,23.28,154.41,235.57
passport,6,1,11,1,12,32.42,14.25,27.87
nic,0,0,9,10,14,20.55,141.74,204.72
passport,6,1,15,10,14,34.01,231.64,240
nic,0,0,14,7,17,15.24,74.45,131.17
nic,1,0,13,4,12,21.43,56.28,103.84
nic,4,0,13,11,13,20.3,140.52,236.32
license,3,0,13,10,13,22.04,137.21,227.68
license,2,0,14,10,11,22.3,154.74,228.67
license,0,0,11,6,13,30.9,109.46,185.07
license,4,0,15,6,11,13.3,48.23,83.95
license,0,0,13,2,17,23.25,24.0,79.54
passport,4,0,14,8,18,30.57,151.52,240
nic,2,0,11,7,12,13.59,55.71,97.49
nic,0,0,13,12,17,15.98,129.7,213.74
passport,4,0,14,7,22,30.6,145.85,236.32
passport,1,0,13,7,21,30.04,126.72,227.87
passport,4,0,14,16,18,30.55,335.59,240
license,0,0,13,8,16,27.56,152.73,235.77
passport,4,0,15,13,17,35.24,302.28,240
passport,1,0,15,12,12,40.17,306.11,240
nic,0,0,15,4,15,27.8,82.62,119.32
nic,3,0,9,7,11,22.08,93.83,147.72
passport,6,1,14,10,10,31.97,202.07,240
nic,3,0,13,5,19,20.85,74.65,122.73
nic,2,0,14,5,11,10,29.74,70.66
nic,1,0,15,3,10,14.66,24.68,41.92
nic,4,0,13,8,16,19.75,98.75,165.36
passport,0,0,15,10,10,32.33,200.23,240
nic,3,0,9,4,8,17.45,49.78,73.14
license,2,0,11,11,12,25.39,190.99,240
passport,0,0,11,13,13,28.86,246.73,240
passport,6,1,9,7,8,30.9,146.44,189.64
passport,4,0,9,6,14,36.66,142.93,224.79
nic,0,0,11,6,10,19.22,63.97,116.96
passport,5,1,11,11,11,29.45,211.41,240
passport,0,0,15,13,13,30.17,263.31,240
nic,0,0,14,10,13,13.96,98.89,154.73
passport,0,0,11,8,13,31.09,151.02,237.79
passport,2,0,14,12,12,34.46,262.64,240
nic,4,0,13,10,12,18.72,123.41,198.17
passport,1,0,14,10,16,33.62,212.43,240
nic,1,0,15,10,16,13.09,78.08,130.35
nic,6,1,11,6,6,18.0,70.84,98.05
license,0,0,11,9,9,29.0,164.58,240
license,0,0,14,8,15,28.59,150.33,240
nic,6,1,13,5,11,20.49,51.47,102.85
license,6,1,11,12,13,27.51,223.78,240
nic,2,0,13,7,13,20.74,97.02,157.89
license,2,0,11,8,12,25.84,121.33,210.75
license,3,0,10,3,14,16.35,41.76,66.27
passport,6,1,14,7,11,27.02,128.35,196.16
license,4,0,14,6,14,21.75,84.79,147.73
passport,0,0,11,9,12,35.43,203.32,240
license,6,1,9,6,6,19.93,66.59,102.8
license,6,1,10,5,5,25.85,80.75,121.31
license,6,1,15,7,7,22.84,106.23,152.21
passport,6,1,13,6,9,26.76,101.83,164.95
license,4,0,10,8,14,25.2,115.06,197.94
passport,1,0,14,11,21,29.65,218.02,240
license,5,1,14,10,10,12.49,82.72,132.58
passport,3,0,13,9,20,33.61,209.25,240
nic,1,0,10,9,9,10.69,71.64,100.05
nic,5,1,15,6,6,15.93,74.53,92.06
passport,5,1,11,13,13,27.6,224.22,240
license,1,0,14,7,17,25.89,129.5,197.67
passport,1,0,9,10,10,30.17,192.81,240
passport,1,0,9,5,14,30.61,93.53,137.59
nic,6,1,13,12,16,16.13,116.55,186.53
license,1,0,15,8,13,19.64,112.96,160.62
license,0,0,15,9,13,23.4,137.26,211.25
nic,0,0,15,10,15,19.84,128.04,208.69
license,4,0,10,12,14,25.74,196.97,240
passport,1,0,10,8,16,36.43,199.23,240
passport,2,0,10,9,16,30.97,177.34,240
nic,6,1,14,4,13,13.29,38.24,67.81
nic,5,1,9,0,2,12.81,5,3
license,2,0,10,9,15,22.99,129.71,203.46
license,5,1,9,7,9,30.13,141.61,185.69
nic,0,0,9,10,10,13.13,88.89,127.71
license,0,0,11,11,12,27.5,173.81,240
license,5,1,13,3,14,23.68,45.51,82.0
passport,2,0,9,9,16,31.58,195.7,240
license,4,0,13,2,14,20.87,22.6,53.52
passport,4,0,13,12,12,29.69,233.57,240
nic,4,0,15,12,16,13.32,99.63,166.52
passport,3,0,9,3,16,41.11,90.85,132.03
nic,0,0,10,7,15,23.89,118.83,169.28
nic,3,0,10,12,12,20.33,160.11,240
license,6,1,14,5,9,20.1,68.73,111.25
license,6,1,15,4,9,25.51,53.02,98.0
nic,5,1,15,5,5,18.97,58.92,81.52
passport,1,0,14,9,22,29.41,169.4,240
nic,0,0,9,4,12,19.11,50.67,76.94
license,6,1,10,8,8,25.27,148.81,197.52
license,4,0,11,5,11,14.68,32.69,76.5
passport,1,0,10,8,19,35.04,182.79,240
nic,1,0,11,6,6,16.84,64.95,110.44
nic,6,1,14,13,13,16.83,148.35,223.17
license,4,0,15,7,7,20.99,91.96,145.09
nic,2,0,9,3,8,19.09,30.35,59.48
license,1,0,15,8,17,21.7,92.13,165.85
passport,2,0,9,1,13,30.42,12.31,34.07
passport,5,1,11,6,6,31.84,119.17,169.68
license,3,0,9,10,11,22.3,164.56,223.4
passport,2,0,15,8,12,27.7,127.76,210.37
passport,4,0,15,4,10,36.78,81.63,145.75
passport,4,0,10,11,15,30.89,217.89,240
passport,3,0,9,12,18,28.74,225.99,240
license,6,1,13,8,11,24.33,117.55,189.84
license,1,0,11,5,14,22.63,76.95,115.01
nic,0,0,13,8,15,19.0,100.61,165.99
nic,1,0,13,7,13,17.86,75.99,142.31
license,1,0,13,10,10,21.6,138.83,219.57
passport,1,0,9,10,10,28.76,187.05,240
nic,6,1,10,5,12,21.54,65.68,95.84
nic,1,0,10,9,13,18.78,116.81,176.35
nic,4,0,11,13,13,17.17,140.7,214.92
nic,2,0,11,10,12,17.5,121.83,172.59
nic,5,1,15,10,10,19.18,126.81,184.18
nic,6,1,15,2,5,21.22,29.41,39.8
license,1,0,11,15,17,22.85,227.33,240
nic,2,0,15,6,11,21.36,76.41,119.68
license,4,0,13,10,10,22.73,137.28,218.25
passport,2,0,14,16,17,37.72,389.99,240
license,3,0,9,9,9,28.26,165.67,240
license,6,1,15,7,7,21.27,103.42,140.31
passport,4,0,10,17,17,32.53,358.58,240
license,0,0,10,10,10,19.77,128.23,207.24
license,2,0,10,6,16,18.08,79.47,114.41
passport,1,0,15,10,21,35.95,217.58,240
license,2,0,11,10,17,14.4,92.43,134.73
passport,5,1,11,9,9,35.6,215.35,240
license,3,0,15,10,20,26.47,175.14,240
license,5,1,15,10,10,23.33,158.92,225.29
nic,5,1,13,5,6,14.85,43.51,73.13
license,0,0,14,14,14,26.75,235.31,240
nic,3,0,15,9,11,15.98,112.55,155.12
nic,6,1,13,7,8,17.75,85.94,133.86
license,2,0,15,6,14,24.51,96.19,155.79
license,2,0,14,8,18,31.22,166.31,240
passport,4,0,14,15,18,27.77,285.08,240
nic,6,1,15,6,10,16.04,60.79,73.65
license,6,1,15,11,11,25.12,180.81,240
license,1,0,10,9,17,19.99,127.99,185.78
passport,5,1,9,5,6,24.06,62.1,100.52
nic,0,0,10,8,12,24.52,130.85,200.09
license,4,0,15,7,13,26.17,123.14,186.16
passport,6,1,15,3,4,33.35,53.65,81.76
license,1,0,13,7,13,33.48,149.97,240
nic,5,1,14,5,10,15.53,43.92,78.02
passport,2,0,9,6,16,33.11,121.68,188.57
passport,1,0,9,8,10,32.99,161.87,234.22
license,5,1,11,8,8,27.39,149.07,204.55
license,4,0,9,7,10,24.22,116.57,165.01
license,1,0,14,12,17,29.4,235.63,240
license,5,1,13,14,14,22.36,207.27,240
nic,3,0,11,5,10,20.2,60.84,104.11
nic,6,1,14,6,13,22.42,86.92,139.14
license,4,0,11,13,13,24.15,200.19,240
passport,4,0,10,9,25,30.65,181.61,240
nic,4,0,15,5,10,24.32,64.54,114.57
nic,1,0,14,6,17,20.82,94.14,147.2
passport,5,1,15,7,12,22.95,107.19,158.1
passport,4,0,11,15,17,34.47,325.63,240
license,1,0,14,7,20,24.46,120.57,203.11
passport,2,0,11,12,14,27.99,203.84,240
nic,6,1,10,9,17,26.04,158.55,229.87
license,5,1,9,0,12,22.21,9.99,3
passport,5,1,9,8,8,23.22,117.89,166.33
passport,3,0,9,6,15,37.02,132.82,221.57
license,6,1,14,11,11,23.31,166.58,240
license,0,0,10,1,11,20.6,13.85,30.93
passport,6,1,13,8,14,36.24,194.22,240
license,4,0,14,13,14,28.44,242.22,240
nic,4,0,9,7,7,20.77,92.87,123.96
license,0,0,11,9,13,23.9,145.28,207.13
passport,3,0,10,19,19,29.59,363.71,240
nic,0,0,15,6,13,19.6,69.55,119.05
nic,6,1,15,5,11,17.5,63.5,79.09
license,4,0,11,11,15,26.84,186.14,240
nic,6,1,9,8,8,12.41,70.7,83.13
passport,0,0,9,6,10,37.55,149.33,217.84
license,0,0,10,14,14,24.97,224.86,240
nic,3,0,15,7,10,12.97,58.1,99.87
license,4,0,15,13,13,33.13,276.92,240
passport,6,1,14,9,20,27.93,153.52,240
license,3,0,14,13,20,23.91,208.19,240
passport,3,0,13,14,20,38.23,349.46,240
nic,5,1,13,10,15,14.45,89.85,164.51
license,5,1,11,4,14,22.65,54.03,73.92
nic,4,0,9,7,9,19.34,80.04,132.75
nic,6,1,13,1,14,22.62,18.52,25.82
license,1,0,11,6,12,22.73,75.56,144.52
passport,0,0,11,12,14,30.39,240.78,240
passport,2,0,13,14,15,34.69,312.11,240
passport,3,0,13,9,20,34.49,202.8,240
nic,6,1,9,9,14,22.83,134.65,185.19
license,4,0,14,6,16,27.57,97.53,181.99
nic,6,1,13,9,16,16.05,100.13,148.96
license,5,1,10,8,13,31.49,154.96,230.75
license,2,0,14,13,16,27.89,239.07,240
license,5,1,10,2,10,16.6,27.21,45.69
nic,4,0,14,13,13,15.29,127.8,211.67
license,0,0,9,5,9,21.27,60.17,94.98
nic,0,0,14,9,13,18.16,124.8,187.66
passport,6,1,15,5,16,29.18,94.08,139.86
passport,0,0,11,6,17,34.23,139.47,208.71
license,6,1,14,8,15,25.02,141.47,210.78
passport,5,1,14,7,12,33.91,164.5,240
license,0,0,14,12,15,17.19,128.56,219.8
license,1,0,13,13,18,25.54,214.78,240
passport,5,1,13,6,16,29.09,111.68,174.47
license,3,0,15,11,11,22.18,169.99,240
nic,2,0,11,11,11,12.54,79.97,137.87
license,0,0,15,7,10,26.3,125.11,187.69
passport,0,0,11,13,19,33.17,287.46,240
passport,0,0,11,8,16,34.72,172.28,240
license,6,1,15,4,14,23.37,64.18,85.63
license,4,0,15,8,12,24.79,139.24,204.65
passport,0,0,13,10,23,28.36,198.62,240
nic,0,0,10,7,17,15.24,61.07,109.0
license,1,0,14,13,13,16.12,142.56,221.14
passport,3,0,10,9,19,30.99,176.41,240
nic,1,0,13,11,11,14.08,101.03,169.53
license,4,0,9,7,13,22.84,111.62,147.76
nic,6,1,10,6,15,10,41.19,58.99
license,2,0,11,12,12,19.97,160.29,240
nic,6,1,13,3,10,17.87,25.88,51.31
license,4,0,14,5,6,19.55,50.96,94.27
passport,3,0,13,11,12,34.17,237.98,240
nic,6,1,9,6,14,10,51.0,52.4
nic,0,0,9,10,15,17.16,107.87,165.44
nic,2,0,13,9,9,21.62,125.28,213.86
passport,2,0,11,11,18,33.88,249.78,240
license,1,0,9,9,9,21.79,128.95,185.1
nic,0,0,10,9,14,20.3,105.23,174.94
license,1,0,14,9,11,22.06,130.06,210.26
passport,5,1,15,11,20,33.73,240.41,240
nic,1,0,15,6,22,20.41,92.57,139.12
passport,2,0,13,15,15,32.29,313.81,240
license,2,0,10,10,10,27.27,175.91,240
license,4,0,14,13,21,22.89,199.98,240
passport,6,1,15,10,10,29.96,200.77,240
passport,6,1,11,4,7,37.14,90.95,132.02
passport,4,0,10,10,19,36.05,242.68,240
nic,3,0,11,1,15,22.67,5,30.81
passport,0,0,9,4,9,29.57,80.74,111.27
license,3,0,15,6,8,24.31,107.73,145.34
license,3,0,15,7,7,26.62,121.04,175.75
nic,3,0,13,8,20,11.04,73.4,114.88
license,4,0,14,11,11,18.14,134.51,208.8
nic,2,0,15,14,14,12.34,117.19,170.92
passport,3,0,10,11,16,33.74,254.54,240
passport,6,1,11,11,12,28.35,205.19,240
nic,5,1,10,6,7,13.72,45.89,69.08
license,6,1,15,6,6,26.03,100.0,144.88
license,2,0,13,13,13,24.39,202.46,240
passport,4,0,10,10,11,29.07,202.31,240
license,2,0,11,8,10,22.77,120.49,194.33
passport,2,0,10,17,17,23.34,247.66,240
license,3,0,10,10,12,21.89,141.11,220.12
passport,5,1,9,5,14,34.88,110.55,159.45
nic,5,1,11,5,8,15.95,30.44,64.07
passport,6,1,11,16,16,36.68,381.73,240
nic,1,0,14,12,21,19.9,156.96,240
license,6,1,15,0,9,27.97,9.46,3
license,4,0,10,6,16,27.18,106.4,158.59
passport,1,0,10,7,8,28.73,138.19,195.08
passport,3,0,10,4,16,32.49,86.93,145.05
passport,6,1,14,14,14,31.42,275.26,240
nic,4,0,9,1,15,21.31,15.03,10.61
passport,1,0,13,10,15,38.18,239.83,240
license,4,0,14,1,14,23.62,22.07,61.23
nic,1,0,15,3,7,17.39,45.65,69.76
license,1,0,13,9,17,22.9,132.98,211.45
nic,1,0,9,5,11,24.07,76.27,118.42
nic,5,1,15,4,8,15.6,44.89,51.84
license,3,0,15,13,13,35.64,300.76,240
license,6,1,13,5,11,18.98,52.9,98.61
license,3,0,9,8,8,24.5,134.04,183.29
passport,1,0,10,3,19,34.52,62.62,110.5
nic,6,1,9,9,12,10,73.17,97.37
license,5,1,11,8,8,21.81,93.71,152.82
passport,4,0,11,10,13,31.62,193.85,240
passport,4,0,14,10,17,31.76,209.95,240
nic,1,0,11,11,15,16.88,109.66,184.0
nic,5,1,14,8,13,16.0,83.78,144.3
passport,3,0,9,12,12,28.26,229.2,240
license,5,1,15,6,6,25.05,93.01,138.07
license,6,1,11,5,8,31.1,89.64,141.43
passport,0,0,9,8,13,34.2,166.35,240
passport,1,0,9,9,10,30.12,184.15,240
passport,4,0,15,11,11,29.08,205.09,240
license,1,0,15,9,12,24.37,137.87,214.05
passport,4,0,15,6,18,33.72,135.41,211.61
passport,0,0,10,15,15,32.09,316.73,240
nic,5,1,9,6,11,15.79,63.37,92.26
license,0,0,13,4,14,34.92,106.19,155.83
license,5,1,11,4,8,19.95,59.6,71.08
nic,5,1,15,10,10,16.18,110.31,145.14
passport,1,0,15,7,8,30.74,143.54,202.34
nic,0,0,9,3,14,11.69,31.81,41.07
license,0,0,9,12,12,29.15,248.85,240
nic,0,0,14,10,10,15.29,84.57,173.23
nic,4,0,14,6,12,12.23,58.14,103.46
nic,2,0,13,13,15,16.08,141.27,213.52
license,4,0,15,9,13,18.84,111.05,172.93
nic,5,1,13,4,5,17.47,36.51,68.98
passport,6,1,9,9,17,33.38,203.22,240
nic,1,0,15,16,16,25.6,281.04,240
nic,1,0,15,2,12,23.69,35.37,54.46
passport,0,0,15,8,17,31.22,167.75,240
license,5,1,11,5,11,20.2,63.86,87.09
license,5,1,15,9,9,29.52,178.66,240
license,4,0,11,9,13,24.54,142.81,218.06
passport,2,0,10,8,11,33.03,171.58,240
passport,1,0,14,12,14,33.5,267.73,240
license,5,1,10,3,11,28.16,55.53,75.49
license,1,0,10,8,10,27.52,145.12,222.45
passport,3,0,14,14,31,31.93,288.39,240
license,0,0,9,9,10,34.11,211.72,240
license,5,1,11,6,6,24.02,85.66,122.67
nic,2,0,14,8,12,21.76,115.92,179.88
nic,0,0,11,6,15,17.31,61.72,114.28
license,0,0,14,6,15,22.12,92.33,155.79
license,6,1,10,6,10,18.96,82.54,106.14
license,5,1,14,7,14,18.44,81.34,143.46
license,4,0,9,7,10,27.82,138.56,190.03
nic,4,0,11,9,14,24.26,137.95,223.27
nic,3,0,13,9,13,25.67,147.95,240
nic,3,0,11,8,13,16.23,96.74,135.45
passport,4,0,10,10,15,32.53,215.87,240
license,5,1,13,5,12,24.99,68.47,119.0
nic,3,0,15,5,12,18.27,45.81,95.91
nic,4,0,11,3,17,23.98,55.49,87.27
license,1,0,9,5,6,12.66,37.86,63.5
nic,2,0,14,9,12,15.16,88.93,152.83
nic,2,0,14,12,19,10.78,73.38,145.94
license,0,0,14,9,12,18.3,108.87,174.25
passport,5,1,11,7,15,22.34,112.58,150.53
nic,1,0,9,1,12,11.85,5,11.09
passport,4,0,10,8,17,32.89,175.96,240
license,5,1,15,3,8,14.32,40.96,41.94
license,0,0,15,13,13,23.11,179.99,240
passport,4,0,14,11,18,26.78,183.07,240
nic,3,0,13,13,13,17.9,161.38,240
license,5,1,10,12,18,28.49,227.08,240
passport,3,0,15,11,14,32.26,229.59,240
passport,6,1,10,5,13,29.16,106.97,142.32
license,0,0,14,13,14,28.86,246.72,240
nic,6,1,9,5,8,21.0,58.55,85.63
license,4,0,9,4,9,24.51,76.07,104.59
nic,6,1,15,4,7,15.27,31.05,50.09
nic,3,0,13,8,16,16.82,87.47,158.84
passport,2,0,11,7,18,39.24,170.55,240
nic,2,0,15,11,11,13.04,99.1,159.24
passport,4,0,13,9,24,37.11,212.32,240
passport,5,1,15,6,12,33.74,125.38,180.34
license,6,1,10,8,15,28.49,157.87,219.6
passport,4,0,15,10,15,27.02,172.68,240
passport,3,0,13,10,12,26.2,180.53,240
license,5,1,13,3,15,19.62,33.97,61.95
license,3,0,15,9,9,30.21,169.92,240
passport,6,1,14,7,7,33.83,146.5,240
passport,3,0,13,7,17,33.47,141.45,240
passport,0,0,15,10,15,27.52,183.49,240
passport,1,0,10,8,13,32.86,158.73,240
passport,3,0,14,9,9,31.99,178.88,240
license,6,1,14,10,10,24.17,156.58,238.59
nic,3,0,10,5,13,20.27,73.07,109.05
passport,5,1,14,4,9,23.65,60.66,115.6
license,1,0,14,9,12,20.93,125.19,189.09
passport,3,0,14,11,15,29.24,208.28,240
license,5,1,14,7,10,16.53,68.65,108.07
nic,3,0,10,10,17,23.7,160.61,240
license,0,0,14,12,16,20.94,163.7,240
license,2,0,14,10,10,27.29,182.95,240
license,5,1,11,4,12,20.57,53.16,83.73
license,6,1,9,7,7,22.08,102.65,133.73
passport,3,0,10,6,14,36.72,135.76,222.63
passport,0,0,9,9,9,34.21,193.8,240
nic,0,0,15,5,12,16.81,45.9,87.64
nic,2,0,11,7,7,12.83,51.0,98.61
license,6,1,14,9,9,22.15,134.45,200.31
nic,0,0,14,6,11,16.99,71.06,117.97
license,0,0,13,11,14,25.73,200.92,240
passport,0,0,11,4,20,29.66,82.49,131.62
nic,6,1,10,4,12,16.52,35.87,56.5
passport,5,1,14,13,16,31.27,265.2,240
license,3,0,15,10,10,27.78,189.21,240
passport,2,0,10,7,22,29.62,145.37,224.9
passport,2,0,10,12,12,34.67,274.5,240
license,3,0,15,9,9,22.17,129.53,198.87
passport,6,1,11,6,17,39.86,152.46,240
passport,6,1,14,14,16,33.89,325.86,240
nic,2,0,15,5,11,10.43,30.58,71.4
passport,1,0,14,14,22,29.35,260.91,240
nic,3,0,9,10,12,19.03,121.6,180.85
nic,3,0,11,10,11,11.31,72.13,113.13
license,0,0,14,5,16,18.52,48.23,118.88
nic,3,0,10,8,17,23.48,117.92,194.6
nic,2,0,14,4,15,17.96,39.53,87.72
license,6,1,9,9,11,26.06,149.87,212.03
nic,1,0,14,13,14,10,88.43,159.84
passport,1,0,10,10,13,34.15,239.6,240
passport,0,0,13,10,15,32.07,204.57,240
license,4,0,13,14,15,27.89,258.42,240
nic,1,0,10,4,17,15.92,35.84,70.19
nic,2,0,10,10,13,16.55,111.45,168.89
license,1,0,15,2,10,27.47,36.51,59.22
passport,5,1,15,9,11,31.55,193.22,240
passport,4,0,10,10,10,30.91,205.52,240
nic,2,0,11,7,13,21.51,93.86,145.92
nic,1,0,14,12,12,20.4,151.48,240
license,5,1,15,4,10,26.34,67.62,110.09
passport,1,0,13,7,20,43.02,190.52,240
license,5,1,9,6,10,19.91,106.76,124.9
license,2,0,13,8,14,24.4,126.55,212.92
nic,3,0,13,8,16,21.24,113.91,179.38
nic,3,0,15,5,8,24.04,80.3,128.77
license,1,0,11,8,16,21.17,108.72,172.35
license,2,0,11,7,19,20.74,88.09,143.89
passport,2,0,11,5,15,33.41,95.68,165.07
passport,3,0,10,9,11,37.2,224.36,240
nic,1,0,9,4,14,10,33.62,45.08
license,3,0,10,15,15,26.98,271.35,240
passport,1,0,14,14,14,31.81,288.69,240
license,0,0,14,6,17,20.24,87.92,144.72
license,6,1,9,2,5,29.85,64.7,50.86
nic,5,1,9,4,13,18.15,35.81,53.53
nic,5,1,11,5,5,19.11,63.37,91.61
license,1,0,14,15,17,19.66,193.37,240
nic,6,1,15,7,7,10.57,37.62,65.76
passport,4,0,14,13,20,24.43,206.64,240
license,6,1,15,3,3,27.45,65.86,76.04
passport,0,0,14,17,22,32.16,353.35,240
nic,3,0,14,10,14,13.12,99.23,149.11
passport,0,0,14,11,11,31.07,224.35,240
license,1,0,15,11,13,25.58,181.78,240
license,3,0,13,14,15,23.8,206.54,240
passport,5,1,11,2,7,35.45,51.29,59.05
nic,1,0,13,12,12,26.65,206.76,240
nic,5,1,11,2,4,19.14,11.66,29.8
passport,4,0,11,13,13,31.64,268.14,240
license,5,1,15,0,12,19.84,5,3
license,6,1,10,14,14,17.96,151.05,230.95
passport,5,1,14,13,13,37.76,310.4,240
passport,5,1,15,9,9,32.03,198.16,240
nic,5,1,15,4,4,18.29,52.69,60.85
passport,4,0,10,11,22,38.13,275.32,240
passport,6,1,15,9,12,40.99,235.45,240
nic,6,1,9,2,12,17.4,17.62,18.33
nic,3,0,9,8,10,27.0,118.16,208.67
license,6,1,14,12,12,21.5,167.16,240
nic,4,0,10,7,8,16.29,67.75,107.9
license,3,0,13,10,14,25.9,169.3,240
passport,2,0,9,12,12,30.4,227.28,240
nic,0,0,13,9,13,20.4,118.4,200.75
nic,3,0,11,9,9,12.08,65.23,114.62
license,5,1,14,10,15,27.62,167.72,240
passport,0,0,13,9,14,34.82,197.88,240
license,1,0,11,7,8,28.69,120.03,191.31
nic,2,0,14,8,18,16.82,85.55,159.22
passport,3,0,14,10,11,30.62,197.48,240
nic,0,0,13,1,15,21.51,26.48,46.35
license,1,0,15,13,15,25.1,204.43,240
license,0,0,15,10,11,22.6,146.62,220.89
nic,3,0,14,9,12,19.28,121.23,171.21
license,1,0,9,4,9,23.47,54.5,86.63
license,4,0,10,13,13,23.06,184.74,240
passport,3,0,15,9,10,29.24,168.68,240
nic,6,1,10,3,10,13.92,14.75,30.32
nic,3,0,15,11,11,14.37,99.98,166.03
nic,1,0,9,6,12,20.18,74.82,113.93
passport,5,1,14,13,18,39.15,345.78,240
license,4,0,9,9,15,27.34,165.82,233.71
nic,5,1,13,6,11,16.84,68.4,127.89
passport,2,0,10,12,14,36.48,287.5,240
nic,0,0,11,13,13,19.24,155.64,239.17
passport,0,0,10,11,13,34.86,245.26,240
passport,4,0,15,12,13,30.8,238.61,240
nic,6,1,9,2,13,17.5,21.62,36.35
license,0,0,11,7,18,22.04,109.93,168.73
passport,1,0,9,12,12,33.43,269.83,240
license,1,0,14,15,15,21.94,206.08,240
passport,2,0,15,12,15,34.51,268.78,240
nic,0,0,11,4,12,27.0,71.23,107.9
nic,1,0,11,11,11,19.02,126.02,204.84
passport,1,0,11,15,16,27.78,275.39,240
nic,3,0,9,3,9,13.85,34.49,53.6
license,5,1,10,3,17,28.45,55.55,80.0
passport,2,0,11,8,8,31.76,169.2,240
passport,0,0,10,7,21,38.91,171.35,240
nic,5,1,14,4,12,19.94,52.5,84.24
license,0,0,9,9,16,23.52,135.42,212.44
passport,3,0,15,4,11,38.5,115.2,167.58
license,6,1,11,7,12,27.59,129.34,182.54
passport,1,0,15,7,9,30.48,140.01,212.49
license,2,0,14,15,15,24.25,243.01,240
license,6,1,14,10,10,25.94,155.37,240
passport,3,0,10,9,12,44.4,267.31,240
license,5,1,14,11,12,24.09,156.15,240
nic,6,1,15,8,8,15.65,89.38,128.79
nic,1,0,11,7,13,19.11,67.29,125.87
license,1,0,11,13,13,17.8,152.85,226.24
license,5,1,11,5,5,17.98,68.79,76.82
license,6,1,15,4,12,17.58,53.74,71.5
nic,0,0,10,9,10,21.6,138.44,194.78
nic,5,1,13,6,13,21.61,75.84,136.15
nic,0,0,10,7,16,28.14,142.49,215.9
passport,0,0,13,14,16,37.88,343.82,240
license,2,0,9,11,11,18.82,121.97,197.51
nic,0,0,9,3,18,14.73,23.07,54.71
license,5,1,14,3,12,25.31,52.56,78.79
passport,1,0,9,4,6,33.56,74.73,132.84
license,6,1,10,11,11,24.73,173.82,240
license,6,1,11,6,11,21.17,92.64,130.3
passport,3,0,14,12,19,26.16,208.58,240
license,2,0,10,5,14,28.54,103.11,150.81
license,1,0,15,6,10,22.58,89.3,133.12
passport,4,0,14,5,14,18.24,60.71,102.26
passport,2,0,13,9,12,32.68,187.23,240
license,1,0,14,8,13,24.14,128.63,213.69
passport,5,1,10,4,11,35.11,85.15,114.47
nic,0,0,13,12,14,16.07,117.27,201.81
nic,1,0,10,7,13,24.16,105.03,161.25
passport,2,0,13,12,12,30.91,247.54,240
license,6,1,15,10,10,33.87,225.62,240
nic,5,1,11,2,10,15.36,16.78,24.52
nic,1,0,10,9,12,16.36,96.68,156.84
passport,3,0,11,9,13,32.28,183.35,240
passport,5,1,15,6,18,27.92,106.66,152.07
nic,3,0,10,8,11,14.15,78.24,111.95
nic,4,0,15,4,10,18.23,54.03,72.83
nic,2,0,13,7,12,17.19,71.06,137.03
nic,6,1,14,6,15,21.06,69.63,117.93
license,1,0,14,13,13,30.63,266.53,240
passport,0,0,13,18,18,36.69,410.72,240
passport,0,0,11,13,16,28.56,251.35,240
license,2,0,13,11,15,18.37,136.12,222.86
license,6,1,13,12,12,25.77,197.49,240
nic,2,0,11,11,14,15.04,110.94,164.18
license,6,1,11,4,8,24.31,65.25,87.56
nic,1,0,14,12,13,21.53,167.61,240
nic,5,1,10,10,16,25.08,160.7,235.35
license,0,0,10,6,22,29.09,129.27,185.44
nic,0,0,14,5,11,19.36,90.21,119.44
nic,1,0,15,3,17,19.57,52.65,68.57
passport,3,0,13,15,15,38.87,383.03,240
license,1,0,15,5,7,22.51,67.24,114.43
passport,0,0,15,13,13,22.26,174.26,240
license,6,1,11,7,7,22.01,90.18,146.54
passport,4,0,9,7,9,32.73,155.96,221.87
passport,1,0,11,11,13,29.56,210.3,240
license,1,0,13,13,16,21.98,193.26,240
nic,2,0,14,11,14,19.8,137.03,224.8
passport,6,1,15,7,11,34.49,150.98,229.02
passport,6,1,15,7,10,23.32,107.91,145.82
passport,6,1,11,7,14,34.41,146.93,226.35
license,6,1,10,6,10,22.68,101.03,146.0
license,2,0,14,3,10,17.78,27.83,72.07
license,5,1,15,3,7,16.05,21.49,37.54
nic,0,0,13,7,10,18.98,69.76,142.42
passport,5,1,10,10,14,32.49,217.56,240
nic,2,0,9,1,11,23.71,13.22,33.0
passport,2,0,15,10,14,32.75,221.17,240
license,6,1,11,11,12,22.09,171.47,239.47
license,1,0,14,8,18,21.56,97.79,180.48
nic,2,0,14,8,14,14.88,86.18,138.41
nic,6,1,11,0,5,16.5,5,3
nic,6,1,11,5,9,22.79,74.45,105.78
passport,3,0,14,6,17,24.26,105.56,171.7
passport,4,0,14,12,14,36.33,290.98,240
nic,5,1,9,6,6,20.91,78.4,101.99
passport,6,1,13,8,10,33.18,160.49,240
license,4,0,9,5,6,32.15,96.25,139.2
nic,6,1,14,6,15,21.68,81.88,139.19
nic,3,0,11,5,12,22.33,83.9,114.52
passport,4,0,11,11,12,28.35,205.42,240
license,0,0,9,8,16,22.09,104.94,178.79
nic,2,0,9,7,7,14.65,65.72,91.46
license,1,0,11,8,12,21.31,110.3,171.71
nic,0,0,10,5,5,15.47,48.4,80.14
license,6,1,9,7,7,25.31,118.72,160.4
nic,5,1,13,8,8,17.46,87.42,136.93
passport,0,0,14,14,19,29.66,279.45,240
nic,1,0,15,9,12,19.65,105.56,173.05
license,0,0,14,15,21,22.69,226.09,240
license,5,1,11,2,12,21.22,31.13,39.24
passport,5,1,13,11,15,32.92,232.66,240
passport,6,1,15,6,14,30.33,115.65,177.17
license,1,0,14,7,12,24.54,111.8,180.02
nic,5,1,14,2,2,13.9,17.62,28.33
passport,6,1,15,5,10,34.86,106.28,162.8
nic,4,0,10,4,9,14.24,18.62,53.71
license,6,1,14,5,5,23.9,71.62,115.4
nic,3,0,14,10,19,15.26,90.66,179.77
license,2,0,9,3,7,18.47,30.18,65.75
license,0,0,11,8,16,19.17,113.68,160.58
license,0,0,13,9,19,24.66,145.55,234.93
license,4,0,10,13,13,29.67,251.7,240
passport,5,1,13,7,12,26.97,116.82,183.95
license,2,0,10,10,13,25.03,167.13,240
passport,4,0,9,10,14,41.44,275.63,240
nic,5,1,10,7,14,18.47,90.16,124.4
passport,6,1,9,12,12,31.5,256.57,240
passport,6,1,14,5,10,26.25,82.21,136.86
license,1,0,10,9,17,32.48,185.78,240
passport,0,0,14,8,14,38.02,201.23,240
nic,0,0,10,5,9,14.6,47.57,71.16
license,6,1,10,9,12,20.08,104.75,166.23
passport,0,0,15,11,16,32.99,224.95,240
license,5,1,14,13,13,24.34,200.91,240
license,6,1,13,10,12,26.67,173.05,240
passport,5,1,9,1,7,29.07,21.3,19.68
nic,3,0,15,12,16,18.16,141.17,218.99
passport,3,0,10,15,15,27.02,272.59,240
license,3,0,13,9,21,22.2,135.81,217.43
nic,1,0,10,7,14,19.62,102.51,144.57
nic,4,0,15,7,17,15.18,74.77,113.73
license,0,0,11,4,15,22.09,49.44,94.04
nic,3,0,15,0,12,16.67,5,3
passport,4,0,15,7,15,37.1,171.15,240
passport,5,1,10,7,12,28.44,135.93,194.88
nic,3,0,10,11,13,16.91,106.0,184.33
passport,5,1,11,8,10,35.46,177.93,240
nic,2,0,9,9,10,16.27,79.5,134.72
license,6,1,14,12,12,23.54,178.67,240
license,3,0,13,7,11,27.49,114.57,200.54
nic,2,0,14,9,15,15.71,91.68,157.55
nic,4,0,10,8,14,10.92,53.77,96.75
passport,6,1,15,9,18,32.83,188.16,240
nic,4,0,9,7,12,20.05,105.64,141.67
nic,1,0,15,12,12,14.91,129.89,185.75
license,4,0,15,12,12,17.41,131.93,197.17
license,6,1,14,7,9,24.51,116.18,180.52
passport,4,0,9,6,9,23.8,90.54,133.31
license,3,0,10,5,14,22.74,78.77,121.55
passport,3,0,13,5,13,37.73,115.13,187.23
license,0,0,14,8,14,18.98,89.79,164.81
passport,5,1,14,14,14,36.23,317.55,240
nic,0,0,14,11,12,18.95,128.93,224.25
passport,6,1,10,5,19,32.88,119.81,175.43
license,3,0,10,8,11,26.89,140.72,212.07
nic,5,1,15,0,10,19.49,5,4.57
nic,5,1,11,5,10,15.97,54.21,64.92
license,1,0,10,10,14,23.66,160.34,236.87
nic,4,0,10,5,8,20.12,58.38,105.2
nic,3,0,13,5,14,14.8,47.74,97.02
passport,3,0,15,9,9,39.59,228.54,240
nic,4,0,13,10,10,16.2,96.09,162.52
license,3,0,9,8,8,25.46,146.35,196.76
license,1,0,14,13,17,24.05,195.27,240
license,0,0,14,10,16,23.09,152.12,240
license,3,0,14,10,23,28.83,186.91,240
nic,3,0,15,7,10,23.32,92.94,159.02
nic,1,0,10,6,17,20.26,81.82,127.34
passport,6,1,11,7,7,25.46,114.68,173.24
license,2,0,11,15,15,15.7,159.21,234.38
passport,2,0,13,6,19,26.09,87.51,173.3
passport,2,0,9,5,13,28.06,97.93,135.57
nic,5,1,13,6,14,21.11,74.71,125.86
nic,1,0,13,5,18,25.46,98.82,142.52
nic,0,0,14,5,5,18.38,57.79,102.45
nic,1,0,14,11,13,20.06,145.78,227.96
license,6,1,14,9,15,26.76,160.94,240
passport,1,0,10,9,9,31.52,173.49,240
license,6,1,11,10,10,28.47,189.12,240
license,2,0,9,6,8,28.12,124.16,166.53
nic,1,0,9,6,7,17.42,75.44,109.72
nic,1,0,11,4,12,15.69,33.66,68.59
nic,0,0,10,5,16,17.17,50.63,89.63
license,4,0,10,11,11,28.04,204.96,240
passport,4,0,9,4,9,37.5,94.49,132.74
passport,4,0,14,16,16,25.13,256.25,240
license,5,1,11,8,17,23.66,114.71,188.59
passport,0,0,14,11,20,29.28,213.14,240
license,6,1,10,3,10,22.74,46.14,61.98
passport,2,0,10,6,13,37.47,144.37,228.92
passport,3,0,15,14,14,29.05,267.78,240
license,1,0,15,10,10,25.93,165.19,240
passport,5,1,14,9,16,23.42,132.75,209.82
nic,3,0,14,8,15,17.96,101.85,166.43
license,3,0,13,10,12,19.8,110.01,196.75
passport,0,0,13,11,17,28.36,206.42,240
nic,4,0,15,8,8,14.27,79.52,117.41
license,1,0,10,5,8,20.8,67.62,110.98
passport,5,1,15,7,11,28.62,142.79,194.54
license,0,0,14,8,17,22.2,109.33,184.12
nic,5,1,11,6,6,14.88,43.22,71.52
license,3,0,9,6,7,14.92,46.12,82.23
passport,6,1,11,7,20,23.39,102.99,157.02
license,1,0,14,10,11,23.79,175.22,240
passport,1,0,11,11,14,30.35,213.32,240
passport,1,0,13,12,16,36.89,285.77,240
nic,5,1,9,2,7,14.96,10.54,3
nic,6,1,10,5,10,12.66,38.73,36.76
license,6,1,11,8,12,28.25,139.57,207.12
license,4,0,9,4,11,20.3,44.39,75.44
license,6,1,14,9,9,22.91,131.07,209.97
nic,0,0,13,3,3,18.31,29.07,51.75
license,3,0,9,8,8,26.93,135.29,198.69
passport,4,0,15,7,13,28.26,126.65,188.55
license,1,0,10,11,16,19.02,128.26,223.48
nic,5,1,11,5,10,10,37.55,52.14
passport,1,0,13,10,11,35.92,230.45,240
nic,6,1,11,12,17,17.21,133.27,194.64
nic,6,1,9,4,4,21.17,52.86,76.01
passport,0,0,13,14,16,29.48,281.22,240
passport,2,0,15,7,14,29.51,121.51,201.21
nic,1,0,15,11,13,15.8,106.86,171.76
license,5,1,10,9,9,23.9,130.77,190.6
passport,3,0,13,10,19,25.16,152.14,240
nic,0,0,10,7,17,10.29,48.41,82.41
nic,5,1,13,2,15,17.37,22.85,44.74
passport,2,0,15,4,9,27.59,77.97,110.22
nic,3,0,15,4,11,25.98,67.9,103.5
nic,2,0,9,4,9,15.69,44.82,54.84
passport,1,0,11,11,18,24.75,168.33,240
license,3,0,13,10,14,15.26,94.49,169.62
license,6,1,10,7,11,24.54,109.38,160.85
nic,0,0,13,3,4,20.17,37.15,77.57
license,1,0,11,15,15,23.81,236.12,240
license,6,1,10,6,12,25.2,99.39,146.1
passport,6,1,15,8,16,30.66,162.03,233.81
nic,6,1,15,6,9,21.64,82.07,125.01
license,5,1,15,4,11,21.97,47.71,82.17
license,3,0,15,7,13,22.12,95.44,150.07
passport,0,0,10,11,11,26.53,178.84,240
passport,2,0,11,10,10,22.51,149.01,223.15
license,5,1,14,9,9,21.19,112.61,182.87
passport,4,0,11,12,15,32.49,254.6,240
passport,4,0,15,6,14,39.72,151.26,240
license,4,0,14,9,17,26.04,152.73,240
nic,0,0,15,7,7,17.88,80.96,119.74
license,5,1,13,8,15,24.46,130.18,202.89
nic,6,1,9,8,8,13.5,71.04,94.09
nic,4,0,11,9,9,16.9,104.31,161.27
passport,5,1,13,12,12,32.98,252.55,240
license,2,0,11,4,12,25.74,73.2,112.28
passport,3,0,10,9,13,33.68,212.76,240
nic,3,0,9,2,10,15.36,10.7,27.15
license,1,0,11,9,9,30.73,179.02,240
license,5,1,15,10,10,22.9,156.96,211.84
nic,2,0,13,8,13,11.87,60.09,109.29
nic,3,0,10,5,14,15.36,50.99,87.76
license,2,0,10,7,12,26.85,109.86,185.03
nic,3,0,10,9,11,20.6,121.7,194.78
license,1,0,10,9,11,27.26,154.46,234.44
nic,1,0,14,10,18,19.88,126.12,218.12
nic,4,0,11,8,10,16.38,83.26,143.93
license,0,0,11,10,13,21.21,151.11,218.28
license,4,0,9,8,8,26.41,123.32,203.32
passport,5,1,9,7,13,33.66,133.24,212.5
license,2,0,15,5,11,20.63,66.14,108.22
passport,3,0,13,13,13,31.37,259.38,240
passport,2,0,10,7,12,31.08,144.27,219.42
nic,5,1,13,12,12,14.91,113.4,191.77
nic,0,0,13,6,17,19.92,74.56,134.97
passport,4,0,14,11,11,33.89,243.01,240
license,1,0,15,5,19,21.32,71.05,117.68
license,1,0,14,11,11,30.94,211.74,240
nic,3,0,11,7,9,17.69,75.18,120.64
passport,5,1,13,12,15,39.96,309.93,240
license,2,0,14,14,21,20.59,190.52,240
passport,6,1,14,7,12,31.22,134.65,205.03
license,3,0,10,6,8,22.44,74.5,150.29
nic,2,0,15,2,11,11.91,8.35,22.21
nic,4,0,14,10,11,13.98,89.22,147.95
nic,2,0,13,7,21,22.37,93.9,182.87
passport,6,1,9,12,12,33.95,254.3,240
license,6,1,13,10,13,22.88,138.41,222.81
nic,3,0,9,5,5,21.1,74.86,102.6
nic,3,0,14,9,13,19.94,116.9,188.88
passport,1,0,9,5,13,33.08,105.39,167.28
passport,3,0,14,14,20,32.21,290.8,240
passport,4,0,10,9,9,25.41,138.47,219.7
license,0,0,15,7,14,26.21,115.48,183.78
license,3,0,10,14,20,18.99,184.11,240
nic,6,1,10,8,12,14.34,60.85,99.14
nic,2,0,13,7,7,21.01,115.98,166.93
nic,5,1,9,5,5,15.43,55.61,62.64
nic,6,1,9,2,6,21.36,22.08,29.5
license,3,0,14,10,17,22.98,156.33,240
passport,2,0,14,13,21,32.31,276.54,240
nic,4,0,14,14,14,18.01,169.89,240
nic,2,0,11,7,7,19.87,85.55,137.86
license,6,1,15,5,8,25.4,78.09,113.13
license,5,1,9,6,11,19.34,91.65,109.26
license,5,1,9,9,9,16.58,99.86,122.72
passport,6,1,14,12,12,24.91,214.69,240
nic,1,0,10,12,15,23.42,194.75,240
nic,0,0,14,12,13,13.79,111.29,177.14
nic,6,1,15,8,8,14.76,82.83,107.19
nic,5,1,14,10,11,17.35,117.04,176.6
license,1,0,9,6,6,27.24,101.98,163.09
passport,0,0,9,6,6,34.16,140.75,194.84
passport,1,0,10,7,12,32.73,150.43,231.71
passport,1,0,11,13,14,28.49,234.26,240
nic,1,0,10,7,18,13.35,64.57,101.16
nic,1,0,10,5,13,14.67,38.39,80.98
passport,3,0,9,7,12,36.47,175.72,240
passport,5,1,15,4,11,35.68,104.8,145.58
license,1,0,15,3,12,23.43,41.82,82.84
nic,5,1,11,11,16,20.74,149.97,222.76
nic,4,0,11,5,7,22.9,78.19,126.45
nic,1,0,9,4,14,18.17,52.55,70.35
license,6,1,10,10,10,26.01,161.15,240
passport,4,0,9,5,8,30.8,93.48,140.03
license,5,1,11,2,9,27.35,30.24,55.53
license,3,0,13,6,14,22.62,94.56,159.74
nic,4,0,15,5,5,16.42,68.56,96.39
passport,1,0,10,11,12,30.94,221.06,240
license,0,0,13,11,11,23.78,172.42,240
passport,5,1,11,7,10,40.25,174.65,240
passport,2,0,15,10,13,36.63,224.79,240
passport,3,0,15,6,9,31.21,132.39,193.96
nic,2,0,9,6,9,20.88,89.03,120.14
license,1,0,10,7,18,20.84,98.2,150.05
nic,5,1,10,9,12,13.58,88.66,118.1
nic,2,0,14,6,15,17.75,61.63,122.45
passport,4,0,14,10,15,29.36,196.28,240
passport,3,0,13,13,13,26.29,215.74,240
passport,5,1,10,12,13,30.49,235.39,240
passport,1,0,11,7,10,28.33,122.58,195.29
nic,5,1,13,12,12,13.55,99.76,165.1
passport,6,1,13,6,12,27.68,106.54,172.97
license,0,0,9,9,9,25.74,156.72,215.29
nic,3,0,14,2,13,23.51,36.82,67.13
nic,2,0,10,8,11,12.99,48.36,104.02
nic,2,0,11,9,12,20.34,106.27,170.32
license,4,0,14,8,10,19.66,105.18,172.17
passport,2,0,10,8,17,34.72,187.29,240
nic,6,1,10,7,7,17.47,87.39,105.21
license,5,1,10,6,9,28.94,121.61,159.64
nic,0,0,14,13,13,17.19,156.59,239.7
license,1,0,11,4,17,29.79,88.4,135.26
passport,5,1,15,11,11,29.28,217.86,240
nic,3,0,10,10,14,17.5,113.67,171.04
nic,2,0,15,8,11,11.53,52.24,100.58
license,0,0,10,7,18,25.91,110.96,188.97
nic,1,0,11,11,11,16.03,118.0,170.44
passport,3,0,14,9,12,33.01,186.91,240
passport,0,0,10,6,17,33.43,128.44,202.3
license,5,1,10,7,9,20.53,99.02,135.83
passport,5,1,10,10,10,33.31,229.83,240
license,3,0,9,6,6,27.37,101.54,156.3
passport,5,1,11,5,16,29.62,109.03,145.38
nic,4,0,13,9,15,14.11,90.29,129.85
license,6,1,15,5,5,29.12,105.05,143.16
license,2,0,14,13,13,28.27,237.78,240
nic,2,0,14,8,10,19.11,100.56,169.28
nic,5,1,13,13,13,15.53,128.88,201.97
license,5,1,15,7,8,25.17,108.6,165.93
license,6,1,11,13,13,27.51,221.36,240
passport,5,1,14,6,16,32.15,128.11,199.64
passport,2,0,14,12,16,31.12,250.67,240
passport,6,1,13,10,11,35.03,224.42,240
license,3,0,15,8,8,29.01,149.29,225.89
license,1,0,15,6,15,16.29,64.21,106.86
passport,6,1,10,10,13,23.14,138.45,205.51
nic,2,0,15,5,5,16.81,53.47,79.15
license,0,0,9,7,12,25.05,98.97,151.87
nic,5,1,13,4,6,13.43,34.38,58.09
nic,4,0,10,4,8,19.59,54.31,86.16
passport,0,0,15,9,11,40.08,243.81,240
license,4,0,11,13,15,20.69,175.98,240
nic,1,0,14,4,14,19.78,57.18,95.76
passport,5,1,11,5,8,34.55,119.11,163.18
nic,5,1,9,7,7,15.26,69.44,94.8
nic,3,0,15,2,12,27.46,32.28,56.26
nic,2,0,13,10,12,16.59,106.01,183.7
passport,0,0,15,8,8,26.24,136.08,214.45
license,4,0,11,9,11,22.06,142.56,198.36
nic,1,0,10,12,14,17.78,128.16,214.35
license,4,0,14,8,16,29.61,170.8,240
nic,5,1,14,4,7,18.43,48.35,79.45
nic,5,1,15,7,12,15.65,79.82,106.27
nic,6,1,9,10,11,17.26,116.02,150.26
passport,6,1,11,8,11,35.64,180.97,240
license,6,1,11,10,13,22.47,151.5,215.19
nic,4,0,10,7,7,17.75,90.24,130.64
passport,3,0,9,6,10,31.22,127.48,172.91
license,6,1,10,4,13,22.72,57.78,88.49
license,5,1,10,9,10,21.96,134.22,185.71
nic,3,0,10,6,7,20.36,78.82,123.32
license,3,0,13,11,11,28.83,200.9,240
passport,5,1,14,11,11,32.98,239.8,240
nic,2,0,10,8,8,19.34,90.88,162.07
license,2,0,9,10,10,24.28,157.18,228.44
license,5,1,10,8,14,27.75,149.51,202.53
passport,0,0,11,8,21,26.51,142.54,213.1
nic,2,0,14,15,15,19.44,183.82,240
nic,4,0,11,7,8,13.83,45.67,114.22
passport,5,1,9,7,7,35.1,161.71,223.41
license,6,1,13,8,8,21.31,108.77,171.94
nic,1,0,10,10,10,17.95,120.64,179.94
license,5,1,9,7,11,19.37,93.12,124.89
license,3,0,9,9,10,25.11,156.65,223.0
nic,3,0,10,13,13,19.17,161.19,234.92
passport,3,0,9,13,13,35.47,292.75,240
nic,2,0,9,14,14,20.36,181.75,240
license,2,0,14,14,14,21.17,185.07,240
passport,5,1,11,10,10,32.96,208.36,240
nic,1,0,10,13,14,19.7,182.58,240
license,2,0,14,5,15,19.35,56.75,119.06
passport,1,0,11,16,16,33.62,352.91,240
nic,5,1,15,5,5,14.93,32.74,49.13
license,6,1,11,7,7,24.93,118.66,170.87
license,6,1,10,15,15,20.3,202.68,240
passport,6,1,14,7,18,37.19,155.93,240
passport,1,0,14,12,15,25.53,210.61,240
license,5,1,10,4,11,24.6,68.92,94.62
passport,0,0,14,9,18,35.56,211.41,240
passport,0,0,15,10,15,31.38,216.84,240
nic,2,0,9,4,16,18.26,50.9,66.72
license,3,0,15,13,14,17.31,140.81,223.04
passport,6,1,10,9,10,37.09,212.03,240
nic,2,0,11,9,18,22.12,118.02,202.5
nic,3,0,11,6,19,26.47,106.76,161.73
nic,5,1,10,6,10,22.77,81.64,130.03
nic,3,0,15,8,8,22.3,108.78,171.79
license,0,0,10,11,16,23.99,170.25,240
passport,5,1,13,5,18,31.48,102.01,168.67
nic,2,0,9,1,2,25.37,20.08,22.63
nic,5,1,11,4,4,13.86,34.33,40.26
passport,5,1,10,12,12,35.29,268.7,240
passport,5,1,14,3,7,35.54,75.35,99.94
license,5,1,10,10,10,33.51,228.35,240
nic,6,1,11,9,12,10.58,66.82,100.67
nic,2,0,10,8,15,24.62,139.2,195.89
nic,5,1,13,6,7,17.66,71.08,117.59
nic,0,0,11,8,11,15.78,78.41,134.61
license,6,1,9,6,8,25.72,105.34,141.76
passport,2,0,11,13,14,32.64,271.13,240
passport,4,0,11,5,14,22.4,73.08,119.51
nic,2,0,11,12,12,14.41,113.36,167.28
nic,1,0,14,13,16,22.5,173.16,240
nic,1,0,13,7,9,15.76,80.23,127.61
nic,6,1,10,6,11,16.9,60.48,96.76
passport,1,0,14,9,23,33.13,188.73,240
license,3,0,10,6,22,27.26,111.19,180.63
nic,6,1,10,4,10,17.4,61.56,79.6
passport,0,0,10,16,16,34.51,356.65,240
passport,4,0,9,10,16,32.01,210.01,240
passport,5,1,14,11,12,24.68,176.13,240
passport,1,0,15,4,13,27.43,72.84,115.61
license,0,0,14,8,9,21.4,107.78,180.23
license,6,1,9,4,4,28.16,83.85,87.29
license,2,0,13,13,17,25.57,215.72,240
license,1,0,13,15,17,22.39,224.95,240
nic,2,0,15,3,3,15.37,42.32,58.53
passport,3,0,13,6,6,36.1,143.83,223.06
license,5,1,10,9,9,21.12,117.23,180.77
passport,5,1,9,5,7,38.73,125.88,182.08
passport,2,0,11,8,13,29.32,139.07,234.2
license,5,1,14,10,15,15.93,104.78,172.14
license,6,1,10,7,7,27.92,131.09,191.8
nic,3,0,9,7,12,18.18,92.12,126.24
passport,4,0,10,9,16,29.1,172.47,240
passport,1,0,10,10,16,26.98,182.32,240
passport,2,0,15,8,13,34.58,175.3,240
nic,0,0,13,11,13,26.44,194.09,240
passport,6,1,9,6,6,27.42,104.83,140.22
license,5,1,15,4,12,26.29,50.11,87.37
passport,6,1,13,12,14,33.62,260.18,240
passport,1,0,13,10,17,26.63,171.35,240
passport,5,1,13,8,16,33.03,174.98,240
passport,3,0,10,11,17,30.29,205.61,240
passport,4,0,11,5,16,28.88,80.83,145.89
nic,6,1,11,3,16,22.27,42.03,67.4
passport,4,0,9,3,10,29.95,47.0,89.46
passport,1,0,14,6,21,32.06,119.38,215.6
license,1,0,10,10,11,18.48,124.68,178.66
nic,3,0,14,7,13,12.43,45.1,101.53
nic,4,0,13,11,11,15.77,112.53,181.77
license,6,1,14,5,11,21.18,79.36,119.87
license,6,1,15,5,7,22.05,66.35,110.44
license,2,0,9,9,10,21.69,122.72,185.99
license,1,0,14,5,15,29.75,99.68,152.19
license,0,0,13,14,14,29.21,258.99,240
passport,4,0,10,9,10,29.89,179.14,240
passport,5,1,15,2,11,32.47,49.91,63.74
passport,1,0,13,14,23,32.51,288.51,240
passport,0,0,15,8,13,33.6,183.73,240
nic,0,0,13,5,12,20.07,61.15,114.39
license,3,0,14,13,15,29.4,234.05,240
license,5,1,13,4,15,27.38,62.41,121.39
passport,3,0,11,12,15,30.66,235.87,240
nic,1,0,15,7,8,25.28,95.45,173.78
passport,2,0,9,2,12,28.27,33.71,67.77
passport,3,0,9,7,10,34.68,159.84,229.02
license,1,0,10,13,13,23.1,194.94,240
passport,4,0,9,7,7,33.9,147.47,219.44
passport,2,0,10,5,17,22.93,66.28,127.97
license,3,0,9,5,8,14.95,47.16,74.03
license,1,0,13,9,22,21.24,110.85,200.75
license,4,0,11,7,14,22.88,89.18,149.14
license,3,0,13,7,13,25.44,113.05,191.55
nic,3,0,14,9,9,18.73,111.87,179.06
nic,1,0,9,12,12,16.41,120.13,188.03
nic,1,0,10,6,10,20.1,85.17,125.6
nic,2,0,11,6,8,16.72,62.36,99.72
nic,2,0,11,2,17,18.0,29.42,50.57
nic,1,0,14,10,10,15.93,109.38,170.46
passport,2,0,13,14,15,26.98,231.82,240
passport,0,0,14,10,14,37.5,258.41,240
passport,1,0,9,5,17,30.84,106.38,167.86
passport,5,1,10,10,10,29.77,207.43,240
license,4,0,14,9,14,25.09,138.84,225.14
nic,3,0,14,5,10,21.91,77.98,128.12
nic,0,0,11,14,14,19.32,178.91,240
license,3,0,11,2,17,33.58,50.41,76.42
passport,4,0,11,4,14,31.78,79.02,128.45
passport,6,1,13,8,12,34.16,188.76,240
license,5,1,14,5,9,18.75,64.11,109.0
nic,6,1,14,0,13,18.83,13.1,7.1
passport,1,0,10,11,15,31.89,245.04,240
passport,5,1,10,11,19,32.64,225.15,240
passport,5,1,11,1,12,32.35,20.65,33.32
nic,6,1,10,7,9,25.94,114.92,162.54
license,3,0,10,8,11,18.19,100.34,146.95
passport,4,0,9,5,9,32.88,109.93,163.23
passport,3,0,13,9,13,39.84,235.44,240
nic,5,1,15,6,12,14.13,59.37,82.36
passport,1,0,10,11,18,35.51,249.74,240
passport,6,1,15,4,4,30.77,80.59,105.59
license,0,0,9,11,11,15.29,103.02,159.33
passport,1,0,13,12,18,24.03,180.54,240
nic,6,1,10,4,4,22.24,73.5,83.39
license,0,0,11,15,15,18.57,177.42,240
license,1,0,9,6,8,22.8,89.42,126.13
passport,0,0,11,7,8,37.59,174.02,240
passport,1,0,14,11,16,33.02,241.75,240
passport,2,0,9,9,14,35.21,211.76,240
license,2,0,11,7,8,22.75,102.77,154.05
nic,5,1,10,3,10,24.24,44.86,59.74
passport,6,1,11,7,9,21.24,96.53,134.83
nic,3,0,14,10,10,15.14,110.97,169.95
license,6,1,14,7,12,21.24,93.55,153.13
passport,6,1,13,5,14,29.74,104.04,160.43
nic,6,1,10,8,8,14.46,71.33,97.99
nic,2,0,10,10,10,15.31,89.66,149.43
passport,5,1,11,12,12,35.63,280.35,240
passport,4,0,14,14,14,38.05,330.82,240
nic,3,0,14,7,16,18.92,88.03,144.31
license,4,0,14,8,13,20.81,100.46,185.32
nic,3,0,9,3,11,21.15,41.32,61.35
license,2,0,14,9,18,22.83,130.59,212.87
nic,1,0,9,4,10,13.5,32.51,52.27
license,0,0,11,9,15,21.61,123.8,205.63
passport,3,0,9,6,8,36.25,134.79,201.53
license,2,0,9,6,7,26.3,95.14,139.39
nic,2,0,10,4,13,16.96,35.68,79.61
license,6,1,11,8,8,22.75,111.97,169.88
passport,1,0,10,11,19,35.42,263.32,240
passport,2,0,15,9,19,28.3,164.89,240
passport,5,1,9,8,15,32.7,162.47,240
nic,3,0,9,6,13,14.63,43.12,81.66
license,5,1,15,6,8,25.54,93.15,153.19
passport,0,0,13,13,21,33.07,280.24,240
passport,0,0,11,5,14,32.77,111.24,173.56
passport,3,0,15,15,15,33.62,339.02,240
passport,2,0,11,13,15,30.5,252.8,240
nic,1,0,14,13,13,14.06,122.83,194.17
license,6,1,14,10,12,21.34,139.39,224.21
nic,0,0,14,8,19,11.64,69.01,122.94
license,5,1,14,14,16,24.05,232.68,240
nic,6,1,11,1,15,10,10.4,14.83
passport,5,1,10,3,13,30.66,62.5,82.14
nic,0,0,11,13,13,17.32,153.44,236.97
license,1,0,10,10,15,26.43,174.42,240
license,3,0,15,7,7,21.15,85.63,127.55
nic,3,0,10,8,11,26.29,135.61,204.19
nic,5,1,9,5,9,26.66,80.8,120.94
license,5,1,11,8,8,26.13,120.92,182.26
passport,2,0,11,13,15,30.36,245.94,240
nic,6,1,13,5,10,16.22,51.77,90.71
license,5,1,9,7,10,26.32,117.6,168.22
license,3,0,11,7,11,24.19,109.76,167.07
nic,2,0,9,5,14,14.64,51.47,65.19
nic,2,0,13,12,13,18.89,145.69,230.27
passport,3,0,13,18,18,40.91,479.79,240
nic,4,0,15,5,6,18.59,51.55,91.38
passport,6,1,15,5,9,27.48,90.89,129.15
license,1,0,11,6,15,28.17,110.49,170.09
license,5,1,13,5,6,25.86,83.29,129.23
passport,0,0,10,6,13,38.22,137.43,216.16
passport,3,0,14,6,13,27.91,96.17,168.7
license,6,1,9,5,5,26.79,90.96,122.24
passport,0,0,15,16,16,27.79,285.74,240
license,3,0,14,10,19,22.83,163.72,240
passport,3,0,9,10,10,36.78,233.5,240
license,5,1,13,4,13,23.05,62.92,105.76
nic,2,0,10,3,11,10,19.38,34.06
nic,0,0,13,14,17,16.7,152.91,240
license,1,0,15,8,16,23.01,119.76,184.16
license,0,0,10,10,15,19.39,122.18,199.55
nic,1,0,11,7,14,17.12,75.47,122.9
passport,4,0,14,11,17,29.4,195.71,240
passport,1,0,11,10,13,32.8,210.98,240
license,6,1,9,0,7,18.3,5,3
license,4,0,9,3,7,22.26,39.13,55.8
nic,2,0,14,6,11,15.86,66.2,117.3
passport,0,0,10,12,17,31.97,241.25,240
license,4,0,15,7,14,23.07,107.53,163.27
license,4,0,14,8,17,18.64,101.61,167.12
license,3,0,14,9,20,28.35,172.15,240
passport,5,1,14,6,6,34.15,120.77,200.64
nic,1,0,13,10,10,21.68,141.88,220.89
nic,2,0,13,8,10,18.62,108.24,152.14
license,5,1,11,10,13,17.35,93.56,164.38
nic,0,0,11,11,11,12.81,78.19,144.7
passport,2,0,15,7,17,33.52,144.07,233.23
nic,6,1,15,9,9,12.23,68.2,91.89
passport,5,1,15,3,10,32.13,60.03,95.64
nic,1,0,13,5,9,15.02,30.5,87.25
nic,6,1,14,6,14,15.47,62.97,94.37
passport,6,1,11,9,9,34.62,206.63,240
license,4,0,15,10,10,23.1,152.9,221.88
passport,6,1,11,10,10,35.95,234.8,240
passport,2,0,13,11,19,29.63,204.36,240
license,6,1,13,10,19,21.7,148.08,211.71
passport,5,1,10,10,10,31.33,199.05,240
nic,1,0,15,7,13,10,47.95,80.31
passport,5,1,15,13,13,28.78,238.84,240
license,3,0,13,5,13,20.07,72.31,105.35
passport,0,0,14,16,17,30.42,323.25,240
nic,2,0,9,5,8,12.21,26.77,46.1
passport,0,0,9,4,12,28.71,88.79,113.96
passport,6,1,11,9,12,35.93,217.38,240
nic,3,0,14,5,5,23.18,79.56,125.64
passport,6,1,14,7,7,32.17,151.33,224.88
nic,3,0,10,5,15,19.64,57.05,102.14
passport,4,0,14,16,16,32.92,340.8,240
passport,1,0,13,12,12,35.16,284.6,240
license,2,0,15,7,7,26.33,120.24,183.86
license,6,1,14,4,11,20.93,52.41,91.32
passport,2,0,13,16,17,31.89,331.97,240
passport,1,0,14,8,15,34.33,185.51,240
passport,5,1,15,4,10,34.35,83.81,127.68
nic,6,1,15,7,9,17.89,70.73,119.19
license,5,1,14,11,11,23.32,170.46,240
nic,4,0,15,11,13,16.99,120.5,190.4
license,3,0,15,11,11,25.32,179.64,240
license,3,0,13,10,10,23.29,156.57,227.82
license,5,1,14,10,15,22.43,148.47,234.09
nic,1,0,9,5,8,24.15,56.16,106.21
passport,6,1,11,5,8,31.92,91.76,142.35
passport,2,0,14,8,17,30.31,159.88,240
license,1,0,10,9,10,31.56,182.79,240
license,0,0,10,7,19,28.66,128.47,199.09
license,3,0,10,7,11,15.97,67.37,110.59
passport,3,0,9,7,11,20.48,87.39,134.93
passport,2,0,9,11,11,30.76,213.61,240
nic,5,1,13,10,12,14.51,96.31,147.66
license,3,0,10,10,14,29.24,188.56,240
nic,5,1,14,10,10,18.41,124.76,187.2
nic,3,0,11,10,10,23.1,150.44,232.22
license,0,0,15,12,12,25.38,202.25,240
license,4,0,10,10,12,27.63,180.44,240
passport,6,1,10,8,10,31.02,162.35,233.2
nic,6,1,9,8,9,12.1,55.87,82.76
nic,6,1,14,9,9,19.51,120.46,172.67
nic,1,0,11,11,14,23.73,163.73,240
license,2,0,9,0,18,27.19,5,5.72
license,4,0,15,8,9,23.77,128.59,192.38
passport,0,0,15,8,13,27.75,147.09,220.29
passport,4,0,15,10,15,37.06,244.37,240
passport,6,1,14,5,9,35.31,114.67,168.75
passport,6,1,11,7,10,33.38,166.08,227.01
nic,2,0,11,3,10,18.98,31.67,66.05
nic,4,0,15,10,11,19.56,118.94,183.95
nic,1,0,11,8,12,22.77,112.83,191.43
nic,2,0,10,13,13,16.63,133.5,216.76
passport,4,0,11,11,11,30.31,229.45,240
passport,6,1,15,7,8,35.12,159.87,222.24
license,4,0,14,12,15,16.73,145.48,224.92
nic,5,1,13,8,12,22.56,116.66,185.05
nic,3,0,13,12,20,22.83,163.5,240
nic,1,0,10,8,10,18.93,90.32,154.72
nic,4,0,10,10,12,17.33,116.56,162.02
nic,2,0,15,7,13,13.61,57.3,101.32
nic,6,1,11,4,10,15.14,41.91,57.49
license,4,0,10,9,17,24.34,148.14,215.61
license,3,0,10,10,10,22.32,161.0,230.93
license,0,0,11,10,15,20.04,131.82,210.28
nic,0,0,15,4,17,15.24,38.81,62.79
passport,1,0,15,6,14,40.11,160.0,234.83
passport,1,0,14,11,15,31.01,227.81,240
passport,0,0,10,13,19,29.83,247.6,240
license,0,0,14,9,12,26.52,157.87,240
passport,2,0,9,10,16,26.3,154.71,240
nic,4,0,14,3,9,14.49,31.12,63.02
nic,4,0,15,4,12,18.15,54.47,86.31
license,4,0,13,5,13,31.25,98.28,162.02
passport,5,1,10,9,9,27.32,159.86,225.78
license,6,1,14,8,15,26.96,134.96,218.23
nic,1,0,11,7,12,19.08,83.57,140.09
nic,6,1,13,3,17,26.81,36.24,84.66
passport,2,0,11,5,18,33.25,116.02,170.86
license,2,0,15,3,10,20.47,30.48,56.57
nic,3,0,9,1,2,15.07,18.89,4.96
nic,1,0,15,11,17,18.96,121.64,211.59
license,0,0,9,4,10,13.48,32.71,55.86
passport,1,0,11,10,19,26.02,172.69,240
nic,0,0,13,7,7,20.36,78.47,143.7
license,0,0,14,10,12,24.34,148.13,240
nic,1,0,15,7,13,13.43,45.21,89.97
nic,1,0,10,0,13,26.55,12.03,10.57
passport,2,0,10,11,16,29.57,214.28,240
passport,4,0,14,14,18,26.35,224.88,240
passport,6,1,10,8,8,44.16,217.04,240
license,5,1,11,4,15,30.01,77.0,105.78
passport,2,0,13,11,20,31.28,209.6,240
passport,0,0,10,9,19,30.42,185.41,240
license,2,0,15,7,19,28.0,127.42,208.63
passport,1,0,11,9,15,36.71,210.12,240
license,4,0,9,10,12,26.38,163.51,240
license,5,1,10,8,9,15.08,80.31,112.49
passport,3,0,15,7,10,34.72,147.46,225.94
passport,5,1,9,5,15,35.42,118.58,166.23
nic,6,1,15,10,10,22.24,144.12,208.3
passport,4,0,11,11,15,31.66,239.29,240
nic,4,0,11,12,13,20.49,156.58,240
license,6,1,14,9,10,28.21,162.9,240
nic,1,0,14,8,17,20.52,104.06,186.27
license,0,0,10,8,13,26.22,147.71,206.89
passport,5,1,14,2,2,38.17,59.27,82.71
nic,1,0,9,9,10,14.74,94.95,131.59
license,0,0,11,12,12,22.63,205.0,240
nic,5,1,11,4,7,20.09,53.99,71.43
passport,3,0,14,11,11,22.71,168.37,240
nic,2,0,15,6,6,23.22,89.14,143.36
license,2,0,11,7,14,27.02,116.13,188.18
nic,1,0,15,14,15,18.19,159.55,240
nic,1,0,11,10,11,18.09,129.1,187.15
nic,5,1,14,8,13,11.25,57.47,96.8
nic,0,0,9,8,11,23.6,126.48,175.58
license,5,1,11,7,13,26.28,112.38,175.32
nic,3,0,9,2,9,18.32,17.98,31.75
passport,5,1,11,6,14,33.43,145.76,193.71
passport,5,1,11,6,13,34.85,144.01,199.66
passport,3,0,9,4,15,33.6,90.83,121.89
license,0,0,14,16,16,21.63,218.72,240
nic,2,0,9,4,7,22.79,66.81,82.46
passport,0,0,9,6,15,28.8,107.33,161.01
passport,4,0,11,12,14,35.16,285.22,240
license,5,1,14,11,11,21.29,158.72,236.57
nic,2,0,9,5,10,18.47,58.65,85.98
license,0,0,11,10,13,28.19,184.6,240
nic,0,0,9,3,10,19.54,41.45,61.62
license,2,0,10,9,15,21.84,127.28,217.94
license,4,0,14,8,12,20.32,104.38,168.44
passport,0,0,15,7,7,32.67,150.48,221.67
passport,0,0,15,7,15,38.34,165.48,240
license,3,0,14,13,13,26.05,235.66,240
nic,2,0,14,3,12,20.73,35.69,86.62
license,4,0,11,10,15,26.97,174.15,240
license,3,0,10,8,15,22.13,124.62,182.4
license,6,1,13,7,7,23.83,112.44,171.8
nic,2,0,15,6,13,12.28,36.93,72.65
license,1,0,10,9,9,17.96,106.15,172.83
nic,4,0,14,13,17,18.03,143.65,240
passport,2,0,11,13,15,30.45,246.21,240
passport,1,0,13,11,24,34.28,244.88,240
license,0,0,14,3,11,21.67,45.81,81.48
license,1,0,11,11,12,24.92,170.85,240
license,3,0,15,14,14,27.95,270.44,240
nic,3,0,14,11,13,23.01,163.11,240
nic,0,0,9,6,12,16.95,65.11,89.57
license,2,0,13,5,18,24.62,89.48,141.64
nic,0,0,14,4,17,20.26,49.88,96.46
nic,2,0,15,5,9,21.92,75.94,121.61
nic,2,0,11,7,14,15.78,74.38,117.19
license,6,1,10,8,12,25.04,132.42,191.02
nic,0,0,15,8,10,13.65,68.59,124.74
license,0,0,9,3,16,21.86,44.7,62.14
license,0,0,14,9,10,31.92,178.5,240
passport,3,0,14,8,15,29.15,153.22,240
nic,3,0,11,12,13,18.77,156.15,223.64
passport,4,0,15,6,21,34.13,132.19,216.13
nic,4,0,10,6,22,13.17,50.35,87.66
passport,1,0,14,12,15,34.54,247.16,240
license,4,0,9,12,14,24.77,181.46,240
passport,1,0,9,9,13,32.56,191.23,240
nic,5,1,14,10,15,25.71,163.14,240
nic,4,0,11,8,10,21.41,106.86,173.11
license,4,0,9,10,10,18.12,120.29,165.88
passport,1,0,13,16,17,29.89,308.03,240
passport,6,1,15,10,11,32.19,205.79,240
license,1,0,15,8,17,17.72,88.17,143.8
passport,5,1,14,3,14,37.36,72.67,123.76
passport,1,0,13,10,15,34.36,210.79,240
nic,0,0,11,8,8,22.1,114.48,164.23
passport,1,0,11,14,16,35.2,317.35,240
nic,0,0,9,7,7,21.92,115.61,153.42
passport,3,0,9,8,8,34.59,185.52,240
license,2,0,13,7,13,25.61,119.23,186.13
nic,0,0,13,9,15,17.58,104.34,169.99
license,1,0,9,11,11,30.19,220.31,240
license,5,1,14,14,15,19.16,177.04,240
passport,0,0,15,2,19,32.35,30.19,62.38
license,4,0,15,8,14,25.05,138.81,197.5
license,6,1,10,3,12,27.18,56.85,82.96
license,3,0,10,7,15,22.03,108.71,155.96
license,3,0,9,8,18,25.69,139.03,208.91
passport,5,1,10,11,11,32.08,218.22,240
passport,2,0,11,13,13,33.48,294.26,240
license,3,0,11,11,11,22.75,165.31,240
passport,1,0,10,8,8,30.75,157.4,240
license,4,0,9,4,12,27.61,81.92,110.57
passport,3,0,9,4,10,33.05,89.94,131.23
nic,5,1,14,7,9,20.11,88.74,145.83
license,6,1,11,7,11,27.56,129.31,181.86
nic,6,1,15,5,9,20.29,50.65,90.17
nic,0,0,14,10,14,19.2,129.95,197.7
license,2,0,15,14,14,31.46,278.13,240
passport,6,1,10,8,9,35.32,186.64,240
passport,3,0,11,9,13,32.55,197.02,240
nic,3,0,13,16,16,18.71,187.49,240
passport,1,0,14,10,15,33.51,218.8,240
nic,3,0,9,5,13,22.45,59.1,110.06
license,6,1,15,10,10,20.59,143.56,193.93
license,6,1,11,9,12,22.11,143.85,192.2
passport,2,0,9,7,14,32.62,150.48,231.94
nic,5,1,15,2,4,29.34,40.86,41.64
license,0,0,15,9,11,23.28,130.06,200.31
license,6,1,14,3,14,23.04,39.53,86.64
nic,6,1,15,9,12,15.94,92.85,129.99
passport,5,1,14,10,12,32.86,211.15,240
nic,5,1,14,5,6,17.31,41.21,84.09
license,2,0,9,6,6,34.26,136.62,205.9
nic,5,1,14,7,7,22.11,101.66,152.55
passport,2,0,15,12,15,36.78,287.98,240
nic,4,0,14,8,12,16.73,81.04,137.08
passport,6,1,14,7,13,37.11,168.1,240
license,3,0,13,14,14,25.29,246.09,240
license,2,0,11,11,13,34.75,246.8,240
nic,5,1,13,5,5,15.97,53.33,76.36
license,2,0,13,12,16,28.53,215.71,240
nic,0,0,13,6,10,17.03,70.53,119.61
license,2,0,15,10,11,19.69,126.94,202.58
nic,0,0,10,6,6,16.0,61.42,89.47
nic,2,0,9,0,5,22.68,5,3
nic,1,0,11,11,12,12.91,99.82,146.67
passport,3,0,10,10,15,24.77,154.71,240
nic,3,0,10,12,12,16.9,125.7,203.08
passport,4,0,15,16,16,21.72,226.18,240
nic,3,0,11,11,11,23.0,163.39,240
license,6,1,15,6,9,17.98,78.79,95.79
passport,0,0,11,9,20,29.86,164.12,240
nic,3,0,15,6,9,16.68,63.51,111.64
nic,3,0,15,4,5,13.37,40.99,57.72
passport,1,0,9,10,16,36.71,234.69,240
passport,4,0,13,13,22,32.09,277.62,240
nic,2,0,15,10,16,13.49,66.42,132.64
nic,4,0,14,10,13,20.17,136.62,216.01
passport,3,0,15,12,12,34.49,270.15,240
license,5,1,11,1,11,24.7,11.34,18.33
license,6,1,14,12,12,30.43,242.5,240
nic,2,0,14,15,15,12.38,134.35,195.27
license,2,0,11,15,15,15.34,144.02,222.13
license,4,0,15,5,9,26.32,75.41,125.64
passport,2,0,14,7,14,30.24,148.72,227.02
nic,1,0,10,14,14,14.1,133.11,199.79
passport,0,0,11,4,20,37.14,103.42,164.32
passport,2,0,10,6,9,36.79,127.05,207.08
passport,0,0,13,10,17,34.16,228.0,240
nic,6,1,9,6,10,22.75,81.67,101.13
license,0,0,9,6,8,18.76,81.07,123.81
passport,4,0,15,10,15,30.76,199.58,240
license,2,0,13,10,15,26.52,173.92,240
nic,4,0,10,7,11,20.73,82.91,137.23
passport,0,0,15,7,17,28.09,126.26,204.04
passport,5,1,9,9,9,27.51,162.44,215.76
passport,6,1,10,9,9,39.23,236.11,240
nic,2,0,11,8,11,18.48,78.77,147.69
license,2,0,13,14,17,20.99,180.54,240
license,0,0,11,13,14,25.38,212.87,240
license,6,1,9,10,10,20.16,118.33,169.39
nic,3,0,9,3,11,24.83,52.28,70.67
passport,0,0,15,10,16,31.6,208.01,240
license,4,0,10,7,14,25.51,111.24,168.6
nic,3,0,15,8,10,25.67,136.24,211.33
passport,6,1,10,5,11,35.13,105.02,154.02
license,5,1,15,5,12,26.43,83.09,112.91
nic,6,1,9,5,12,24.91,76.48,112.98
passport,2,0,15,5,10,28.06,83.83,135.91
passport,3,0,11,13,13,34.89,281.4,240
passport,4,0,15,11,15,28.01,199.75,240
license,2,0,9,2,10,27.3,37.92,56.84
license,2,0,15,5,17,26.27,80.68,145.61
nic,0,0,11,8,11,18.39,93.59,154.52
passport,4,0,9,9,9,25.2,147.23,219.8
passport,0,0,11,9,13,32.81,189.14,240
nic,3,0,13,6,17,17.08,65.65,114.48
nic,6,1,11,14,14,20.71,186.3,240
license,2,0,9,2,2,27.19,35.3,49.96
passport,2,0,9,7,15,36.4,169.45,240
license,1,0,15,10,10,19.07,119.99,191.21
nic,1,0,15,7,12,14.76,73.51,106.71
license,6,1,15,3,14,25.3,47.75,71.57
passport,2,0,11,9,17,30.49,179.85,240
nic,0,0,15,7,11,18.82,87.38,134.3
nic,4,0,10,13,13,22.94,192.2,240
license,4,0,9,5,10,27.76,93.79,144.96
license,0,0,9,9,17,29.7,167.34,240
license,3,0,10,8,14,24.07,126.52,197.08
passport,2,0,9,9,13,29.15,162.98,240
passport,1,0,9,8,13,37.34,203.86,240
license,6,1,10,6,9,26.85,100.79,143.4
passport,1,0,14,13,18,30.67,251.85,240
license,2,0,11,11,17,24.36,191.35,240
passport,5,1,9,6,8,31.01,110.98,159.19
passport,2,0,10,9,11,29.13,178.88,240
license,0,0,10,10,11,24.92,182.25,240
license,2,0,9,10,12,21.31,126.54,201.24
passport,5,1,11,5,15,30.16,104.13,142.6
passport,4,0,15,9,22,30.39,179.03,240
nic,5,1,11,7,7,21.63,98.51,135.06
license,5,1,14,8,19,27.04,122.31,209.76
license,4,0,11,5,17,20.92,73.3,119.15
nic,6,1,14,13,13,11.36,93.03,145.69
nic,4,0,14,6,14,23.88,94.85,161.62
license,2,0,14,12,17,18.13,145.97,230.7
passport,1,0,13,15,16,31.93,306.77,240
nic,6,1,11,0,12,15.45,5,3
nic,2,0,9,8,14,17.12,97.73,143.09
license,0,0,10,7,13,28.7,135.23,201.84
license,6,1,10,6,17,26.63,101.37,153.3
license,4,0,11,10,14,29.23,185.21,240
license,3,0,9,5,11,19.58,68.33,102.21
license,1,0,14,13,13,32.67,275.68,240
passport,2,0,11,11,11,26.72,196.89,240
license,0,0,15,2,6,17.15,7.82,38.99
passport,2,0,14,13,21,29.17,242.53,240
nic,4,0,15,7,7,19.85,98.48,136.2
nic,3,0,13,12,18,17.06,135.75,215.73
license,2,0,9,3,11,21.47,38.32,71.24
passport,1,0,14,14,19,39.97,363.47,240
passport,3,0,15,11,16,32.03,232.83,240
passport,0,0,13,10,13,33.32,213.21,240
passport,5,1,10,6,22,28.86,106.45,164.06
nic,2,0,11,5,20,27.03,85.14,148.61
passport,0,0,10,7,20,36.75,184.45,240
license,2,0,13,17,17,24.02,252.22,240
license,1,0,13,11,19,24.65,174.92,240
passport,6,1,9,5,7,38.95,128.58,178.68
nic,0,0,10,12,23,16.45,114.43,199.64
license,5,1,15,0,13,23.11,5,7.51
license,3,0,15,0,13,26.85,5,13.37
passport,4,0,14,9,17,32.52,179.53,240
license,4,0,14,6,18,14.11,56.23,101.46
nic,4,0,10,5,9,21.73,72.21,104.17
passport,4,0,11,8,21,28.02,155.78,240
passport,2,0,15,14,14,29.61,270.93,240
nic,1,0,14,4,7,17.85,43.08,78.54
nic,1,0,15,3,16,18.09,37.19,58.17
nic,1,0,9,2,10,18.03,42.11,51.05
license,2,0,11,11,11,22.07,159.61,240
nic,3,0,13,6,19,23.82,88.76,153.23
passport,2,0,14,11,14,31.05,231.11,240
passport,3,0,10,11,19,30.68,218.05,240
passport,5,1,14,8,14,23.0,124.66,188.55
passport,1,0,9,15,15,31.01,298.85,240
nic,4,0,14,7,10,19.67,92.76,150.72
nic,1,0,11,11,17,21.63,167.35,232.77
license,1,0,14,4,17,20.82,60.65,102.76
license,5,1,14,7,8,25.23,128.22,165.62
license,3,0,9,0,14,25.29,5,13.58
nic,5,1,10,5,8,15.39,48.05,74.69
nic,2,0,11,7,10,22.11,92.88,155.66
license,6,1,15,0,9,22.68,5,3
nic,0,0,14,15,15,15.84,151.53,240
license,2,0,15,9,9,17.27,98.52,156.1
nic,2,0,11,8,10,20.04,94.73,167.13
passport,6,1,9,7,15,27.51,105.48,172.66
passport,3,0,13,17,17,34.79,378.86,240
passport,5,1,9,6,8,28.79,110.18,155.37
nic,1,0,14,9,12,17.42,98.48,167.62
passport,4,0,9,10,10,40.73,281.47,240
nic,2,0,10,9,13,20.01,122.34,192.9
passport,1,0,10,14,14,38.09,363.54,240
nic,2,0,14,10,11,13.66,93.94,159.49
passport,4,0,15,13,15,41.49,353.3,240
nic,6,1,15,3,4,19.18,27.63,36.33
passport,4,0,11,13,13,35.64,296.76,240
nic,4,0,10,11,11,12.09,87.06,128.04
nic,5,1,10,8,8,16.29,84.09,130.49
license,6,1,14,8,14,18.0,96.45,148.25
license,2,0,11,12,12,20.38,158.51,237.53
nic,0,0,13,10,10,23.06,140.2,228.85
license,0,0,15,3,21,23.93,45.44,84.06
nic,0,0,14,9,17,16.89,96.82,158.44
license,5,1,14,7,7,22.48,102.61,150.03
nic,0,0,9,9,10,12.26,71.1,104.54
passport,2,0,10,15,16,24.39,243.23,240
nic,0,0,15,11,13,13.04,110.79,159.11
passport,5,1,15,9,10,30.08,167.82,240
license,1,0,9,4,11,22.68,67.08,86.5
nic,0,0,14,3,18,17.99,13.67,67.9
passport,5,1,13,7,20,30.41,146.63,219.25
license,2,0,11,9,17,22.49,120.28,196.82
nic,0,0,11,5,10,16.5,52.93,99.26
nic,1,0,13,11,11,22.57,160.63,240
license,4,0,15,11,13,21.03,151.43,238.67
passport,5,1,10,11,14,20.76,141.07,227.04
nic,1,0,11,10,10,16.74,101.87,168.75
passport,0,0,15,10,16,32.39,217.44,240
passport,1,0,10,6,11,35.59,121.46,189.1
nic,4,0,14,8,17,23.3,121.14,200.35
passport,6,1,15,12,12,32.95,239.1,240
license,5,1,15,4,4,25.57,66.4,95.83
license,3,0,13,6,18,18.72,80.04,139.23
passport,4,0,13,13,13,37.79,331.83,240
nic,4,0,15,0,12,20.16,5,11.71
passport,0,0,10,11,20,37.21,265.14,240
passport,1,0,14,7,22,25.23,112.87,198.07
nic,4,0,14,11,17,13.73,97.38,174.43
passport,5,1,15,6,14,37.83,147.76,214.46
license,4,0,14,6,12,28.14,98.71,171.26
nic,1,0,9,3,4,19.11,31.93,48.28
passport,1,0,9,1,7,32.48,26.09,46.73
license,6,1,11,2,14,23.96,24.62,40.33
passport,5,1,15,8,8,40.27,204.8,240
passport,5,1,15,6,6,32.37,119.69,178.2
nic,1,0,10,8,11,18.26,111.33,151.11
passport,6,1,10,12,16,39.0,307.71,240
license,6,1,14,7,19,25.24,115.74,178.7
nic,6,1,10,6,6,21.85,90.58,113.76
nic,3,0,10,8,10,27.7,138.24,216.56
license,5,1,13,9,10,20.08,124.91,185.92
passport,1,0,11,3,8,26.28,31.1,71.94
passport,0,0,9,7,7,35.7,164.58,227.62
license,0,0,15,6,11,27.84,124.11,177.77
license,1,0,9,7,11,17.75,71.34,118.89
nic,4,0,13,10,10,19.1,118.78,200.98
license,5,1,15,7,7,25.48,116.44,157.86
passport,2,0,13,13,19,33.33,276.51,240
license,4,0,15,6,13,26.11,97.92,160.29
nic,3,0,10,6,17,17.23,64.13,112.36
passport,1,0,15,7,9,31.78,143.71,203.76
license,3,0,15,5,5,30.13,116.01,153.35
passport,0,0,9,8,10,40.64,207.91,240
license,4,0,9,3,10,22.31,33.85,55.86
license,5,1,14,6,12,20.45,83.21,133.35
license,0,0,14,12,18,25.99,200.94,240
nic,6,1,13,6,16,16.82,67.69,108.54
license,5,1,15,8,8,25.18,140.09,187.91
license,5,1,9,6,8,24.93,92.89,136.58
license,4,0,10,13,13,21.32,178.72,240
license,3,0,9,8,8,26.92,126.89,192.98
license,2,0,13,8,15,30.52,150.39,240
license,5,1,15,12,12,23.48,181.83,240
nic,0,0,13,8,18,22.91,114.19,195.3
nic,1,0,13,6,16,17.1,61.77,120.4
license,4,0,11,9,12,20.24,117.44,178.71
passport,2,0,11,14,14,31.93,294.7,240
nic,2,0,9,5,14,13.83,44.56,67.2
passport,4,0,13,13,14,31.11,244.63,240
nic,6,1,15,8,10,16.89,96.15,135.09
nic,3,0,10,12,12,20.83,156.33,240
license,1,0,15,4,21,21.1,54.44,90.86
license,1,0,15,9,11,25.39,151.05,213.81
license,1,0,15,4,11,19.27,45.33,78.05
nic,1,0,9,1,4,20.74,26.88,14.84
license,4,0,13,7,15,23.26,119.23,184.09
license,1,0,14,6,12,21.55,75.9,143.49
nic,1,0,11,9,17,15.32,99.3,147.42
nic,4,0,10,10,10,17.9,115.33,184.5
passport,3,0,15,9,18,30.38,168.88,240
license,3,0,14,12,15,21.21,168.56,240
license,4,0,15,6,18,23.4,90.39,151.87
license,5,1,14,10,18,26.2,171.12,240
passport,2,0,10,11,17,23.19,176.05,240
license,4,0,14,12,15,20.03,163.08,240
passport,1,0,15,4,10,26.06,62.02,111.95
passport,6,1,14,6,17,31.65,119.7,198.48
passport,4,0,11,11,22,25.33,177.34,240
license,6,1,10,6,8,21.57,86.93,116.36
license,5,1,9,8,12,25.97,151.49,194.69
passport,3,0,9,10,10,29.87,187.45,240
license,0,0,14,10,12,17.26,110.07,177.82
nic,3,0,9,5,10,24.42,65.48,114.91
license,2,0,14,12,12,25.92,197.9,240
passport,1,0,10,13,13,33.23,273.62,240
nic,3,0,9,4,10,14.99,16.02,49.24
license,5,1,15,6,6,24.38,85.24,124.66
license,2,0,13,10,10,29.67,187.8,240
passport,4,0,15,7,8,36.48,160.4,232.29
nic,5,1,9,6,7,21.68,72.7,100.78
nic,3,0,13,8,17,20.65,105.66,181.32
license,5,1,13,8,15,25.2,131.99,202.54
license,6,1,10,8,17,27.12,138.75,211.66
nic,6,1,13,6,9,10,32.42,64.16
passport,5,1,10,15,18,27.91,282.51,240
nic,6,1,15,6,12,19.08,67.45,104.95
nic,3,0,10,10,10,21.75,145.73,222.61
license,5,1,11,6,6,24.91,89.19,131.77
nic,2,0,11,11,16,22.12,163.22,239.52
passport,1,0,13,14,17,35.37,330.24,240
nic,2,0,14,5,15,17.68,53.69,115.88
license,6,1,10,4,4,25.32,79.42,90.92
nic,6,1,10,6,6,11.52,42.82,56.49
passport,5,1,10,7,11,39.07,177.29,240
passport,5,1,9,1,7,26.4,15.12,14.2
passport,3,0,10,7,16,29.21,126.21,205.45
license,6,1,13,9,14,21.98,120.75,200.63
license,5,1,14,7,7,22.93,107.93,163.75
passport,4,0,9,5,5,30.44,104.47,145.19
nic,3,0,10,6,7,15.16,47.24,90.39
nic,2,0,15,12,15,12.75,116.9,157.01
nic,3,0,11,7,13,20.81,79.45,138.27
nic,3,0,10,10,15,11.57,79.22,131.98
license,2,0,9,5,11,21.28,69.79,104.05
license,4,0,14,5,15,19.59,62.66,115.89
license,3,0,15,7,7,26.9,115.72,185.8
nic,6,1,14,5,9,23.31,70.23,120.61
nic,6,1,15,10,11,14.26,90.38,132.9
license,3,0,15,6,7,21.94,82.6,138.04
license,4,0,14,10,24,23.27,148.23,240
nic,0,0,10,7,13,24.59,112.34,178.37
license,1,0,15,9,15,23.19,137.12,203.47
passport,2,0,13,11,14,31.59,220.93,240
passport,0,0,11,7,13,35.69,161.04,234.69
license,2,0,14,14,14,27.01,233.87,240
passport,3,0,11,8,15,32.87,160.75,240
nic,1,0,11,9,9,10,64.86,106.47
license,2,0,10,8,10,18.75,101.31,152.59
license,3,0,10,7,8,16.17,70.03,117.27
license,3,0,14,5,15,20.54,68.82,131.04
passport,1,0,15,4,15,39.25,113.9,168.15
passport,6,1,14,9,11,26.88,164.77,240
nic,1,0,10,7,17,18.68,96.36,143.99
license,6,1,10,7,7,25.84,125.46,170.37
passport,0,0,14,10,13,37.21,241.78,240
passport,2,0,11,17,20,33.37,373.96,240
nic,0,0,15,6,6,14.07,42.82,77.78
license,4,0,9,11,11,29.53,211.22,240
passport,2,0,15,9,12,33.87,201.71,240
passport,2,0,9,13,13,33.36,289.2,240
nic,1,0,11,11,15,22.49,151.1,240
nic,1,0,10,7,15,25.4,127.23,197.96
nic,1,0,14,5,10,22.46,68.54,135.08
nic,2,0,10,5,8,18.11,60.58,95.23
passport,6,1,14,14,17,38.4,353.81,240
passport,1,0,15,6,14,33.37,125.81,205.43
license,2,0,15,9,9,27.64,152.43,240
license,6,1,10,8,8,18.22,92.09,125.48
passport,5,1,15,11,16,26.65,192.71,240
passport,1,0,9,7,8,27.38,115.83,169.22
nic,0,0,11,7,20,17.15,63.46,116.16
nic,5,1,11,0,16,23.78,18.98,3.71
license,6,1,14,2,10,19.08,31.36,45.99
license,0,0,15,9,17,24.81,136.68,215.29
nic,3,0,11,11,16,15.5,108.73,168.04
license,5,1,15,7,14,28.7,125.52,185.32
passport,5,1,15,3,12,35.08,62.65,99.48
nic,3,0,14,9,12,20.95,128.28,202.77
passport,4,0,13,15,22,32.08,326.05,240
passport,6,1,9,10,10,32.69,205.8,240
license,4,0,13,15,15,26.45,248.65,240
license,5,1,10,5,11,22.0,69.52,97.6
passport,0,0,10,9,16,36.61,203.58,240
license,0,0,9,6,8,27.86,105.88,154.86
license,2,0,14,14,19,21.23,196.83,240
license,1,0,15,4,10,24.55,81.53,97.64
passport,5,1,15,3,13,30.26,59.88,78.84
nic,3,0,14,9,10,17.71,103.85,175.87
passport,1,0,10,5,12,37.64,123.82,182.71
license,5,1,10,9,10,25.24,143.52,199.0
nic,4,0,11,8,10,15.98,87.79,130.14
nic,2,0,11,8,16,19.59,97.15,164.02
license,6,1,11,12,14,23.88,173.87,240
nic,2,0,11,3,12,10,15.07,32.64
license,5,1,14,7,7,24.02,107.79,162.73
passport,4,0,9,9,13,36.46,216.55,240
passport,5,1,14,13,13,24.51,198.42,240
license,1,0,10,8,9,20.33,97.36,147.43
passport,1,0,13,18,18,37.77,432.39,240
passport,4,0,11,11,16,28.73,192.52,240
passport,3,0,14,10,13,30.19,212.36,240
nic,4,0,15,11,11,17.68,125.1,187.27
license,6,1,10,6,12,30.39,130.55,166.28
passport,1,0,10,7,25,30.93,125.25,224.83
passport,6,1,11,3,17,29.46,59.99,96.87
license,6,1,10,8,12,29.04,153.26,218.76
passport,6,1,11,12,12,26.77,197.73,240
license,2,0,9,2,9,27.96,35.15,47.34
nic,2,0,14,11,12,11.6,82.58,145.35
nic,2,0,13,6,15,15.73,67.77,119.24
passport,6,1,11,5,14,30.22,106.39,145.01
nic,3,0,11,11,11,21.37,149.62,231.23
passport,4,0,13,8,17,33.28,189.51,240
license,3,0,10,15,15,27.23,249.67,240
license,2,0,9,5,12,10,27.42,45.2
passport,5,1,11,6,17,34.75,136.53,205.96
license,0,0,9,10,11,19.91,127.44,184.0
passport,1,0,11,13,14,28.39,245.07,240
license,6,1,9,1,10,22.03,7.83,7.11
license,5,1,15,11,15,26.05,198.24,240
passport,2,0,14,12,12,36.86,287.89,240
passport,2,0,13,10,17,31.13,212.12,240
nic,5,1,10,7,8,18.77,77.4,119.78
license,5,1,10,8,12,25.48,117.73,197.06
passport,3,0,13,12,22,27.65,224.06,240
nic,3,0,15,1,8,18.08,12.99,20.12
passport,5,1,13,3,18,27.88,56.51,89.91
passport,5,1,9,10,10,32.48,215.57,240
license,5,1,15,12,12,23.7,202.61,240
passport,5,1,13,4,16,37.44,94.51,154.27
passport,2,0,14,11,14,37.9,279.15,240
license,2,0,15,7,7,24.98,119.49,172.31
license,5,1,9,5,7,19.51,53.6,72.56
passport,0,0,11,14,16,34.83,328.78,240
license,6,1,11,10,13,20.2,129.19,186.19
nic,2,0,14,11,11,16.4,108.23,192.48
nic,0,0,10,12,12,21.64,164.18,240
license,5,1,15,9,10,14.73,92.48,127.52
passport,0,0,13,14,18,28.24,247.63,240
nic,2,0,11,8,9,17.57,94.52,140.47
nic,2,0,14,10,10,21.02,133.2,210.64
license,4,0,14,5,13,19.54,38.12,102.46
license,6,1,9,8,13,24.17,134.56,184.18
license,6,1,10,4,4,25.58,63.08,93.09
passport,5,1,11,4,19,38.81,91.71,145.01
license,3,0,10,7,7,15.66,62.16,101.87
nic,3,0,9,6,6,19.17,66.4,93.63
passport,5,1,15,7,8,33.67,154.88,225.82
nic,4,0,9,1,12,14.83,5,27.75
nic,1,0,10,2,17,17.8,17.08,51.29
nic,3,0,14,9,9,24.26,145.11,235.8
passport,5,1,9,3,10,29.5,64.93,97.23
passport,1,0,14,13,22,30.3,258.34,240
nic,2,0,13,14,19,21.77,221.11,240
passport,2,0,14,12,17,29.32,222.22,240
license,3,0,10,10,14,18.26,114.49,183.79
passport,2,0,13,10,22,34.13,217.87,240
passport,3,0,15,13,13,31.31,277.96,240
license,4,0,13,14,16,20.94,191.93,240
license,6,1,10,5,8,33.74,126.03,156.4
passport,5,1,15,12,16,36.15,274.04,240
nic,3,0,15,8,11,17.8,91.49,141.06
nic,5,1,10,7,12,26.34,122.12,168.76
passport,3,0,10,10,16,31.99,217.14,240
nic,1,0,11,13,13,17.71,153.8,224.21
license,2,0,15,10,11,23.91,166.46,240
license,2,0,9,3,5,18.95,35.33,51.9
nic,2,0,10,10,10,14.53,89.46,149.34
nic,6,1,15,5,5,11.41,49.68,38.63
passport,4,0,10,11,14,31.11,231.57,240
passport,0,0,10,16,16,32.93,336.11,240
nic,4,0,15,10,10,22.09,148.21,214.29
passport,0,0,11,10,21,30.07,201.78,240
license,4,0,14,12,20,22.27,174.87,240
passport,1,0,14,16,18,30.28,306.8,240
passport,5,1,14,5,11,30.44,105.89,152.37
passport,6,1,9,6,8,31.18,114.12,164.11
license,1,0,15,6,10,18.89,83.06,111.25
passport,6,1,13,11,11,36.03,248.08,240
license,1,0,14,11,21,23.18,159.05,240
license,5,1,14,10,10,26.18,182.78,240
nic,5,1,11,3,11,26.36,52.42,80.54
license,0,0,15,5,15,23.65,91.53,135.12
license,6,1,14,6,17,26.14,104.18,160.1
passport,6,1,10,5,10,33.21,113.68,163.23
license,3,0,11,11,12,26.19,181.17,240
nic,6,1,15,9,9,11.23,67.36,86.97
passport,6,1,13,11,22,35.73,259.92,240
license,3,0,9,6,15,28.86,105.52,168.87
license,5,1,9,0,11,24.76,5,3
nic,6,1,11,0,13,27.27,5,3
license,5,1,13,12,12,22.9,182.77,240
license,3,0,13,5,20,17.78,63.98,115.05
nic,0,0,15,9,9,15.84,88.98,146.71
passport,2,0,13,6,10,34.11,127.78,211.16
license,5,1,11,12,15,26.17,191.91,240
passport,5,1,13,14,14,38.57,343.53,240
nic,1,0,13,8,16,20.46,87.48,181.21
nic,1,0,15,7,10,10,53.98,81.31
nic,1,0,11,11,15,26.16,180.09,240
license,5,1,15,6,7,27.48,114.96,161.78
license,6,1,13,6,16,22.29,92.65,145.55
passport,3,0,13,13,13,34.6,297.02,240
license,6,1,13,7,15,29.09,119.35,204.59
nic,0,0,14,9,12,19.48,118.94,187.2
license,5,1,11,2,12,24.48,22.45,34.08
license,4,0,10,7,17,23.28,92.75,155.09
nic,2,0,15,8,8,25.34,140.38,198.42
passport,6,1,14,7,21,29.93,149.07,212.42
nic,4,0,13,4,10,20.89,49.66,103.12
nic,6,1,14,4,13,27.38,80.92,123.72
license,6,1,10,7,7,17.49,106.13,119.02
nic,5,1,10,4,9,19.86,58.74,74.31
nic,4,0,15,8,9,21.13,107.33,165.57
nic,0,0,14,7,20,18.56,95.37,166.47
nic,2,0,13,14,18,17.68,163.41,240
passport,5,1,14,10,11,33.53,216.85,240
passport,1,0,15,14,17,29.13,275.29,240
passport,1,0,11,6,17,39.14,172.89,235.91
nic,2,0,13,5,15,20.72,53.41,119.89
license,1,0,15,9,12,20.76,125.08,183.74
license,5,1,13,10,12,22.7,155.44,240
passport,0,0,9,9,9,40.44,226.58,240
passport,3,0,11,13,15,36.74,297.78,240
passport,6,1,15,5,11,32.48,108.96,160.78
nic,6,1,15,8,8,10,41.02,79.62
license,3,0,14,11,15,22.53,146.01,240
passport,6,1,11,7,16,29.61,143.31,206.19
nic,4,0,15,9,9,14.41,78.94,127.43
passport,0,0,14,15,15,33.22,338.67,240
nic,6,1,9,5,7,26.6,88.47,115.71
license,6,1,11,6,16,25.61,107.52,146.66
license,0,0,9,8,13,29.0,151.06,212.06
nic,2,0,13,12,16,13.62,119.57,187.86
passport,5,1,11,9,15,34.56,201.02,240
nic,0,0,15,7,13,15.63,74.65,115.37
nic,3,0,15,10,11,12.79,90.04,135.32
license,1,0,13,9,13,25.54,149.84,240
nic,1,0,11,9,13,16.4,81.49,143.8
license,4,0,14,10,13,25.31,161.23,240
nic,1,0,9,2,5,15.48,18.72,23.54
passport,4,0,10,9,13,29.31,182.38,240
passport,4,0,14,14,14,34.26,317.34,240
license,3,0,14,9,16,25.82,138.22,236.11
nic,1,0,10,6,11,18.43,60.8,106.38
passport,2,0,9,2,12,23.85,23.4,47.14
passport,2,0,11,17,17,30.28,326.03,240
nic,1,0,13,10,19,17.53,114.75,192.12
nic,5,1,15,4,14,22.44,66.4,95.8
nic,3,0,14,9,9,19.31,105.46,181.39
nic,5,1,13,7,10,22.94,87.33,156.21
passport,4,0,11,7,20,38.12,174.13,240
nic,1,0,13,12,12,19.88,151.25,240
license,3,0,15,10,14,23.27,160.71,240
passport,0,0,11,7,10,32.27,157.61,227.45
license,0,0,10,8,19,23.65,117.13,192.12
passport,5,1,9,8,12,41.0,215.12,240
license,4,0,13,13,19,24.59,207.59,240
passport,2,0,14,6,13,30.02,115.6,199.29
passport,4,0,10,4,14,33.51,78.45,146.84
license,4,0,15,8,17,29.87,157.03,240
nic,2,0,9,2,12,10,11.24,24.41
license,2,0,14,15,15,24.17,242.81,240
passport,0,0,13,4,22,34.67,113.34,173.54
license,0,0,13,13,13,21.23,174.19,240
nic,3,0,13,10,16,17.91,106.87,188.42
passport,3,0,14,7,18,37.39,175.6,240
passport,2,0,15,12,16,33.32,259.55,240
license,4,0,10,7,12,28.24,115.89,194.18
passport,2,0,9,7,14,27.9,114.87,191.37
license,5,1,15,10,10,18.49,134.84,159.7
license,3,0,10,3,9,19.46,46.1,67.44
license,2,0,13,11,11,21.71,148.9,240
license,6,1,10,5,11,23.06,78.04,105.8
nic,1,0,9,3,11,23.75,47.88,62.58
license,1,0,13,10,15,18.74,120.68,203.51
nic,1,0,14,8,8,19.79,110.21,169.7
nic,1,0,13,5,11,22.98,72.08,125.9
license,0,0,10,10,14,25.88,165.11,240
license,0,0,15,10,13,19.64,117.62,188.74
nic,2,0,13,6,12,22.88,87.94,152.0
license,1,0,10,9,14,22.17,132.57,201.94
nic,4,0,15,9,12,25.29,137.61,214.38
license,5,1,9,5,9,23.36,78.07,104.61
passport,5,1,10,8,8,33.07,163.96,240
nic,0,0,9,3,16,19.43,37.17,65.5
nic,5,1,11,6,8,19.42,74.14,98.74
nic,2,0,14,6,20,19.27,72.84,134.94
license,0,0,11,13,14,29.85,261.57,240
nic,0,0,10,5,15,15.53,51.15,80.45
license,1,0,13,9,15,19.12,107.55,185.56
license,4,0,9,7,7,33.71,136.47,217.83
nic,4,0,9,9,9,17.0,105.26,146.19
nic,6,1,13,4,9,21.74,63.68,95.55
nic,6,1,11,4,8,19.33,49.02,72.16
nic,3,0,15,9,14,26.32,131.84,230.74
license,0,0,11,10,15,26.28,182.98,240
nic,6,1,14,4,15,11.17,21.91,52.08
passport,1,0,15,5,19,38.46,105.61,198.83
license,2,0,14,8,13,23.4,115.65,202.41
nic,3,0,9,3,10,10,24.21,29.16
passport,0,0,9,8,14,26.93,141.7,210.86
nic,6,1,9,5,11,23.72,70.89,103.6
nic,6,1,14,10,15,20.23,141.08,207.12
nic,5,1,13,11,11,10.21,66.69,120.55
nic,0,0,14,7,12,20.83,87.98,158.47
license,3,0,11,10,12,22.96,155.75,229.8
passport,5,1,14,7,15,35.51,156.78,240
passport,0,0,14,15,15,31.36,300.14,240
passport,5,1,14,7,7,24.29,107.48,172.58
nic,4,0,15,10,10,13.61,90.59,136.57
passport,4,0,14,10,10,27.42,163.05,240
passport,0,0,9,9,12,32.49,211.04,240
passport,4,0,13,9,25,35.94,199.51,240
passport,5,1,15,1,9,35.97,36.92,37.95
passport,3,0,10,10,17,27.39,191.54,240
license,5,1,9,10,10,23.39,150.67,217.92
license,3,0,15,8,9,26.21,136.71,205.83
license,4,0,9,12,12,26.59,195.32,240
license,6,1,14,2,7,25.24,31.11,54.34
license,0,0,11,12,12,25.46,204.19,240
nic,3,0,13,14,16,17.98,152.29,240
nic,0,0,14,10,10,19.23,140.13,207.69
license,1,0,11,7,18,29.44,140.43,211.4
nic,2,0,14,5,18,20.59,68.45,124.55
license,2,0,15,11,11,28.59,215.26,240
passport,0,0,10,11,13,38.13,269.98,240
license,4,0,10,9,14,22.56,117.42,195.84
nic,1,0,9,11,17,25.07,168.81,240
nic,0,0,13,6,10,12.92,42.32,93.68
passport,5,1,13,8,17,31.41,153.91,240
passport,1,0,11,7,15,32.09,151.26,221.22
passport,2,0,14,7,18,31.19,135.91,227.29
license,1,0,9,1,8,22.58,32.82,28.83
license,4,0,9,8,8,26.54,140.73,203.83
license,0,0,14,9,12,18.31,96.35,179.1
passport,3,0,11,6,14,27.28,104.85,167.04
passport,6,1,13,7,17,31.41,137.77,216.81
nic,2,0,11,6,6,16.25,68.59,100.01
license,3,0,14,11,18,30.42,200.38,240
license,1,0,11,11,11,24.38,177.06,240
license,6,1,11,5,5,18.37,67.99,86.23
nic,3,0,11,9,9,16.56,90.56,136.16
license,4,0,9,4,4,22.36,58.98,84.27
passport,5,1,10,4,9,30.42,84.91,111.86
nic,3,0,14,9,9,15.51,86.54,150.82
passport,4,0,13,5,22,32.52,100.16,184.55
license,5,1,13,5,14,24.77,91.6,135.6
passport,1,0,11,9,16,34.48,206.57,240
nic,6,1,13,7,9,20.17,79.96,141.36
passport,4,0,11,5,19,34.81,108.14,171.86
nic,2,0,10,10,10,12.3,69.84,116.88
nic,6,1,13,6,20,19.17,81.09,115.09
nic,6,1,9,9,9,14.77,71.64,108.21
passport,5,1,11,10,13,36.01,219.28,240
license,1,0,9,5,8,18.75,61.29,106.37
license,1,0,14,14,14,27.5,262.76,240
passport,5,1,10,11,12,32.65,234.68,240
license,0,0,10,9,12,22.19,125.34,191.21
license,2,0,14,12,14,26.14,196.06,240
passport,2,0,11,8,15,30.91,169.23,240
passport,6,1,11,7,11,38.7,170.47,240
nic,3,0,15,5,12,20.17,63.16,97.73
nic,3,0,9,5,5,21.51,84.83,103.22
passport,2,0,10,8,10,29.59,151.12,233.67
nic,0,0,11,6,14,23.26,110.8,145.74
license,5,1,11,10,10,24.96,163.93,219.5
nic,3,0,14,12,14,18.32,144.21,228.29
nic,1,0,14,7,10,12.31,60.69,107.19
license,4,0,14,9,9,22.81,121.64,206.65
passport,4,0,14,15,18,31.38,309.75,240
passport,4,0,10,5,13,39.38,121.13,183.15
nic,0,0,14,3,12,17.38,25.88,69.3
nic,6,1,13,7,7,15.02,67.77,111.43
nic,0,0,15,4,13,24.08,62.95,105.58
nic,4,0,10,11,12,19.11,136.66,210.62
passport,3,0,11,4,8,37.51,96.84,148.55
nic,6,1,11,3,20,22.3,50.35,74.3
nic,2,0,14,8,10,14.85,75.25,135.81
passport,0,0,9,10,14,26.5,173.55,240
license,3,0,14,14,14,24.38,232.46,240
nic,4,0,15,4,17,24.04,51.27,88.23
passport,5,1,9,9,10,32.37,193.75,240
license,2,0,10,14,14,26.47,238.56,240
license,5,1,10,5,14,26.09,89.74,130.61
passport,1,0,10,9,17,35.51,211.88,240
nic,5,1,10,7,16,20.12,98.1,140.52
license,1,0,10,2,17,28.43,35.18,69.27
license,2,0,14,11,20,23.27,163.66,240
license,6,1,15,6,15,27.56,107.61,149.17
license,5,1,10,5,19,22.25,66.85,110.1
passport,1,0,11,8,16,27.68,149.03,230.5
license,1,0,10,13,14,18.19,146.47,231.52
nic,6,1,14,7,12,20.59,84.44,147.54
nic,2,0,11,5,17,15.28,46.01,84.36
license,5,1,13,6,15,21.8,80.37,137.99
nic,1,0,11,6,11,16.21,56.38,95.39
nic,3,0,14,5,11,20.45,48.09,101.98
nic,0,0,13,8,15,20.66,101.0,175.01
license,4,0,13,12,12,25.27,190.09,240
nic,6,1,13,11,13,22.26,164.33,240
nic,1,0,11,5,6,22.2,67.75,103.68
nic,0,0,10,6,16,23.23,99.62,146.83
passport,0,0,9,5,14,29.36,97.33,142.01
license,5,1,15,7,10,28.36,127.73,192.93
nic,6,1,10,5,5,12.94,55.96,62.8
license,3,0,15,17,17,22.08,233.17,240
passport,0,0,14,11,13,29.13,203.97,240
passport,6,1,10,12,12,27.61,214.83,240
nic,4,0,10,7,7,13.21,41.86,79.95
nic,0,0,10,5,8,15.62,48.08,82.83
license,1,0,10,7,16,22.45,110.96,171.69
license,2,0,14,10,12,23.2,146.97,239.27
nic,5,1,9,3,11,11.77,23.97,22.66
nic,4,0,15,14,14,19.5,176.8,240
passport,2,0,15,11,14,20.8,135.0,239.64
passport,2,0,15,10,10,38.35,242.74,240
license,3,0,11,8,18,21.62,104.54,173.11
nic,0,0,14,11,13,20.58,147.25,228.38
license,4,0,14,12,12,32.79,259.57,240
nic,5,1,11,5,7,23.49,66.16,107.38
license,4,0,15,8,10,21.61,113.25,163.75
nic,2,0,15,7,15,19.12,83.12,137.22
nic,6,1,9,3,17,19.38,41.56,52.12
license,4,0,15,12,12,24.99,198.58,240
nic,0,0,11,4,12,17.57,43.54,76.39
license,4,0,13,11,11,23.09,165.3,240
license,0,0,14,8,8,27.01,128.91,221.44
passport,5,1,10,9,12,29.26,167.0,240
license,5,1,11,11,16,30.83,210.61,240
nic,1,0,13,14,17,11.88,109.53,180.26
passport,3,0,10,8,17,38.98,211.45,240
passport,0,0,14,8,9,35.72,169.36,240
license,2,0,15,8,8,20.19,106.07,159.78
nic,3,0,9,2,10,24.6,27.33,45.97
nic,3,0,10,6,9,18.5,77.44,110.81
passport,4,0,11,7,14,28.49,124.55,209.3
license,4,0,14,11,14,23.88,157.22,240
license,4,0,10,11,18,26.65,188.15,240
passport,4,0,13,11,18,34.42,253.76,240
nic,6,1,11,8,8,16.62,88.0,129.09
nic,1,0,9,9,9,23.63,141.09,193.87
passport,3,0,9,7,7,30.46,135.21,207.33
nic,2,0,10,8,15,21.53,113.03,183.85
license,4,0,10,7,8,24.01,112.92,163.24
passport,4,0,9,6,11,29.73,121.68,166.06
license,4,0,13,9,19,28.3,172.76,240
license,5,1,15,8,8,25.0,115.63,181.44
license,3,0,15,11,11,22.39,151.86,229.89
license,1,0,13,12,12,28.45,220.44,240
license,1,0,13,12,12,22.38,185.12,240
license,1,0,11,0,11,16.97,5,11.45
passport,6,1,13,4,4,33.86,89.01,127.95
nic,2,0,10,8,18,16.79,81.52,139.03
nic,5,1,11,9,15,21.96,125.81,178.34
passport,1,0,9,13,13,27.29,245.07,240
passport,1,0,13,12,12,24.06,182.44,240
license,5,1,9,4,9,26.96,75.57,108.15
passport,3,0,14,14,14,30.62,275.44,240
nic,1,0,10,9,9,17.94,111.74,156.06
passport,2,0,9,10,10,33.08,218.5,240
nic,4,0,14,11,11,20.39,137.59,228.73
passport,5,1,13,8,23,35.5,193.09,240
license,3,0,11,8,16,25.42,137.64,211.88
passport,3,0,10,8,15,32.32,165.21,240
nic,4,0,13,12,12,20.71,147.47,240
nic,0,0,14,7,12,15.68,78.08,119.06
license,3,0,13,7,15,26.72,124.17,199.85
nic,2,0,11,15,15,23.71,228.96,240
nic,0,0,10,11,11,18.17,139.82,209.5
license,3,0,9,3,11,27.38,48.5,74.57
passport,6,1,14,8,10,28.66,138.67,226.2
passport,3,0,15,8,14,28.56,160.11,231.22
passport,4,0,10,6,18,31.59,122.45,191.55
license,3,0,9,6,10,25.08,89.49,137.75
passport,5,1,10,2,14,34.72,52.72,66.46
passport,6,1,9,4,6,28.82,84.31,105.53
license,0,0,13,7,12,25.94,118.17,194.67
license,0,0,15,8,8,27.66,147.75,218.33
nic,1,0,13,11,14,21.36,155.56,239.71
passport,5,1,10,10,18,29.56,196.37,240
nic,3,0,11,3,9,16.37,43.89,52.26
nic,5,1,14,6,11,23.45,89.83,139.21
license,6,1,9,8,8,19.53,92.68,131.25
passport,5,1,15,13,13,32.72,276.75,240
nic,1,0,11,4,10,18.53,60.3,84.24
license,5,1,10,9,9,15.97,88.21,126.76
nic,3,0,13,10,11,21.24,127.38,233.02
nic,6,1,15,5,6,21.93,78.05,94.86
license,3,0,11,10,14,19.84,121.86,189.23
passport,5,1,9,8,10,35.13,185.59,240
license,2,0,9,8,12,26.98,127.61,208.75
nic,4,0,15,6,9,23.87,85.34,142.11
nic,6,1,14,5,15,15.2,41.52,83.28
passport,4,0,11,12,13,33.52,260.69,240
nic,5,1,11,11,11,21.86,166.5,225.23
nic,6,1,9,4,4,21.99,53.57,72.45
passport,0,0,11,6,16,33.51,141.48,205.56
passport,4,0,14,15,15,44.93,449.74,240
license,1,0,13,9,10,19.01,114.61,193.33
license,2,0,14,10,15,17.64,113.69,193.71
nic,0,0,14,11,11,13.73,95.81,165.76
license,1,0,9,9,9,25.13,152.25,228.03
passport,3,0,14,14,14,26.74,244.06,240
license,5,1,15,4,4,19.02,33.23,62.03
license,1,0,9,6,9,24.74,101.33,136.49
passport,1,0,15,11,17,28.71,214.71,240
license,6,1,14,5,13,28.28,82.44,142.08
nic,0,0,9,2,10,26.99,45.0,50.5
passport,1,0,13,11,18,40.01,283.82,240
nic,4,0,14,10,12,19.0,112.29,190.84
nic,1,0,14,7,15,20.55,100.34,165.49
license,0,0,9,7,7,32.07,149.47,213.73
license,0,0,14,12,12,24.86,186.12,240
passport,3,0,10,16,19,20.85,208.56,240
passport,5,1,9,9,9,28.39,170.43,231.91
nic,0,0,10,2,15,19.31,26.6,53.51
passport,1,0,15,12,12,28.69,215.79,240
license,0,0,15,5,7,25.3,83.97,120.03
passport,6,1,15,9,15,28.6,173.06,240
nic,4,0,10,9,12,15.31,108.08,143.89
license,2,0,13,9,16,19.16,101.04,186.0
passport,6,1,13,9,11,31.24,184.32,240
license,1,0,9,8,16,20.98,110.31,173.8
license,3,0,13,8,20,26.73,123.05,211.5
passport,3,0,10,5,12,30.94,105.8,159.84
passport,6,1,11,11,13,25.98,186.02,240
license,5,1,15,1,10,28.52,19.96,22.01
license,6,1,15,13,13,20.56,183.95,240
license,2,0,9,10,10,22.95,132.39,203.72
nic,1,0,14,11,11,25.31,179.46,240
nic,1,0,15,6,11,18.03,83.27,107.02
nic,3,0,13,10,12,19.38,123.79,212.99
license,2,0,15,10,10,21.68,132.37,205.27
passport,1,0,14,10,13,30.53,204.16,240
license,3,0,13,14,16,26.31,244.26,240
nic,1,0,13,9,16,19.13,100.01,187.39
nic,4,0,9,3,5,23.38,51.57,58.25
license,6,1,13,2,12,25.02,46.11,57.68
passport,5,1,15,7,9,34.96,160.24,223.93
passport,3,0,11,11,14,39.19,268.37,240
license,4,0,15,8,8,26.7,141.72,214.59
nic,2,0,14,8,12,21.71,112.86,179.55
passport,1,0,14,8,19,27.3,140.99,238.3
nic,5,1,15,8,8,10.0,61.75,63.95
license,6,1,10,6,8,24.8,96.12,148.81
nic,6,1,14,9,17,19.48,110.51,192.08
nic,0,0,14,10,12,10,64.22,112.88
license,4,0,11,10,17,36.41,232.0,240
nic,6,1,15,6,8,21.37,81.82,120.31
license,4,0,9,10,11,28.18,185.34,240
license,5,1,9,6,6,20.25,80.94,109.41
passport,6,1,9,9,12,26.44,160.19,220.63
nic,2,0,14,8,19,20.61,97.49,176.18
passport,5,1,13,6,8,29.84,117.39,183.0
passport,3,0,14,11,16,32.24,234.01,240
license,3,0,14,12,20,21.08,146.19,240
license,6,1,9,6,6,26.71,103.88,152.19
passport,1,0,14,9,16,29.13,176.87,240
passport,4,0,15,12,12,32.46,257.97,240
passport,5,1,14,11,18,28.55,205.46,240
passport,1,0,9,1,13,40.42,36.45,52.61
passport,0,0,10,8,16,39.98,192.6,240
nic,5,1,11,2,9,17.96,16.73,28.37
license,5,1,13,9,11,28.9,179.95,240
nic,6,1,15,5,12,20.88,61.21,91.43
passport,4,0,9,5,10,40.12,139.49,202.2
license,0,0,9,6,6,30.77,107.56,169.76
passport,5,1,15,15,15,25.03,251.08,240
passport,0,0,13,10,20,26.2,173.1,240
nic,5,1,14,11,11,15.74,94.2,170.74
license,6,1,9,2,10,17.28,24.6,32.11
passport,3,0,9,9,9,30.74,171.35,240
passport,6,1,14,11,12,32.56,236.43,240
nic,6,1,11,11,12,20.72,158.63,214.65
nic,3,0,10,11,22,12.99,117.42,150.03
nic,3,0,9,2,2,21.22,31.4,38.7
license,0,0,14,5,18,18.42,56.15,113.11
passport,3,0,10,14,14,28.32,250.7,240
license,3,0,15,11,15,26.39,189.3,240
passport,4,0,11,14,14,34.84,322.94,240
passport,1,0,13,13,20,32.25,261.03,240
license,3,0,13,14,18,20.12,191.67,240
nic,6,1,13,6,9,17.39,66.23,98.43
license,4,0,10,11,24,23.36,164.09,240
license,1,0,13,10,10,23.92,155.08,240
nic,0,0,15,11,16,18.43,132.16,203.94
license,5,1,10,2,7,24.45,27.73,35.83
license,4,0,14,7,7,18.95,91.14,131.17
nic,3,0,11,9,14,17.93,97.56,152.81
passport,1,0,9,13,15,33.56,276.98,240
license,2,0,10,12,12,37.69,282.0,240
license,3,0,10,9,9,19.79,119.36,175.12
license,3,0,9,2,7,20.95,31.23,40.5
nic,5,1,9,2,9,19.14,12.25,14.01
nic,4,0,11,4,10,20.33,50.57,72.23
nic,4,0,14,13,15,18.19,152.41,240
passport,5,1,11,8,17,26.34,136.7,203.39
nic,5,1,13,9,9,19.48,117.88,177.46
passport,5,1,15,10,10,34.23,225.82,240
nic,3,0,14,9,17,17.24,96.01,174.56
license,4,0,10,6,20,21.8,65.94,123.53
license,2,0,14,5,15,24.81,75.33,148.18
nic,0,0,15,8,9,21.01,108.79,160.11
passport,0,0,11,7,14,31.12,145.45,217.65
passport,5,1,11,4,13,29.01,88.24,102.17
license,2,0,9,3,11,21.06,44.56,60.66
license,1,0,9,8,8,30.74,153.61,229.02
passport,5,1,9,9,9,29.31,175.34,238.93
nic,5,1,13,11,16,19.78,140.24,217.22
license,2,0,15,3,15,20.93,35.15,72.39
passport,5,1,15,9,10,23.6,143.78,183.48
nic,6,1,11,1,8,11.92,5,3
license,4,0,13,15,18,26.47,269.88,240
nic,5,1,9,6,6,15.88,52.93,75.95
nic,1,0,10,4,10,13.58,23.31,56.08
passport,2,0,13,13,13,26.61,220.21,240
passport,0,0,14,15,25,34.87,348.23,240
license,1,0,11,8,9,20.77,108.75,157.09
nic,4,0,9,7,7,10,52.16,70.37
license,4,0,11,9,16,19.6,105.43,175.85
passport,3,0,13,13,13,22.55,200.41,240
passport,3,0,13,13,13,39.73,340.05,240
license,4,0,11,6,13,22.55,94.32,132.61
license,1,0,9,7,10,25.62,100.5,169.79
passport,5,1,10,6,6,34.07,117.09,187.14
license,2,0,9,8,8,18.9,110.95,142.13
license,3,0,14,9,15,23.7,149.18,227.15
license,5,1,11,11,11,24.53,176.97,240
license,5,1,14,6,19,22.06,85.23,136.45
nic,6,1,10,1,10,16.24,9.18,14.1
passport,4,0,14,12,14,33.61,260.32,240
license,2,0,11,8,18,24.35,106.13,188.97
license,4,0,13,5,11,30.39,102.08,171.59
passport,0,0,9,6,13,30.98,114.61,190.27
nic,4,0,15,6,20,19.88,65.43,122.38
passport,0,0,15,13,13,34.66,303.82,240
license,5,1,13,7,15,26.13,117.22,189.21
nic,1,0,13,9,19,15.96,91.39,168.45
license,3,0,14,1,21,20.86,25.54,54.85
passport,3,0,15,6,21,27.46,117.82,175.08
license,1,0,14,11,12,19.71,137.97,231.73
license,4,0,9,6,6,17.14,70.69,90.78
license,5,1,9,2,6,23.03,27.26,18.05
nic,4,0,11,4,8,21.6,59.07,96.0
passport,6,1,13,5,13,29.86,92.59,143.14
nic,1,0,9,4,11,10.69,26.95,43.04
nic,2,0,13,9,9,18.46,101.22,165.72
license,5,1,14,11,11,33.47,239.94,240
license,5,1,9,7,13,24.28,119.28,153.52
passport,3,0,10,12,21,28.33,219.71,240
nic,1,0,11,11,12,21.12,143.3,224.15
nic,5,1,9,9,9,25.02,141.88,204.68
license,1,0,15,8,13,33.13,176.59,240
passport,1,0,15,6,14,34.55,136.72,220.51
nic,4,0,14,5,17,13.28,46.41,95.19
nic,3,0,14,5,6,19.25,85.2,117.83
passport,1,0,11,11,11,35.47,249.21,240
nic,3,0,11,8,14,21.57,110.35,183.0
license,3,0,11,11,17,26.81,179.52,240
nic,3,0,10,5,17,21.0,67.75,111.75
license,6,1,15,6,13,28.85,110.06,173.74
nic,3,0,13,11,16,21.37,170.49,240
passport,1,0,9,12,12,33.3,261.17,240
license,5,1,10,9,9,27.14,153.26,220.51
passport,1,0,14,10,14,29.39,191.23,240
nic,5,1,14,2,9,11.2,12.81,32.57
nic,1,0,10,12,19,18.43,149.03,222.28
passport,2,0,11,10,24,26.54,173.23,240
passport,3,0,10,12,12,31.8,229.87,240
nic,1,0,9,8,8,17.34,94.22,138.11
passport,2,0,11,16,17,32.76,339.88,240
passport,3,0,11,11,18,24.63,169.37,240
nic,5,1,9,5,5,18.59,57.23,70.56
license,3,0,10,5,9,16.41,54.59,93.89
passport,2,0,10,10,10,31.12,203.43,240
license,3,0,13,12,12,21.18,149.09,240
nic,5,1,14,3,3,14.92,28.14,39.01
passport,0,0,9,6,11,30.85,122.84,184.64
passport,6,1,11,5,11,33.17,113.49,159.63
nic,5,1,9,9,9,22.41,140.15,178.58
nic,1,0,10,10,10,19.19,120.38,196.83
license,2,0,9,8,8,21.58,109.64,154.4
license,4,0,11,9,16,31.82,190.23,240
license,3,0,13,7,9,26.26,126.37,190.29
license,2,0,10,10,13,21.96,138.57,220.82
license,3,0,10,7,15,25.3,134.53,190.96
license,2,0,14,8,9,20.53,112.28,170.66
nic,1,0,11,3,13,17.91,48.15,56.62
license,2,0,10,6,11,17.53,70.01,106.21
nic,1,0,9,8,8,22.67,129.9,179.8
passport,0,0,15,10,16,29.37,188.73,240
license,3,0,10,9,11,30.98,183.91,240
nic,1,0,9,3,11,20.79,44.61,55.14
nic,0,0,9,8,8,22.93,106.25,161.21
license,3,0,9,5,12,21.79,68.64,105.83
nic,6,1,14,8,9,21.74,109.67,165.55
nic,2,0,10,14,14,11.16,98.32,160.44
nic,6,1,10,14,14,12.83,125.88,170.34
license,2,0,13,9,20,21.26,138.54,206.74
nic,0,0,11,7,16,15.09,75.5,116.63
license,0,0,13,13,17,29.27,240.64,240
passport,1,0,13,9,14,32.52,194.32,240
passport,1,0,13,9,25,31.17,181.22,240
nic,0,0,10,8,11,16.84,86.81,127.5
license,1,0,10,14,14,25.65,230.73,240
license,1,0,9,0,10,19.26,5,3
passport,0,0,11,7,15,35.99,151.55,240
passport,3,0,9,5,5,37.67,112.97,162.81
passport,6,1,10,10,10,31.61,191.6,240
license,4,0,14,6,12,23.59,77.06,153.82
passport,3,0,14,12,18,33.96,260.82,240
license,5,1,13,14,14,24.24,223.07,240
passport,5,1,10,9,9,34.08,197.29,240
passport,3,0,15,8,18,30.14,155.08,236.58
license,0,0,14,9,10,21.64,144.18,208.95
license,0,0,14,10,12,20.31,135.0,213.15
nic,3,0,11,11,15,16.86,125.52,193.41
license,1,0,14,14,14,24.85,207.09,240
nic,0,0,10,14,16,19.64,183.8,240
license,3,0,13,12,15,28.41,219.51,240
nic,1,0,9,4,10,14.91,50.83,57.73
license,3,0,10,13,14,20.6,167.35,240
passport,3,0,11,14,15,37.56,351.17,240
license,4,0,14,10,18,23.46,140.36,240
license,2,0,9,13,13,27.2,227.29,240
passport,0,0,14,13,13,30.18,247.95,240
nic,6,1,10,3,11,19.03,37.68,49.53
passport,3,0,10,11,11,26.37,197.73,240
license,3,0,11,4,11,25.03,75.71,101.47
license,5,1,9,7,11,19.53,82.25,114.78
passport,4,0,14,12,14,31.31,246.5,240
license,1,0,13,14,16,22.76,218.3,240
passport,3,0,10,9,15,40.61,220.78,240
nic,0,0,13,5,13,22.28,74.31,136.58
license,3,0,9,4,9,18.71,48.31,81.64
passport,0,0,10,12,16,25.67,214.21,240
passport,4,0,10,10,10,24.28,167.51,236.75
nic,6,1,14,9,16,19.07,107.44,176.46
nic,0,0,13,14,14,17.8,159.91,240
license,3,0,11,11,17,24.74,168.91,240
license,6,1,13,13,13,20.84,167.86,240
nic,1,0,10,8,10,17.14,90.04,140.59
license,4,0,10,12,12,18.6,131.22,223.52
nic,0,0,11,13,13,17.46,140.19,240
nic,6,1,11,6,13,19.51,68.43,112.14
passport,4,0,9,10,16,28.98,187.88,240
passport,2,0,10,12,12,26.28,208.22,240
license,3,0,15,7,12,18.52,93.53,133.7
passport,3,0,11,3,12,29.04,61.09,87.74
nic,0,0,15,7,13,18.68,91.79,135.72
nic,0,0,9,5,7,19.41,72.87,85.17
nic,5,1,13,10,10,20.44,131.27,210.84
nic,5,1,10,7,10,15.02,70.9,100.42
license,2,0,13,7,20,26.3,119.74,202.21
license,6,1,14,3,15,17.51,36.47,68.48
license,6,1,10,5,5,23.17,75.96,93.46
nic,6,1,11,4,13,17.67,47.36,60.92
nic,1,0,15,6,15,19.96,80.38,116.88
passport,1,0,11,15,15,29.98,302.79,240
license,3,0,9,8,16,17.28,99.08,139.63
nic,0,0,15,7,19,17.93,85.46,136.75
nic,0,0,14,7,8,16.21,75.58,125.69
license,6,1,13,6,6,25.68,107.01,148.99
passport,4,0,9,9,16,33.47,203.84,240
nic,5,1,11,10,10,16.96,100.45,158.09
license,2,0,13,8,22,27.74,148.57,238.77
license,4,0,15,11,11,26.06,189.96,240
passport,4,0,13,12,24,33.71,261.58,240
passport,0,0,14,9,12,27.83,159.92,240
nic,2,0,10,10,12,22.02,155.37,217.97
nic,6,1,11,6,12,21.46,84.72,124.76
nic,5,1,14,11,11,18.2,135.55,198.92
passport,0,0,11,8,13,28.91,172.9,231.77
license,4,0,14,9,11,16.59,99.34,160.14
passport,4,0,13,10,18,24.47,167.03,240
license,2,0,15,9,9,17.16,104.17,154.25
nic,6,1,15,7,7,16.3,72.19,98.43
license,6,1,14,10,10,18.1,120.58,185.26
nic,2,0,15,4,9,14.92,45.64,73.39
license,5,1,13,15,15,23.34,220.02,240
nic,0,0,9,7,7,11.94,45.64,79.6
license,5,1,14,12,13,23.49,190.09,240
license,1,0,9,0,13,26.7,5,10.96
nic,6,1,14,7,16,17.98,85.01,139.01
nic,4,0,9,7,11,21.77,107.19,152.29
passport,3,0,10,17,18,27.83,296.68,240
passport,3,0,9,9,13,27.3,160.41,231.12
passport,2,0,9,4,12,32.25,88.47,129.94
license,2,0,15,7,13,20.64,80.91,132.04
passport,3,0,15,8,13,36.01,174.3,240
passport,5,1,11,9,10,34.46,201.58,240
passport,6,1,15,6,16,27.94,103.4,164.52
nic,3,0,15,11,15,14.9,108.18,173.32
license,6,1,10,6,13,22.44,97.19,135.86
nic,4,0,14,9,20,18.52,115.77,190.84
passport,4,0,9,5,5,27.34,86.11,122.75
nic,4,0,15,6,8,10,35.55,65.92
passport,5,1,11,11,11,31.21,219.17,240
nic,6,1,14,7,10,19.43,77.32,144.06
passport,6,1,9,6,14,33.71,130.62,187.48
license,3,0,10,10,17,28.78,182.27,240
passport,0,0,14,10,18,33.85,214.3,240
license,5,1,14,8,12,17.36,80.85,127.34
license,5,1,14,6,11,25.43,107.38,154.22
license,1,0,11,8,13,22.61,122.59,176.96
license,5,1,14,12,12,20.46,170.82,240
license,0,0,11,12,16,22.77,172.77,240
passport,3,0,11,16,24,33.09,349.0,240
passport,3,0,9,8,10,36.8,205.48,240
license,5,1,9,12,12,13.68,101.28,149.81
passport,5,1,11,9,9,32.98,187.12,240
license,4,0,10,2,12,25.3,19.12,61.41
nic,3,0,13,13,19,11.17,85.49,157.31
nic,5,1,13,4,8,18.99,40.78,84.47
nic,0,0,9,3,3,17.83,31.74,46.19
nic,3,0,10,9,9,16.1,102.6,142.79
nic,1,0,10,19,19,19.13,238.54,240
license,3,0,14,7,9,19.99,88.07,157.44
license,6,1,11,8,16,27.22,131.32,221.36
nic,6,1,11,9,11,15.43,98.29,130.74
license,6,1,10,5,9,18.89,49.64,82.1
license,0,0,11,11,20,26.83,192.17,240
nic,6,1,15,6,13,10,48.63,62.55
nic,3,0,15,3,5,19.81,33.42,56.57
nic,4,0,15,8,15,18.74,93.52,147.51
passport,6,1,15,10,10,31.38,192.99,240
license,4,0,9,10,10,25.84,180.41,240
nic,3,0,9,3,16,13.62,29.25,48.71
nic,3,0,10,7,19,12.45,60.36,98.19
passport,0,0,13,9,15,39.55,229.86,240
passport,4,0,9,9,14,32.69,184.51,240
nic,1,0,11,4,13,18.82,55.63,86.76
license,6,1,10,8,14,20.05,98.07,146.05
passport,0,0,11,12,14,36.11,284.94,240
passport,1,0,9,6,13,30.34,98.27,171.26
nic,0,0,9,5,5,12.42,55.54,53.7
nic,0,0,10,11,11,11.38,91.17,132.03
passport,6,1,11,7,9,34.05,156.28,228.42
nic,2,0,13,9,13,17.68,113.89,188.61
passport,4,0,11,11,15,30.21,218.48,240
nic,1,0,15,10,11,18.28,113.42,189.12
license,5,1,13,7,13,21.86,97.47,152.89
passport,2,0,10,9,16,33.21,206.62,240
nic,0,0,14,5,13,20.42,63.64,116.32
license,3,0,14,11,15,21.84,145.5,240
passport,4,0,14,9,16,29.68,171.91,240
passport,1,0,13,12,16,31.99,246.84,240
passport,3,0,11,9,22,37.64,222.52,240
license,6,1,14,8,15,27.08,134.62,219.38
nic,5,1,14,7,7,18.69,86.26,132.29
license,5,1,9,6,6,19.76,83.47,105.2
passport,2,0,14,8,23,31.73,167.15,240
nic,1,0,13,8,18,25.61,131.49,219.31
nic,4,0,9,3,8,22.62,54.26,77.65
passport,1,0,9,8,13,27.32,143.21,219.43
nic,1,0,10,12,15,19.32,172.28,240
license,3,0,13,5,16,22.2,63.36,135.9
license,0,0,11,9,9,29.37,165.46,240
passport,2,0,13,7,15,34.34,159.41,240
nic,3,0,11,7,9,19.96,100.52,155.56
license,6,1,11,8,12,21.82,104.11,158.36
license,6,1,9,7,14,25.67,120.68,167.43
license,3,0,15,6,14,24.15,86.49,139.29
nic,4,0,14,13,13,16.62,140.9,231.06
passport,0,0,9,11,11,30.36,205.08,240
nic,6,1,14,6,18,19.44,68.46,116.73
passport,3,0,15,7,11,29.16,137.36,201.08
passport,1,0,15,7,10,37.76,165.86,240
passport,5,1,15,10,10,33.42,205.45,240
nic,6,1,15,5,14,16.62,56.12,85.57
nic,5,1,10,6,8,17.56,77.95,97.37
license,0,0,14,14,14,19.54,173.39,240
passport,5,1,10,7,10,25.3,109.06,158.33
nic,0,0,11,14,14,19.24,179.83,240
license,3,0,11,4,14,23.43,63.96,98.95
passport,5,1,9,6,14,32.69,140.2,178.4
license,3,0,15,2,12,24.82,32.75,66.26
passport,0,0,13,7,15,35.48,170.72,240
nic,0,0,14,9,11,21.04,136.52,205.64
passport,2,0,14,11,16,32.94,245.53,240
passport,6,1,11,5,6,32.56,117.82,147.46
passport,4,0,10,10,19,34.45,240.02,240
nic,5,1,11,8,9,13.96,85.4,102.73
nic,5,1,13,10,18,20.27,121.86,210.32
passport,6,1,14,12,13,29.56,229.5,240
license,3,0,10,6,17,26.5,100.93,162.62
passport,2,0,10,15,16,34.01,330.88,240
nic,6,1,11,9,14,15.99,91.17,139.09
passport,2,0,14,18,18,34.95,421.84,240
passport,2,0,15,14,14,31.55,286.34,240
passport,6,1,10,5,5,28.21,86.2,134.91
passport,5,1,14,14,14,33.24,309.32,240
nic,0,0,13,3,17,20.93,34.57,85.95
nic,1,0,13,8,15,18.93,104.38,165.31
nic,0,0,10,9,16,18.35,101.53,172.63
passport,3,0,13,11,18,32.77,239.85,240
passport,6,1,15,9,9,33.66,187.05,240
passport,3,0,15,9,18,33.98,197.98,240
passport,2,0,14,11,11,32.28,218.09,240
passport,0,0,11,5,8,38.92,129.17,198.92
passport,6,1,9,4,8,26.56,66.98,87.66
passport,5,1,11,1,16,32.8,16.58,36.43
license,0,0,15,5,12,26.07,84.23,132.13
license,2,0,13,3,15,24.52,53.04,95.98
license,0,0,10,11,11,20.84,140.1,228.67
nic,5,1,13,8,16,24.89,140.56,208.69
nic,1,0,15,12,13,14.3,118.38,174.52
passport,6,1,9,8,15,38.22,204.3,240
passport,1,0,13,12,14,31.32,245.98,240
license,2,0,13,9,15,20.43,130.41,194.34
passport,6,1,10,6,8,31.85,128.1,178.89
nic,2,0,10,10,13,15.72,94.27,155.44
passport,5,1,9,2,6,29.4,44.84,46.76
nic,1,0,14,10,16,23.18,160.76,240
passport,3,0,9,2,12,31.85,32.71,62.17
license,2,0,10,9,17,31.61,193.18,240
passport,3,0,14,13,16,31.85,264.9,240
license,4,0,15,9,14,22.48,135.0,211.2
passport,2,0,11,9,18,30.35,179.41,240
passport,3,0,11,9,10,32.78,188.46,240
nic,4,0,13,13,16,18.65,172.39,240
passport,1,0,14,11,17,34.67,248.19,240
license,5,1,10,8,13,20.72,105.46,156.02
license,2,0,13,13,13,18.12,160.81,240
nic,4,0,13,7,16,21.87,104.97,161.63
passport,2,0,13,10,22,31.2,193.58,240
license,0,0,14,11,15,27.34,186.9,240
passport,1,0,14,10,15,27.61,188.23,240
passport,6,1,14,11,12,33.06,225.77,240
passport,4,0,13,8,13,28.81,156.97,240
license,3,0,15,4,13,29.83,76.07,114.74
passport,4,0,14,13,13,25.49,213.93,240
passport,2,0,10,5,17,34.65,131.22,173.62
license,5,1,11,3,9,26.75,40.05,82.53
license,0,0,9,6,18,26.91,99.36,153.67
nic,5,1,15,8,8,18.28,95.61,142.71
passport,4,0,10,15,15,38.87,374.95,240
license,4,0,9,6,7,29.25,125.84,169.04
license,4,0,10,6,6,27.8,120.94,168.19
passport,0,0,13,18,27,33.48,390.32,240
license,1,0,13,6,16,23.69,101.9,160.6
nic,4,0,11,12,12,19.34,139.6,218.11
nic,1,0,15,4,12,22.36,65.28,94.01
passport,5,1,11,7,7,36.48,171.05,238.87
nic,0,0,10,6,18,18.92,77.15,120.49
nic,3,0,10,11,11,15.26,99.31,155.79
license,4,0,10,5,11,21.48,87.19,115.53
nic,4,0,15,6,14,16.17,70.81,109.99
passport,6,1,13,14,14,33.76,303.78,240
license,3,0,13,12,12,26.96,203.87,240
nic,1,0,14,11,18,15.51,115.38,196.16
nic,0,0,10,10,10,24.5,163.94,240
passport,0,0,14,6,20,21.16,83.51,144.75
passport,0,0,13,9,11,32.01,191.17,240
license,0,0,14,12,12,22.01,163.64,240
license,3,0,11,11,11,22.49,154.21,240
passport,4,0,14,15,15,33.38,338.82,240
passport,3,0,15,11,14,36.53,251.17,240
license,0,0,14,12,17,24.3,190.72,240
passport,2,0,10,6,11,28.29,124.04,176.68
license,1,0,10,15,15,17.15,165.21,240
license,0,0,9,8,14,18.19,94.2,138.79
passport,2,0,11,10,10,27.7,180.36,240
nic,6,1,9,0,13,22.87,5,7.33
nic,2,0,13,11,12,17.59,124.46,203.45
passport,3,0,9,10,15,28.55,185.88,240
nic,1,0,11,10,18,10,47.63,99.77
passport,3,0,10,4,15,37.04,90.88,144.79
license,5,1,13,7,8,12.68,61.05,103.03
license,1,0,9,0,6,23.32,5,3
passport,4,0,14,9,22,38.14,225.71,240
license,6,1,14,8,8,23.53,118.17,184.33
passport,3,0,14,11,21,32.64,245.85,240
nic,3,0,13,8,17,22.09,107.3,199.81
license,4,0,9,5,5,28.12,104.29,131.06
passport,0,0,9,10,10,25.39,151.49,240
passport,0,0,9,5,12,31.34,91.58,145.2
nic,0,0,14,10,10,14.06,92.93,156.07
nic,3,0,13,8,12,19.7,112.87,175.04
license,6,1,11,8,9,27.56,132.48,202.98
nic,2,0,13,12,15,17.9,134.76,232.94
license,6,1,14,7,7,28.94,122.62,191.57
license,4,0,11,10,10,27.45,165.66,240
nic,6,1,13,9,11,14.33,74.62,116.9
license,4,0,14,9,9,24.78,142.08,227.68
passport,1,0,13,12,12,29.0,233.8,240
nic,5,1,15,11,11,16.55,122.62,175.05
license,6,1,15,14,14,23.33,214.15,240
license,6,1,15,2,12,19.44,22.32,44.06
license,5,1,14,11,13,25.62,189.36,240
nic,4,0,14,12,21,15.68,115.16,204.43
nic,6,1,13,8,11,19.69,105.48,171.04
license,5,1,15,11,12,18.27,125.43,180.73
passport,5,1,10,2,17,28.52,31.21,55.72
nic,6,1,10,5,13,15.63,53.22,70.7
passport,3,0,9,11,14,32.18,223.11,240
license,3,0,9,5,6,17.25,54.98,80.46
license,2,0,15,7,7,32.37,155.31,220.8
passport,6,1,9,7,7,26.71,130.08,165.87
nic,0,0,10,11,18,11.88,82.87,141.05
passport,6,1,14,4,16,34.29,89.77,144.2
nic,3,0,10,5,13,13.57,52.35,73.83
passport,5,1,9,8,8,28.74,165.5,216.43
passport,4,0,15,12,13,31.49,249.21,240
nic,3,0,10,5,6,13.07,51.22,64.6
nic,0,0,13,12,12,18.58,130.37,224.84
passport,4,0,15,8,13,34.32,180.49,240
passport,5,1,14,8,14,34.74,179.41,240
license,6,1,10,5,11,27.77,77.08,122.4
nic,4,0,14,12,15,15.56,125.04,201.91
passport,4,0,14,6,15,30.12,105.75,184.42
passport,5,1,13,8,14,34.95,188.54,240
license,0,0,10,8,18,27.65,136.47,224.52
license,3,0,10,12,16,25.73,192.9,240
license,2,0,11,5,5,26.13,85.94,125.01
passport,2,0,15,5,14,26.07,77.79,130.04
license,2,0,14,10,12,22.34,146.89,237.93
nic,4,0,14,10,10,19.46,127.05,211.11
passport,5,1,15,6,6,29.14,98.67,155.52
license,2,0,15,7,17,29.54,134.17,210.92
license,6,1,13,8,8,24.99,135.61,197.41
nic,3,0,11,9,9,26.04,139.47,230.1
nic,1,0,13,12,12,21.47,171.74,240
passport,6,1,13,10,17,30.67,213.81,240
license,3,0,9,5,12,19.09,47.72,91.17
license,4,0,10,6,8,22.66,92.32,122.7
nic,4,0,9,8,8,23.57,124.19,178.12
license,6,1,13,13,13,19.7,163.14,240
license,1,0,14,15,15,25.04,249.43,240
license,1,0,10,14,14,29.02,267.2,240
nic,3,0,9,9,11,16.95,101.86,140.98
passport,1,0,9,11,11,32.1,220.69,240
passport,0,0,13,18,18,32.29,362.71,240
license,5,1,9,11,11,19.89,147.04,206.2
nic,6,1,14,6,23,26.24,98.43,168.48
passport,6,1,13,7,21,32.87,145.02,227.11
license,6,1,11,7,12,28.66,125.99,186.87
nic,3,0,11,7,11,21.88,100.78,159.13
license,0,0,15,4,17,21.55,57.91,102.11
passport,3,0,9,3,17,31.4,75.35,106.13
nic,5,1,11,4,15,19.29,46.21,70.77
license,5,1,11,4,16,18.79,48.1,80.9
license,0,0,15,12,13,23.07,182.09,240
nic,1,0,14,11,15,18.68,139.57,218.68
license,5,1,14,5,12,21.09,58.18,114.83
nic,2,0,14,7,12,17.85,83.25,134.02
license,0,0,10,8,8,23.84,127.66,191.77
license,0,0,15,7,7,25.71,108.21,170.88
passport,2,0,15,5,5,30.96,100.64,155.16
passport,3,0,10,6,14,33.74,128.25,198.06
nic,3,0,15,7,14,14.5,57.28,105.48
nic,0,0,14,12,12,13.82,103.27,182.65
passport,0,0,15,7,16,35.28,162.77,240
license,2,0,13,11,11,24.23,186.44,240
passport,3,0,9,11,13,34.25,231.34,240
nic,5,1,10,4,5,15.63,33.85,48.21
license,2,0,15,8,16,27.93,139.79,220.46
license,1,0,15,4,15,23.21,63.74,92.03
license,0,0,10,8,18,24.23,135.45,206.01
license,1,0,9,4,4,19.02,46.5,65.29
license,1,0,9,7,14,22.52,105.05,150.81
nic,2,0,15,7,7,19.09,100.44,130.86
passport,1,0,13,11,20,28.71,215.13,240
license,2,0,11,7,14,23.99,116.53,172.47
nic,3,0,9,1,5,20.47,18.99,22.49
license,0,0,14,5,13,23.28,72.36,130.43
license,3,0,10,7,17,21.72,100.57,167.19
license,6,1,13,4,12,23.78,64.94,99.75
passport,1,0,9,8,9,28.63,143.27,208.49
passport,3,0,15,9,14,37.66,221.23,240
passport,6,1,15,3,13,28.97,48.36,85.23
license,2,0,10,7,16,22.39,103.06,159.64
nic,4,0,11,15,15,14.54,136.75,205.16
license,2,0,13,12,20,24.15,184.25,240
license,4,0,9,9,12,16.81,94.34,142.28
nic,0,0,11,7,8,14.13,63.16,91.41
nic,5,1,13,4,9,22.07,58.74,86.8
nic,1,0,9,5,9,14.35,51.31,68.45
license,4,0,10,12,18,24.4,180.47,240
passport,4,0,11,14,20,24.18,228.08,240
nic,4,0,14,11,15,19.65,134.69,233.57
license,3,0,11,6,14,16.86,61.11,112.76
passport,5,1,9,9,9,24.24,131.22,201.65
license,1,0,14,13,15,24.11,200.97,240
nic,4,0,13,7,9,19.08,92.73,143.58
passport,0,0,14,16,23,39.86,419.87,240
nic,4,0,15,4,14,15.7,42.2,74.38
license,0,0,15,6,7,20.15,72.92,120.62
nic,6,1,11,1,2,18.59,22.04,14.73
passport,1,0,14,11,12,30.51,218.47,240
passport,3,0,9,8,11,37.59,194.59,240
passport,4,0,14,13,18,26.67,222.3,240
nic,2,0,10,9,21,18.79,115.25,189.38
nic,0,0,11,3,15,16.06,31.57,71.14
license,5,1,14,11,11,23.14,169.18,240
nic,1,0,15,8,8,16.54,85.9,128.07
nic,3,0,11,10,10,21.62,129.58,215.38
license,1,0,14,10,14,32.89,224.32,240
passport,5,1,14,9,17,29.66,168.89,240
passport,4,0,10,12,12,32.98,255.5,240
license,3,0,13,10,12,26.75,179.62,240
nic,1,0,13,14,19,15.97,135.27,230.44
nic,4,0,13,14,16,15.76,157.12,240
nic,3,0,9,7,14,16.6,76.65,113.39
license,0,0,13,12,12,22.45,175.87,240
license,2,0,11,8,15,20.14,96.18,164.87
passport,2,0,10,12,16,24.65,181.65,240
license,5,1,15,7,10,21.83,120.37,157.78
nic,1,0,13,14,14,13.19,125.15,208.12
license,5,1,14,6,14,23.74,91.69,145.21
nic,3,0,11,9,9,25.99,149.17,229.41
passport,0,0,10,9,18,38.22,232.98,240
license,5,1,9,1,2,26.94,7.94,16.97
passport,3,0,15,10,10,33.63,226.52,240
license,5,1,10,8,8,21.78,120.2,160.35
nic,5,1,14,5,9,11.17,33.73,65.04
license,0,0,9,4,5,20.64,62.81,73.85
passport,1,0,9,3,7,32.15,63.57,86.87
nic,3,0,11,4,16,20.72,68.53,98.64
nic,0,0,11,9,16,17.59,101.5,164.19
nic,3,0,9,9,9,17.67,99.39,145.77
passport,5,1,11,14,14,31.99,282.35,240
nic,5,1,11,6,14,15.74,61.83,87.5
nic,2,0,11,5,5,18.79,66.13,87.72
nic,1,0,15,4,12,10,23.64,43.09
nic,1,0,11,4,11,19.79,63.2,89.6
nic,1,0,10,12,20,17.04,132.77,208.67
passport,6,1,15,6,6,30.11,111.86,173.82
nic,4,0,15,4,10,16.18,50.16,62.41
passport,5,1,15,2,8,34.38,36.75,61.88
passport,2,0,10,7,17,31.79,141.27,220.29
nic,2,0,15,8,8,18.22,96.97,147.41
license,0,0,10,9,16,34.84,207.46,240
nic,3,0,15,8,10,19.4,101.27,155.59
passport,0,0,9,12,12,36.39,281.87,240
license,6,1,11,10,10,28.9,182.42,240
nic,2,0,10,13,15,18.25,145.7,225.0
nic,1,0,13,10,11,23.8,166.81,239.41
passport,1,0,15,5,12,31.9,106.39,166.34
nic,0,0,14,8,10,18.87,95.63,163.57
license,5,1,15,2,9,24.6,33.83,36.74
passport,3,0,13,14,14,36.94,330.64,240
license,5,1,14,13,13,18.32,149.66,237.74
nic,1,0,10,9,10,14.88,84.54,133.48
license,2,0,15,7,12,26.0,120.42,170.57
nic,6,1,9,8,8,15.81,99.6,112.11
nic,0,0,10,6,7,14.56,42.67,77.5
passport,5,1,10,9,12,29.79,175.61,240
passport,2,0,13,12,15,31.07,243.3,240
license,1,0,10,11,11,23.52,177.91,240
nic,0,0,11,10,12,21.69,124.18,216.19
passport,1,0,9,11,12,35.8,253.98,240
nic,2,0,10,13,13,18.78,151.35,240
passport,4,0,14,18,22,33.86,398.68,240
passport,6,1,13,9,10,29.71,175.5,240
passport,0,0,9,8,16,26.95,141.96,216.07
nic,5,1,10,10,10,13.62,77.95,122.62
nic,4,0,11,12,12,13.28,93.82,161.64
passport,5,1,10,5,9,31.97,96.96,144.71
nic,1,0,9,8,9,20.65,110.78,147.93
passport,5,1,9,4,11,29.07,68.15,97.86
license,3,0,9,9,16,28.39,162.04,240
license,0,0,15,8,8,17.95,84.18,136.99
nic,6,1,10,5,6,17.8,62.14,82.57
license,5,1,9,2,12,21.16,29.09,42.6
nic,5,1,15,12,12,21.79,179.47,240
passport,2,0,11,11,11,34.01,234.43,240
nic,2,0,15,6,12,13.59,54.13,94.48
passport,4,0,15,8,14,33.09,165.53,240
passport,3,0,9,5,12,28.61,97.82,126.42
passport,5,1,15,7,17,32.11,145.32,216.34
license,0,0,15,8,12,21.1,103.08,166.37
passport,6,1,9,5,12,34.65,111.86,159.39
nic,6,1,10,8,12,18.11,86.13,127.96
license,0,0,9,4,10,19.1,51.69,72.83
license,2,0,14,8,12,21.08,95.72,175.81
nic,2,0,15,12,12,19.99,139.13,238.87
passport,6,1,14,14,16,34.72,327.72,240
license,2,0,10,9,11,19.27,103.98,173.12
nic,1,0,15,4,8,14.02,40.2,58.78
license,4,0,13,6,15,29.04,118.51,183.04
passport,2,0,14,10,10,38.82,241.38,240
passport,5,1,10,4,11,36.74,105.33,147.86
nic,3,0,10,9,17,19.64,109.6,170.37
passport,5,1,10,10,14,35.39,224.23,240
nic,2,0,15,7,8,16.35,82.97,116.41
license,6,1,10,7,15,22.39,113.88,151.74
passport,2,0,15,18,18,29.58,356.06,240
nic,5,1,10,11,11,16.95,111.2,183.21
nic,5,1,10,7,16,16.66,87.63,117.13
passport,4,0,10,11,11,38.56,282.76,240
license,6,1,9,5,11,21.81,69.7,102.52
license,3,0,15,9,9,19.85,117.63,178.16
nic,0,0,10,8,18,15.83,87.56,146.68
license,6,1,10,7,9,19.09,85.53,128.14
license,1,0,11,13,13,28.28,237.73,240
license,5,1,15,8,14,26.44,130.91,199.98
nic,3,0,14,14,18,16.18,142.66,240
nic,1,0,11,6,16,19.88,71.5,117.13
license,6,1,10,7,7,25.82,116.51,171.84
passport,2,0,14,12,12,35.46,287.67,240
nic,3,0,10,10,10,10,60.87,107.05
license,4,0,11,13,13,25.65,218.44,240
license,6,1,14,9,10,31.31,181.72,240
license,3,0,15,5,14,20.84,68.32,117.76
passport,2,0,15,6,17,30.03,111.89,178.97
nic,6,1,15,9,9,23.03,129.01,191.11
license,5,1,15,4,9,26.71,79.33,121.33
passport,0,0,9,12,12,29.54,228.88,240
passport,1,0,9,8,20,33.85,178.44,240
passport,5,1,11,6,10,36.14,151.23,199.8
nic,6,1,14,7,7,25.71,118.88,169.43
nic,1,0,9,7,8,15.16,58.15,98.46
passport,0,0,14,11,17,28.99,201.9,240
passport,6,1,9,7,7,28.12,125.86,170.34
passport,3,0,15,8,11,37.3,194.78,240
passport,2,0,10,11,12,31.01,228.2,240
license,4,0,15,6,15,23.68,98.94,164.38
license,4,0,10,13,13,29.3,244.89,240
passport,2,0,10,7,17,32.2,160.13,237.82
nic,3,0,13,9,9,14.77,101.41,153.66
nic,4,0,15,8,11,16.48,88.0,131.31
license,6,1,11,11,17,25.22,180.88,240
passport,4,0,13,10,16,29.12,180.18,240
nic,4,0,10,9,12,16.7,98.72,154.05
nic,0,0,11,5,9,21.94,80.59,102.75
license,4,0,14,8,13,29.48,141.8,234.33
nic,5,1,13,9,9,17.54,103.37,167.55
nic,4,0,13,9,21,19.88,111.69,196.28
nic,5,1,10,2,7,19.59,32.53,30.05
passport,1,0,13,12,15,28.64,231.09,240
nic,5,1,9,10,10,14.61,87.75,131.47
passport,2,0,13,14,14,32.11,289.86,240
license,6,1,14,6,12,29.6,116.14,183.03
license,3,0,10,6,14,24.01,92.04,143.17
license,2,0,13,6,14,20.94,87.72,134.03
nic,3,0,13,9,16,13.49,76.24,139.82
license,6,1,15,3,9,28.87,56.44,84.01
license,0,0,11,3,14,28.91,63.85,96.08
nic,0,0,11,8,11,18.08,81.71,143.76
passport,5,1,14,13,13,39.62,333.42,240
passport,3,0,9,6,20,38.01,153.28,232.65
passport,3,0,9,7,15,34.81,163.47,238.07
passport,3,0,15,2,9,35.85,44.91,69.08
nic,5,1,11,10,13,22.83,135.9,218.54
nic,6,1,15,4,10,17.24,37.85,62.04
license,6,1,15,6,9,23.57,87.44,126.69
license,6,1,11,6,6,17.75,68.47,90.48
license,1,0,11,9,14,20.86,124.29,183.05
passport,6,1,10,7,14,27.25,117.89,181.72
passport,6,1,14,10,10,36.58,233.85,240
license,6,1,15,5,9,26.21,86.59,114.02
nic,0,0,15,11,17,19.66,142.32,227.1
nic,1,0,10,7,7,20.59,86.44,136.53
nic,6,1,11,4,7,17.86,46.93,52.78
nic,1,0,11,5,8,10.3,27.6,59.12
nic,4,0,10,2,9,16.06,15.73,31.18
license,2,0,11,17,17,18.7,215.04,240
license,0,0,11,13,13,13.82,124.22,173.14
passport,1,0,14,14,14,33.33,295.57,240
nic,0,0,13,6,17,19.61,66.31,134.2
license,4,0,10,6,13,25.01,96.05,147.16
passport,3,0,10,14,14,33.27,303.69,240
license,2,0,11,5,11,26.25,79.28,124.35
passport,2,0,9,6,9,31.4,129.58,180.93
passport,4,0,13,9,16,21.35,129.87,209.87
nic,6,1,9,4,11,16.82,52.48,47.38
passport,2,0,9,9,9,32.66,203.17,240
nic,3,0,11,13,19,16.68,136.97,212.37
passport,5,1,9,7,7,40.31,186.72,240
license,4,0,13,13,13,31.19,267.37,240
license,5,1,9,6,6,21.81,93.98,124.51
license,1,0,10,12,15,23.5,195.49,240
passport,0,0,11,11,18,37.32,268.85,240
license,5,1,13,9,11,23.68,147.26,214.28
license,0,0,9,8,8,28.66,160.37,223.68
passport,6,1,13,8,12,33.39,167.96,240
license,4,0,9,13,13,25.61,226.18,240
nic,5,1,11,3,6,14.43,15.58,33.58
license,0,0,13,5,17,20.09,65.64,117.96
license,6,1,14,11,11,25.53,193.25,240
passport,4,0,14,12,15,33.95,256.0,240
nic,0,0,13,7,19,16.24,71.36,129.68
nic,3,0,14,10,12,15.02,98.06,171.43
passport,4,0,13,12,14,31.63,245.72,240
nic,5,1,13,6,8,18.21,81.92,124.25
nic,5,1,15,2,6,20.21,11.27,20.54
nic,3,0,10,12,14,19.97,143.29,228.48
license,6,1,13,8,14,24.85,143.96,211.16
license,1,0,10,6,8,25.86,120.07,166.67
license,1,0,10,13,15,24.23,208.26,240
passport,6,1,10,6,11,27.69,103.74,157.62
passport,6,1,10,5,16,24.64,84.85,125.81
nic,1,0,14,10,15,17.58,114.78,186.48
license,1,0,11,13,14,20.62,175.04,240
license,4,0,14,8,16,21.96,127.57,192.83
license,4,0,13,7,14,23.27,112.47,180.48
passport,1,0,9,6,14,28.94,113.44,172.71
license,0,0,14,10,19,19.43,119.93,215.2
passport,0,0,15,9,13,28.59,181.1,240
license,6,1,13,9,9,22.77,127.96,198.33
license,4,0,14,5,13,16.47,64.01,97.63
passport,6,1,9,1,11,28.44,8.21,9.53
license,6,1,9,6,8,31.88,128.32,175.57
passport,3,0,13,11,11,33.7,250.01,240
passport,1,0,11,5,8,27.42,79.86,129.76
nic,3,0,13,14,16,17.64,143.78,240
license,0,0,11,10,10,20.2,123.91,191.12
license,5,1,9,5,9,22.37,81.17,97.04
passport,5,1,11,9,13,34.61,202.51,240
nic,6,1,13,7,12,18.14,74.42,141.59
nic,1,0,10,8,10,16.65,97.65,147.88
passport,4,0,10,11,14,28.5,198.56,240
passport,0,0,15,6,13,32.91,128.48,196.92
passport,4,0,9,6,9,29.69,116.18,172.82
license,1,0,13,9,9,21.21,131.21,202.33
passport,1,0,9,6,18,35.29,138.25,203.07
passport,5,1,10,11,11,27.57,201.47,240
nic,5,1,13,11,13,14.4,111.23,180.73
license,1,0,14,6,16,24.16,89.55,163.81
nic,5,1,11,13,13,22.48,184.95,240
license,3,0,14,0,13,27.04,9.13,17.37
license,0,0,10,7,7,23.76,105.78,160.95
license,0,0,13,9,15,18.57,103.07,183.09
license,6,1,9,8,8,24.98,122.74,177.37
license,4,0,13,11,11,27.56,207.46,240
passport,5,1,11,8,10,35.42,177.9,240
nic,6,1,13,9,9,23.31,134.23,212.98
nic,1,0,10,14,18,14.81,150.08,226.52
nic,1,0,14,8,10,17.54,97.55,151.5
nic,3,0,11,9,16,18.95,104.42,157.91
license,4,0,9,7,11,18.16,88.0,128.35
license,2,0,11,11,11,25.46,182.86,240
nic,4,0,9,6,16,16.39,65.64,100.77
nic,4,0,14,7,18,23.05,105.57,180.97
license,0,0,14,9,16,26.53,145.52,240
license,6,1,10,2,11,22.02,24.05,21.06
nic,2,0,14,9,15,17.45,98.85,180.82
passport,5,1,11,6,14,31.0,126.1,182.92
nic,0,0,15,7,8,13.38,61.89,99.69
nic,4,0,13,15,17,12.87,127.78,207.3
license,2,0,11,9,17,21.22,117.56,188.08
license,0,0,14,7,12,24.44,108.63,170.73
passport,1,0,14,9,17,33.93,189.77,240
license,2,0,9,2,6,21.81,10.02,34.8
passport,5,1,14,10,10,28.46,179.83,240
license,0,0,15,6,17,25.82,103.67,163.51
nic,4,0,9,7,10,18.84,86.97,136.77
passport,4,0,15,10,10,25.98,169.71,240
nic,2,0,10,11,16,17.71,122.47,191.46
passport,6,1,9,6,6,29.0,113.68,156.93
nic,4,0,11,7,11,26.24,124.95,176.93
license,3,0,13,10,10,24.41,158.19,240
passport,6,1,9,3,11,39.84,61.79,104.79
license,5,1,11,2,12,17.0,21.67,34.9
passport,0,0,11,9,9,28.69,167.37,240
license,5,1,11,10,10,26.25,168.22,240
passport,3,0,13,13,15,34.98,300.42,240
license,3,0,14,12,23,23.58,187.81,240
license,0,0,14,7,16,26.29,113.1,192.27
license,5,1,11,14,14,27.05,236.95,240
nic,2,0,11,6,8,24.62,94.82,139.91
license,1,0,11,8,14,27.05,143.68,225.29
license,6,1,14,8,11,26.15,136.43,212.76
nic,3,0,10,9,9,26.5,147.23,234.53
nic,0,0,15,7,17,16.6,94.51,125.7
passport,0,0,11,10,12,29.45,195.06,240
license,3,0,10,5,13,27.1,104.18,145.05
passport,0,0,9,8,15,27.5,145.06,208.95
license,2,0,10,5,9,20.79,68.81,108.89
nic,6,1,15,2,10,23.33,26.59,44.35
license,5,1,11,5,5,24.46,89.68,122.05
passport,3,0,9,7,7,33.62,164.95,231.06
license,4,0,9,5,13,29.68,104.93,139.61
license,2,0,13,12,12,17.01,141.11,223.64
passport,1,0,11,11,11,28.25,199.21,240
nic,1,0,10,7,12,14.49,81.17,118.54
license,6,1,15,4,13,26.28,63.9,94.89
license,5,1,11,5,10,19.54,70.13,99.52
passport,1,0,14,17,18,27.58,304.9,240
nic,6,1,15,5,7,21.8,70.45,106.08
license,4,0,9,9,9,32.48,204.02,240
passport,1,0,11,9,16,30.44,183.08,240
nic,5,1,9,2,2,21.7,34.41,18.68
license,4,0,11,8,13,29.14,148.99,227.8
license,0,0,15,13,19,22.19,177.67,240
nic,1,0,14,12,20,23.6,173.84,240
license,2,0,10,6,14,22.99,88.32,140.08
passport,4,0,15,9,20,34.29,216.72,240
passport,0,0,15,12,17,28.05,226.28,240
license,3,0,15,4,11,25.22,64.53,116.91
nic,3,0,11,4,14,16.8,33.54,65.96
nic,0,0,14,13,18,19.32,159.99,240
passport,4,0,11,15,15,30.81,301.81,240
license,0,0,13,10,15,32.64,210.92,240
passport,4,0,13,11,15,34.87,242.34,240
passport,2,0,11,7,17,27.4,132.89,206.92
license,1,0,10,9,21,21.43,130.13,199.45
nic,1,0,9,6,6,14.27,54.49,85.15
nic,5,1,15,1,8,15.89,5,6.65
license,5,1,13,7,11,31.43,145.19,234.24
nic,6,1,10,4,8,19.28,44.81,68.5
passport,2,0,10,10,10,35.45,223.71,240
passport,1,0,14,15,19,36.43,361.96,240
nic,1,0,10,11,11,18.4,134.72,196.35
nic,4,0,14,9,15,19.67,118.22,193.85
nic,6,1,11,4,4,18.58,57.29,58.72
